VERSION {1.0}
PTDEF {instance} {pin} {cell} {edge} {clock_edge} {clock} {phase}
BANNER
  {Module} {dma}
  {Timing} {LATE}
  {Slew Propagation} {WORST}
  {Operating Condition} {slow}
  {PVT Mode} {max}
  {Tree Type} {worst_case}
  {Process} {1.000}
  {Voltage} {1.080}
  {Temperature} {125.000}
  {time unit} {1.000 ns}
  {capacitance unit} {1.000 pF}
  {resistance unit} {1.000 kOhm}
  {TOOL} {v20.14-s095_1 ((64bit) 04/19/2021 14:41 (Linux 2.6.32-431.11.2.el6.x86_64))}
  {DATE} {June 07, 2026}
END_BANNER
PATH 1
  VIEW  view_slow
  CHECK_TYPE {Setup Check}
  REF {u_fifo_rgray_s1_reg[0]} {CK}
  ENDPT {u_fifo_rgray_s1_reg[0]} {D} {DFFRHQX2} {^} {leading} {axi_clk} {axi_clk(C)(P)(view_slow)*}
  BEGINPT {u_fifo_rgray_reg[0]} {Q} {SDFFRXL} {^} {leading} {dma_clk} {dma_clk(D)(P)(view_slow)*}
  REQ_CLC
    {} {Other End Arrival Time} {0.000}
    {-} {Setup} {0.140}
    {+} {Phase Shift} {1.000}
    {+} {CPPR Adjustment} {0.000}
    {=} {Required Time} {0.860}
  END_REQ_CLC
  SLK_CLC
    {-} {Arrival Time} {0.371}
    {=} {Slack Time} {0.489}
  END_SLK_CLC
  SLK 0.489
  ARR_CLC
    {} {Clock Rise Edge} {0.000}
    {=} {Beginpoint Arrival Time} {0.000}
  END_ARR_CLC
  LAUNCH_CLK_PATH
    COLUMNS {instance} {fpin} {fedge} {tpin} {tedge} {net} {cell} {delay} {incr_delay} {slew} {load} {arrival} {required} {stolen} {fanout} {pin_location}
    PORT {} {dma_clk} {^} {} {} {dma_clk} {} {} {} {0.000} {0.088} {0.000} {0.489} {} {77} {(40.50, 87.21) } 
    NET {} {} {} {} {} {dma_clk} {} {0.000} {0.000} {0.000} {0.088} {0.000} {0.489} {} {} {} 
  END_LAUNCH_CLK_PATH 
  DATA_PATH 
    COLUMNS {instance} {fpin} {fedge} {tpin} {tedge} {net} {cell} {delay} {incr_delay} {slew} {load} {arrival} {required} {stolen} {fanout} {pin_location} 
    INST {u_fifo_rgray_reg[0]} {CK} {^} {Q} {^} {} {SDFFRXL} {0.371} {0.024} {0.146} {} {0.371} {0.860} {} {3} {(10.50, 63.94) (10.30, 64.50)} 
    NET {} {} {} {} {} {u_fifo_rgray[0]} {} {0.000} {0.000} {0.146} {0.004} {0.371} {0.860} {} {} {} 
  END_DATA_PATH
  OTHER_ARR_CLC
    {} {Clock Rise Edge} {0.000}
    {=} {Beginpoint Arrival Time} {0.000}
  END_OTHER_ARR_CLC
  CAP_CLK_PATH
    COLUMNS {instance} {fpin} {fedge} {tpin} {tedge} {net} {cell} {delay} {incr_delay} {slew} {load} {arrival} {required} {stolen} {fanout} {pin_location}
    PORT {} {axi_clk} {^} {} {} {axi_clk} {} {} {} {0.000} {0.013} {0.000} {-0.489} {} {2} {(38.30, 0.00) } 
    NET {} {} {} {} {} {axi_clk} {} {0.000} {0.000} {0.000} {0.013} {0.000} {-0.489} {} {} {} 
    INST {CTS_ccl_a_buf_00004} {A} {^} {Y} {^} {} {BUFX20} {0.000} {0.000} {0.000} {} {0.000} {-0.489} {} {66} {(27.30, 28.21) (23.50, 27.84)} 
    NET {} {} {} {} {} {CTS_2} {} {0.000} {0.000} {0.000} {0.073} {0.000} {-0.489} {} {} {} 
  END_CAP_CLK_PATH
END_PATH 1
PATH 2
  VIEW  view_slow
  CHECK_TYPE {Setup Check}
  REF {u_fifo_rgray_s1_reg[3]} {CK}
  ENDPT {u_fifo_rgray_s1_reg[3]} {D} {DFFRHQX2} {^} {leading} {axi_clk} {axi_clk(C)(P)(view_slow)*}
  BEGINPT {u_fifo_rgray_reg[3]} {Q} {SDFFRXL} {^} {leading} {dma_clk} {dma_clk(D)(P)(view_slow)*}
  REQ_CLC
    {} {Other End Arrival Time} {0.000}
    {-} {Setup} {0.132}
    {+} {Phase Shift} {1.000}
    {+} {CPPR Adjustment} {0.000}
    {=} {Required Time} {0.868}
  END_REQ_CLC
  SLK_CLC
    {-} {Arrival Time} {0.344}
    {=} {Slack Time} {0.524}
  END_SLK_CLC
  SLK 0.524
  ARR_CLC
    {} {Clock Rise Edge} {0.000}
    {=} {Beginpoint Arrival Time} {0.000}
  END_ARR_CLC
  LAUNCH_CLK_PATH
    COLUMNS {instance} {fpin} {fedge} {tpin} {tedge} {net} {cell} {delay} {incr_delay} {slew} {load} {arrival} {required} {stolen} {fanout} {pin_location}
    PORT {} {dma_clk} {^} {} {} {dma_clk} {} {} {} {0.000} {0.088} {0.000} {0.524} {} {77} {(40.50, 87.21) } 
    NET {} {} {} {} {} {dma_clk} {} {0.000} {0.000} {0.000} {0.088} {0.000} {0.524} {} {} {} 
  END_LAUNCH_CLK_PATH 
  DATA_PATH 
    COLUMNS {instance} {fpin} {fedge} {tpin} {tedge} {net} {cell} {delay} {incr_delay} {slew} {load} {arrival} {required} {stolen} {fanout} {pin_location} 
    INST {u_fifo_rgray_reg[3]} {CK} {^} {Q} {^} {} {SDFFRXL} {0.344} {0.011} {0.120} {} {0.344} {0.868} {} {3} {(22.30, 60.52) (22.10, 61.09)} 
    NET {} {} {} {} {} {u_fifo_rgray[3]} {} {0.000} {0.000} {0.120} {0.003} {0.344} {0.868} {} {} {} 
  END_DATA_PATH
  OTHER_ARR_CLC
    {} {Clock Rise Edge} {0.000}
    {=} {Beginpoint Arrival Time} {0.000}
  END_OTHER_ARR_CLC
  CAP_CLK_PATH
    COLUMNS {instance} {fpin} {fedge} {tpin} {tedge} {net} {cell} {delay} {incr_delay} {slew} {load} {arrival} {required} {stolen} {fanout} {pin_location}
    PORT {} {axi_clk} {^} {} {} {axi_clk} {} {} {} {0.000} {0.013} {0.000} {-0.524} {} {2} {(38.30, 0.00) } 
    NET {} {} {} {} {} {axi_clk} {} {0.000} {0.000} {0.000} {0.013} {0.000} {-0.524} {} {} {} 
    INST {CTS_ccl_a_buf_00004} {A} {^} {Y} {^} {} {BUFX20} {0.000} {0.000} {0.000} {} {0.000} {-0.524} {} {66} {(27.30, 28.21) (23.50, 27.84)} 
    NET {} {} {} {} {} {CTS_2} {} {0.000} {0.000} {0.000} {0.073} {0.000} {-0.524} {} {} {} 
  END_CAP_CLK_PATH
END_PATH 2
PATH 3
  VIEW  view_slow
  CHECK_TYPE {Setup Check}
  REF {u_fifo_wgray_s1_reg[2]} {CK}
  ENDPT {u_fifo_wgray_s1_reg[2]} {D} {DFFRHQX2} {^} {leading} {dma_clk} {dma_clk(C)(P)(view_slow)*}
  BEGINPT {u_fifo_wgray_reg[2]} {Q} {SDFFRXL} {^} {leading} {axi_clk} {axi_clk(D)(P)(view_slow)*}
  REQ_CLC
    {} {Other End Arrival Time} {0.000}
    {-} {Setup} {0.142}
    {+} {Phase Shift} {1.000}
    {+} {CPPR Adjustment} {0.000}
    {=} {Required Time} {0.858}
  END_REQ_CLC
  SLK_CLC
    {-} {Arrival Time} {0.301}
    {=} {Slack Time} {0.557}
  END_SLK_CLC
  SLK 0.557
  ARR_CLC
    {} {Clock Rise Edge} {0.000}
    {+} {Source Insertion Delay} {-0.088}
    {=} {Beginpoint Arrival Time} {-0.088}
  END_ARR_CLC
  LAUNCH_CLK_PATH
    COLUMNS {instance} {fpin} {fedge} {tpin} {tedge} {net} {cell} {delay} {incr_delay} {slew} {load} {arrival} {required} {stolen} {fanout} {pin_location}
    PORT {} {axi_clk} {^} {} {} {axi_clk} {} {} {} {0.000} {0.013} {-0.088} {0.470} {} {2} {(38.30, 0.00) } 
    NET {} {} {} {} {} {axi_clk} {} {0.000} {0.000} {0.000} {0.013} {-0.088} {0.470} {} {} {} 
    INST {CTS_ccl_a_buf_00004} {A} {^} {Y} {^} {} {BUFX20} {0.000} {0.000} {0.000} {} {-0.088} {0.470} {} {66} {(27.30, 28.21) (23.50, 27.84)} 
    NET {} {} {} {} {} {CTS_2} {} {0.000} {0.000} {0.000} {0.073} {-0.088} {0.470} {} {} {} 
  END_LAUNCH_CLK_PATH 
  DATA_PATH 
    COLUMNS {instance} {fpin} {fedge} {tpin} {tedge} {net} {cell} {delay} {incr_delay} {slew} {load} {arrival} {required} {stolen} {fanout} {pin_location} 
    INST {u_fifo_wgray_reg[2]} {CK} {^} {Q} {^} {} {SDFFRXL} {0.388} {0.038} {0.154} {} {0.301} {0.858} {} {3} {(10.70, 45.51) (10.50, 44.94)} 
    NET {} {} {} {} {} {u_fifo_wgray[2]} {} {0.000} {0.000} {0.154} {0.004} {0.301} {0.858} {} {} {} 
  END_DATA_PATH
  OTHER_ARR_CLC
    {} {Clock Rise Edge} {0.000}
    {=} {Beginpoint Arrival Time} {0.000}
  END_OTHER_ARR_CLC
  CAP_CLK_PATH
    COLUMNS {instance} {fpin} {fedge} {tpin} {tedge} {net} {cell} {delay} {incr_delay} {slew} {load} {arrival} {required} {stolen} {fanout} {pin_location}
    PORT {} {dma_clk} {^} {} {} {dma_clk} {} {} {} {0.000} {0.088} {0.000} {-0.557} {} {77} {(40.50, 87.21) } 
    NET {} {} {} {} {} {dma_clk} {} {0.000} {0.000} {0.000} {0.088} {0.000} {-0.557} {} {} {} 
  END_CAP_CLK_PATH
END_PATH 3
PATH 4
  VIEW  view_slow
  CHECK_TYPE {Setup Check}
  REF {u_fifo_rgray_s1_reg[4]} {CK}
  ENDPT {u_fifo_rgray_s1_reg[4]} {D} {DFFRHQX2} {^} {leading} {axi_clk} {axi_clk(C)(P)(view_slow)*}
  BEGINPT {u_fifo_rbin_reg[4]} {Q} {DFFRX2} {^} {leading} {dma_clk} {dma_clk(D)(P)(view_slow)*}
  REQ_CLC
    {} {Other End Arrival Time} {0.000}
    {-} {Setup} {0.117}
    {+} {Phase Shift} {1.000}
    {+} {CPPR Adjustment} {0.000}
    {=} {Required Time} {0.883}
  END_REQ_CLC
  SLK_CLC
    {-} {Arrival Time} {0.316}
    {=} {Slack Time} {0.567}
  END_SLK_CLC
  SLK 0.567
  ARR_CLC
    {} {Clock Rise Edge} {0.000}
    {=} {Beginpoint Arrival Time} {0.000}
  END_ARR_CLC
  LAUNCH_CLK_PATH
    COLUMNS {instance} {fpin} {fedge} {tpin} {tedge} {net} {cell} {delay} {incr_delay} {slew} {load} {arrival} {required} {stolen} {fanout} {pin_location}
    PORT {} {dma_clk} {^} {} {} {dma_clk} {} {} {} {0.000} {0.088} {0.000} {0.567} {} {77} {(40.50, 87.21) } 
    NET {} {} {} {} {} {dma_clk} {} {0.000} {0.000} {0.000} {0.088} {0.000} {0.567} {} {} {} 
  END_LAUNCH_CLK_PATH 
  DATA_PATH 
    COLUMNS {instance} {fpin} {fedge} {tpin} {tedge} {net} {cell} {delay} {incr_delay} {slew} {load} {arrival} {required} {stolen} {fanout} {pin_location} 
    INST {u_fifo_rbin_reg[4]} {CK} {^} {Q} {^} {} {DFFRX2} {0.316} {0.014} {0.073} {} {0.316} {0.883} {} {5} {(28.50, 63.94) (28.90, 64.31)} 
    NET {} {} {} {} {} {u_fifo_rgray[4]} {} {0.000} {0.000} {0.073} {0.005} {0.316} {0.883} {} {} {} 
  END_DATA_PATH
  OTHER_ARR_CLC
    {} {Clock Rise Edge} {0.000}
    {=} {Beginpoint Arrival Time} {0.000}
  END_OTHER_ARR_CLC
  CAP_CLK_PATH
    COLUMNS {instance} {fpin} {fedge} {tpin} {tedge} {net} {cell} {delay} {incr_delay} {slew} {load} {arrival} {required} {stolen} {fanout} {pin_location}
    PORT {} {axi_clk} {^} {} {} {axi_clk} {} {} {} {0.000} {0.013} {0.000} {-0.567} {} {2} {(38.30, 0.00) } 
    NET {} {} {} {} {} {axi_clk} {} {0.000} {0.000} {0.000} {0.013} {0.000} {-0.567} {} {} {} 
    INST {CTS_ccl_a_buf_00004} {A} {^} {Y} {^} {} {BUFX20} {0.000} {0.000} {0.000} {} {0.000} {-0.567} {} {66} {(27.30, 28.21) (23.50, 27.84)} 
    NET {} {} {} {} {} {CTS_2} {} {0.000} {0.000} {0.000} {0.073} {0.000} {-0.567} {} {} {} 
  END_CAP_CLK_PATH
END_PATH 4
PATH 5
  VIEW  view_slow
  CHECK_TYPE {Setup Check}
  REF {done_s1_reg} {CK}
  ENDPT {done_s1_reg} {D} {DFFRXL} {^} {leading} {axi_clk} {axi_clk(C)(P)(view_slow)*}
  BEGINPT {u_dma_done_reg} {Q} {DFFRHQX2} {^} {leading} {dma_clk} {dma_clk(D)(P)(view_slow)*}
  REQ_CLC
    {} {Other End Arrival Time} {0.000}
    {-} {Setup} {0.128}
    {+} {Phase Shift} {1.000}
    {+} {CPPR Adjustment} {0.000}
    {=} {Required Time} {0.872}
  END_REQ_CLC
  SLK_CLC
    {-} {Arrival Time} {0.295}
    {=} {Slack Time} {0.577}
  END_SLK_CLC
  SLK 0.577
  ARR_CLC
    {} {Clock Rise Edge} {0.000}
    {=} {Beginpoint Arrival Time} {0.000}
  END_ARR_CLC
  LAUNCH_CLK_PATH
    COLUMNS {instance} {fpin} {fedge} {tpin} {tedge} {net} {cell} {delay} {incr_delay} {slew} {load} {arrival} {required} {stolen} {fanout} {pin_location}
    PORT {} {dma_clk} {^} {} {} {dma_clk} {} {} {} {0.000} {0.088} {0.000} {0.577} {} {77} {(40.50, 87.21) } 
    NET {} {} {} {} {} {dma_clk} {} {0.000} {0.000} {0.000} {0.088} {0.000} {0.577} {} {} {} 
  END_LAUNCH_CLK_PATH 
  DATA_PATH 
    COLUMNS {instance} {fpin} {fedge} {tpin} {tedge} {net} {cell} {delay} {incr_delay} {slew} {load} {arrival} {required} {stolen} {fanout} {pin_location} 
    INST {u_dma_done_reg} {CK} {^} {Q} {^} {} {DFFRHQX2} {0.295} {0.005} {0.070} {} {0.295} {0.872} {} {3} {(27.50, 65.84) (27.10, 65.64)} 
    NET {} {} {} {} {} {done} {} {0.000} {0.000} {0.070} {0.005} {0.295} {0.872} {} {} {} 
  END_DATA_PATH
  OTHER_ARR_CLC
    {} {Clock Rise Edge} {0.000}
    {=} {Beginpoint Arrival Time} {0.000}
  END_OTHER_ARR_CLC
  CAP_CLK_PATH
    COLUMNS {instance} {fpin} {fedge} {tpin} {tedge} {net} {cell} {delay} {incr_delay} {slew} {load} {arrival} {required} {stolen} {fanout} {pin_location}
    PORT {} {axi_clk} {^} {} {} {axi_clk} {} {} {} {0.000} {0.013} {0.000} {-0.577} {} {2} {(38.30, 0.00) } 
    NET {} {} {} {} {} {axi_clk} {} {0.000} {0.000} {0.000} {0.013} {0.000} {-0.577} {} {} {} 
    INST {CTS_ccl_a_buf_00004} {A} {^} {Y} {^} {} {BUFX20} {0.000} {0.000} {0.000} {} {0.000} {-0.577} {} {66} {(27.30, 28.21) (23.50, 27.84)} 
    NET {} {} {} {} {} {CTS_2} {} {0.000} {0.000} {0.000} {0.073} {0.000} {-0.577} {} {} {} 
  END_CAP_CLK_PATH
END_PATH 5
PATH 6
  VIEW  view_slow
  CHECK_TYPE {Setup Check}
  REF {u_fifo_wgray_s1_reg[1]} {CK}
  ENDPT {u_fifo_wgray_s1_reg[1]} {D} {DFFRHQX2} {^} {leading} {dma_clk} {dma_clk(C)(P)(view_slow)*}
  BEGINPT {u_fifo_wgray_reg[1]} {Q} {SDFFRXL} {^} {leading} {axi_clk} {axi_clk(D)(P)(view_slow)*}
  REQ_CLC
    {} {Other End Arrival Time} {0.000}
    {-} {Setup} {0.131}
    {+} {Phase Shift} {1.000}
    {+} {CPPR Adjustment} {0.000}
    {=} {Required Time} {0.869}
  END_REQ_CLC
  SLK_CLC
    {-} {Arrival Time} {0.280}
    {=} {Slack Time} {0.590}
  END_SLK_CLC
  SLK 0.590
  ARR_CLC
    {} {Clock Rise Edge} {0.000}
    {+} {Source Insertion Delay} {-0.088}
    {=} {Beginpoint Arrival Time} {-0.088}
  END_ARR_CLC
  LAUNCH_CLK_PATH
    COLUMNS {instance} {fpin} {fedge} {tpin} {tedge} {net} {cell} {delay} {incr_delay} {slew} {load} {arrival} {required} {stolen} {fanout} {pin_location}
    PORT {} {axi_clk} {^} {} {} {axi_clk} {} {} {} {0.000} {0.013} {-0.088} {0.502} {} {2} {(38.30, 0.00) } 
    NET {} {} {} {} {} {axi_clk} {} {0.000} {0.000} {0.000} {0.013} {-0.088} {0.502} {} {} {} 
    INST {CTS_ccl_a_buf_00004} {A} {^} {Y} {^} {} {BUFX20} {0.000} {0.000} {0.000} {} {-0.088} {0.502} {} {66} {(27.30, 28.21) (23.50, 27.84)} 
    NET {} {} {} {} {} {CTS_2} {} {0.000} {0.000} {0.000} {0.073} {-0.088} {0.502} {} {} {} 
  END_LAUNCH_CLK_PATH 
  DATA_PATH 
    COLUMNS {instance} {fpin} {fedge} {tpin} {tedge} {net} {cell} {delay} {incr_delay} {slew} {load} {arrival} {required} {stolen} {fanout} {pin_location} 
    INST {u_fifo_wgray_reg[1]} {CK} {^} {Q} {^} {} {SDFFRXL} {0.367} {0.036} {0.117} {} {0.279} {0.869} {} {3} {(15.10, 43.41) (14.90, 43.98)} 
    NET {} {} {} {} {} {u_fifo_wgray[1]} {} {0.000} {0.000} {0.117} {0.003} {0.280} {0.869} {} {} {} 
  END_DATA_PATH
  OTHER_ARR_CLC
    {} {Clock Rise Edge} {0.000}
    {=} {Beginpoint Arrival Time} {0.000}
  END_OTHER_ARR_CLC
  CAP_CLK_PATH
    COLUMNS {instance} {fpin} {fedge} {tpin} {tedge} {net} {cell} {delay} {incr_delay} {slew} {load} {arrival} {required} {stolen} {fanout} {pin_location}
    PORT {} {dma_clk} {^} {} {} {dma_clk} {} {} {} {0.000} {0.088} {0.000} {-0.590} {} {77} {(40.50, 87.21) } 
    NET {} {} {} {} {} {dma_clk} {} {0.000} {0.000} {0.000} {0.088} {0.000} {-0.590} {} {} {} 
  END_CAP_CLK_PATH
END_PATH 6
PATH 7
  VIEW  view_slow
  CHECK_TYPE {Setup Check}
  REF {u_fifo_rgray_s1_reg[1]} {CK}
  ENDPT {u_fifo_rgray_s1_reg[1]} {D} {DFFRHQX2} {^} {leading} {axi_clk} {axi_clk(C)(P)(view_slow)*}
  BEGINPT {u_fifo_rgray_reg[1]} {Q} {SDFFRHQX1} {^} {leading} {dma_clk} {dma_clk(D)(P)(view_slow)*}
  REQ_CLC
    {} {Other End Arrival Time} {0.000}
    {-} {Setup} {0.118}
    {+} {Phase Shift} {1.000}
    {+} {CPPR Adjustment} {0.000}
    {=} {Required Time} {0.882}
  END_REQ_CLC
  SLK_CLC
    {-} {Arrival Time} {0.279}
    {=} {Slack Time} {0.602}
  END_SLK_CLC
  SLK 0.602
  ARR_CLC
    {} {Clock Rise Edge} {0.000}
    {=} {Beginpoint Arrival Time} {0.000}
  END_ARR_CLC
  LAUNCH_CLK_PATH
    COLUMNS {instance} {fpin} {fedge} {tpin} {tedge} {net} {cell} {delay} {incr_delay} {slew} {load} {arrival} {required} {stolen} {fanout} {pin_location}
    PORT {} {dma_clk} {^} {} {} {dma_clk} {} {} {} {0.000} {0.088} {0.000} {0.602} {} {77} {(40.50, 87.21) } 
    NET {} {} {} {} {} {dma_clk} {} {0.000} {0.000} {0.000} {0.088} {0.000} {0.602} {} {} {} 
  END_LAUNCH_CLK_PATH 
  DATA_PATH 
    COLUMNS {instance} {fpin} {fedge} {tpin} {tedge} {net} {cell} {delay} {incr_delay} {slew} {load} {arrival} {required} {stolen} {fanout} {pin_location} 
    INST {u_fifo_rgray_reg[1]} {CK} {^} {Q} {^} {} {SDFFRHQX1} {0.279} {0.002} {0.078} {} {0.279} {0.882} {} {2} {(15.70, 62.41) (15.30, 62.04)} 
    NET {} {} {} {} {} {u_fifo_rgray[1]} {} {0.000} {0.000} {0.078} {0.004} {0.279} {0.882} {} {} {} 
  END_DATA_PATH
  OTHER_ARR_CLC
    {} {Clock Rise Edge} {0.000}
    {=} {Beginpoint Arrival Time} {0.000}
  END_OTHER_ARR_CLC
  CAP_CLK_PATH
    COLUMNS {instance} {fpin} {fedge} {tpin} {tedge} {net} {cell} {delay} {incr_delay} {slew} {load} {arrival} {required} {stolen} {fanout} {pin_location}
    PORT {} {axi_clk} {^} {} {} {axi_clk} {} {} {} {0.000} {0.013} {0.000} {-0.602} {} {2} {(38.30, 0.00) } 
    NET {} {} {} {} {} {axi_clk} {} {0.000} {0.000} {0.000} {0.013} {0.000} {-0.602} {} {} {} 
    INST {CTS_ccl_a_buf_00004} {A} {^} {Y} {^} {} {BUFX20} {0.000} {0.000} {0.000} {} {0.000} {-0.602} {} {66} {(27.30, 28.21) (23.50, 27.84)} 
    NET {} {} {} {} {} {CTS_2} {} {0.000} {0.000} {0.000} {0.073} {0.000} {-0.602} {} {} {} 
  END_CAP_CLK_PATH
END_PATH 7
PATH 8
  VIEW  view_slow
  CHECK_TYPE {Setup Check}
  REF {u_fifo_wgray_s1_reg[3]} {CK}
  ENDPT {u_fifo_wgray_s1_reg[3]} {D} {DFFRHQX2} {^} {leading} {dma_clk} {dma_clk(C)(P)(view_slow)*}
  BEGINPT {u_fifo_wgray_reg[3]} {Q} {SDFFRXL} {^} {leading} {axi_clk} {axi_clk(D)(P)(view_slow)*}
  REQ_CLC
    {} {Other End Arrival Time} {0.000}
    {-} {Setup} {0.135}
    {+} {Phase Shift} {1.000}
    {+} {CPPR Adjustment} {0.000}
    {=} {Required Time} {0.865}
  END_REQ_CLC
  SLK_CLC
    {-} {Arrival Time} {0.262}
    {=} {Slack Time} {0.602}
  END_SLK_CLC
  SLK 0.602
  ARR_CLC
    {} {Clock Rise Edge} {0.000}
    {+} {Source Insertion Delay} {-0.088}
    {=} {Beginpoint Arrival Time} {-0.088}
  END_ARR_CLC
  LAUNCH_CLK_PATH
    COLUMNS {instance} {fpin} {fedge} {tpin} {tedge} {net} {cell} {delay} {incr_delay} {slew} {load} {arrival} {required} {stolen} {fanout} {pin_location}
    PORT {} {axi_clk} {^} {} {} {axi_clk} {} {} {} {0.000} {0.013} {-0.088} {0.515} {} {2} {(38.30, 0.00) } 
    NET {} {} {} {} {} {axi_clk} {} {0.000} {0.000} {0.000} {0.013} {-0.088} {0.515} {} {} {} 
    INST {CTS_ccl_a_buf_00004} {A} {^} {Y} {^} {} {BUFX20} {0.000} {0.000} {0.000} {} {-0.088} {0.515} {} {66} {(27.30, 28.21) (23.50, 27.84)} 
    NET {} {} {} {} {} {CTS_2} {} {0.000} {0.000} {0.000} {0.073} {-0.088} {0.515} {} {} {} 
  END_LAUNCH_CLK_PATH 
  DATA_PATH 
    COLUMNS {instance} {fpin} {fedge} {tpin} {tedge} {net} {cell} {delay} {incr_delay} {slew} {load} {arrival} {required} {stolen} {fanout} {pin_location} 
    INST {u_fifo_wgray_reg[3]} {CK} {^} {Q} {^} {} {SDFFRXL} {0.350} {0.010} {0.132} {} {0.262} {0.865} {} {3} {(20.70, 45.51) (20.50, 44.94)} 
    NET {} {} {} {} {} {u_fifo_wgray[3]} {} {0.000} {0.000} {0.132} {0.003} {0.262} {0.865} {} {} {} 
  END_DATA_PATH
  OTHER_ARR_CLC
    {} {Clock Rise Edge} {0.000}
    {=} {Beginpoint Arrival Time} {0.000}
  END_OTHER_ARR_CLC
  CAP_CLK_PATH
    COLUMNS {instance} {fpin} {fedge} {tpin} {tedge} {net} {cell} {delay} {incr_delay} {slew} {load} {arrival} {required} {stolen} {fanout} {pin_location}
    PORT {} {dma_clk} {^} {} {} {dma_clk} {} {} {} {0.000} {0.088} {0.000} {-0.602} {} {77} {(40.50, 87.21) } 
    NET {} {} {} {} {} {dma_clk} {} {0.000} {0.000} {0.000} {0.088} {0.000} {-0.602} {} {} {} 
  END_CAP_CLK_PATH
END_PATH 8
PATH 9
  VIEW  view_slow
  CHECK_TYPE {Setup Check}
  REF {u_fifo_rgray_s1_reg[2]} {CK}
  ENDPT {u_fifo_rgray_s1_reg[2]} {D} {DFFRHQX2} {^} {leading} {axi_clk} {axi_clk(C)(P)(view_slow)*}
  BEGINPT {u_fifo_rgray_reg[2]} {Q} {SDFFRHQX1} {^} {leading} {dma_clk} {dma_clk(D)(P)(view_slow)*}
  REQ_CLC
    {} {Other End Arrival Time} {0.000}
    {-} {Setup} {0.115}
    {+} {Phase Shift} {1.000}
    {+} {CPPR Adjustment} {0.000}
    {=} {Required Time} {0.885}
  END_REQ_CLC
  SLK_CLC
    {-} {Arrival Time} {0.275}
    {=} {Slack Time} {0.610}
  END_SLK_CLC
  SLK 0.610
  ARR_CLC
    {} {Clock Rise Edge} {0.000}
    {=} {Beginpoint Arrival Time} {0.000}
  END_ARR_CLC
  LAUNCH_CLK_PATH
    COLUMNS {instance} {fpin} {fedge} {tpin} {tedge} {net} {cell} {delay} {incr_delay} {slew} {load} {arrival} {required} {stolen} {fanout} {pin_location}
    PORT {} {dma_clk} {^} {} {} {dma_clk} {} {} {} {0.000} {0.088} {0.000} {0.610} {} {77} {(40.50, 87.21) } 
    NET {} {} {} {} {} {dma_clk} {} {0.000} {0.000} {0.000} {0.088} {0.000} {0.610} {} {} {} 
  END_LAUNCH_CLK_PATH 
  DATA_PATH 
    COLUMNS {instance} {fpin} {fedge} {tpin} {tedge} {net} {cell} {delay} {incr_delay} {slew} {load} {arrival} {required} {stolen} {fanout} {pin_location} 
    INST {u_fifo_rgray_reg[2]} {CK} {^} {Q} {^} {} {SDFFRHQX1} {0.274} {0.003} {0.068} {} {0.274} {0.885} {} {2} {(15.50, 60.70) (15.10, 61.09)} 
    NET {} {} {} {} {} {u_fifo_rgray[2]} {} {0.000} {0.000} {0.068} {0.003} {0.275} {0.885} {} {} {} 
  END_DATA_PATH
  OTHER_ARR_CLC
    {} {Clock Rise Edge} {0.000}
    {=} {Beginpoint Arrival Time} {0.000}
  END_OTHER_ARR_CLC
  CAP_CLK_PATH
    COLUMNS {instance} {fpin} {fedge} {tpin} {tedge} {net} {cell} {delay} {incr_delay} {slew} {load} {arrival} {required} {stolen} {fanout} {pin_location}
    PORT {} {axi_clk} {^} {} {} {axi_clk} {} {} {} {0.000} {0.013} {0.000} {-0.610} {} {2} {(38.30, 0.00) } 
    NET {} {} {} {} {} {axi_clk} {} {0.000} {0.000} {0.000} {0.013} {0.000} {-0.610} {} {} {} 
    INST {CTS_ccl_a_buf_00004} {A} {^} {Y} {^} {} {BUFX20} {0.000} {0.000} {0.000} {} {0.000} {-0.610} {} {66} {(27.30, 28.21) (23.50, 27.84)} 
    NET {} {} {} {} {} {CTS_2} {} {0.000} {0.000} {0.000} {0.073} {0.000} {-0.610} {} {} {} 
  END_CAP_CLK_PATH
END_PATH 9
PATH 10
  VIEW  view_slow
  CHECK_TYPE {Setup Check}
  REF {stog_s1_reg} {CK}
  ENDPT {stog_s1_reg} {D} {DFFRHQX2} {^} {leading} {dma_clk} {dma_clk(C)(P)(view_slow)*}
  BEGINPT {start_tog_reg} {Q} {SDFFRXL} {^} {leading} {axi_clk} {axi_clk(D)(P)(view_slow)*}
  REQ_CLC
    {} {Other End Arrival Time} {0.000}
    {-} {Setup} {0.128}
    {+} {Phase Shift} {1.000}
    {+} {CPPR Adjustment} {0.000}
    {=} {Required Time} {0.872}
  END_REQ_CLC
  SLK_CLC
    {-} {Arrival Time} {0.243}
    {=} {Slack Time} {0.628}
  END_SLK_CLC
  SLK 0.628
  ARR_CLC
    {} {Clock Rise Edge} {0.000}
    {+} {Source Insertion Delay} {-0.088}
    {=} {Beginpoint Arrival Time} {-0.088}
  END_ARR_CLC
  LAUNCH_CLK_PATH
    COLUMNS {instance} {fpin} {fedge} {tpin} {tedge} {net} {cell} {delay} {incr_delay} {slew} {load} {arrival} {required} {stolen} {fanout} {pin_location}
    PORT {} {axi_clk} {^} {} {} {axi_clk} {} {} {} {0.000} {0.013} {-0.088} {0.541} {} {2} {(38.30, 0.00) } 
    NET {} {} {} {} {} {axi_clk} {} {0.000} {0.000} {0.000} {0.013} {-0.088} {0.541} {} {} {} 
    INST {CTS_ccl_a_buf_00004} {A} {^} {Y} {^} {} {BUFX20} {0.000} {0.000} {0.000} {} {-0.088} {0.541} {} {66} {(27.30, 28.21) (23.50, 27.84)} 
    NET {} {} {} {} {} {CTS_2} {} {0.000} {0.000} {0.000} {0.073} {-0.088} {0.541} {} {} {} 
  END_LAUNCH_CLK_PATH 
  DATA_PATH 
    COLUMNS {instance} {fpin} {fedge} {tpin} {tedge} {net} {cell} {delay} {incr_delay} {slew} {load} {arrival} {required} {stolen} {fanout} {pin_location} 
    INST {start_tog_reg} {CK} {^} {Q} {^} {} {SDFFRXL} {0.331} {0.004} {0.110} {} {0.243} {0.872} {} {3} {(32.10, 53.68) (31.90, 54.25)} 
    NET {} {} {} {} {} {start_tog} {} {0.000} {0.000} {0.110} {0.003} {0.243} {0.872} {} {} {} 
  END_DATA_PATH
  OTHER_ARR_CLC
    {} {Clock Rise Edge} {0.000}
    {=} {Beginpoint Arrival Time} {0.000}
  END_OTHER_ARR_CLC
  CAP_CLK_PATH
    COLUMNS {instance} {fpin} {fedge} {tpin} {tedge} {net} {cell} {delay} {incr_delay} {slew} {load} {arrival} {required} {stolen} {fanout} {pin_location}
    PORT {} {dma_clk} {^} {} {} {dma_clk} {} {} {} {0.000} {0.088} {0.000} {-0.628} {} {77} {(40.50, 87.21) } 
    NET {} {} {} {} {} {dma_clk} {} {0.000} {0.000} {0.000} {0.088} {0.000} {-0.628} {} {} {} 
  END_CAP_CLK_PATH
END_PATH 10
PATH 11
  VIEW  view_slow
  CHECK_TYPE {Setup Check}
  REF {u_fifo_wgray_s1_reg[0]} {CK}
  ENDPT {u_fifo_wgray_s1_reg[0]} {D} {DFFRHQX2} {^} {leading} {dma_clk} {dma_clk(C)(P)(view_slow)*}
  BEGINPT {u_fifo_wgray_reg[0]} {Q} {SDFFRHQX1} {^} {leading} {axi_clk} {axi_clk(D)(P)(view_slow)*}
  REQ_CLC
    {} {Other End Arrival Time} {0.000}
    {-} {Setup} {0.128}
    {+} {Phase Shift} {1.000}
    {+} {CPPR Adjustment} {0.000}
    {=} {Required Time} {0.872}
  END_REQ_CLC
  SLK_CLC
    {-} {Arrival Time} {0.223}
    {=} {Slack Time} {0.649}
  END_SLK_CLC
  SLK 0.649
  ARR_CLC
    {} {Clock Rise Edge} {0.000}
    {+} {Source Insertion Delay} {-0.088}
    {=} {Beginpoint Arrival Time} {-0.088}
  END_ARR_CLC
  LAUNCH_CLK_PATH
    COLUMNS {instance} {fpin} {fedge} {tpin} {tedge} {net} {cell} {delay} {incr_delay} {slew} {load} {arrival} {required} {stolen} {fanout} {pin_location}
    PORT {} {axi_clk} {^} {} {} {axi_clk} {} {} {} {0.000} {0.013} {-0.088} {0.561} {} {2} {(38.30, 0.00) } 
    NET {} {} {} {} {} {axi_clk} {} {0.000} {0.000} {0.000} {0.013} {-0.088} {0.561} {} {} {} 
    INST {CTS_ccl_a_buf_00004} {A} {^} {Y} {^} {} {BUFX20} {0.000} {0.000} {0.000} {} {-0.088} {0.561} {} {66} {(27.30, 28.21) (23.50, 27.84)} 
    NET {} {} {} {} {} {CTS_2} {} {0.000} {0.000} {0.000} {0.073} {-0.088} {0.561} {} {} {} 
  END_LAUNCH_CLK_PATH 
  DATA_PATH 
    COLUMNS {instance} {fpin} {fedge} {tpin} {tedge} {net} {cell} {delay} {incr_delay} {slew} {load} {arrival} {required} {stolen} {fanout} {pin_location} 
    INST {u_fifo_wgray_reg[0]} {CK} {^} {Q} {^} {} {SDFFRHQX1} {0.311} {0.018} {0.108} {} {0.223} {0.872} {} {2} {(9.90, 41.90) (9.50, 41.52)} 
    NET {} {} {} {} {} {u_fifo_wgray[0]} {} {0.000} {0.000} {0.108} {0.006} {0.223} {0.872} {} {} {} 
  END_DATA_PATH
  OTHER_ARR_CLC
    {} {Clock Rise Edge} {0.000}
    {=} {Beginpoint Arrival Time} {0.000}
  END_OTHER_ARR_CLC
  CAP_CLK_PATH
    COLUMNS {instance} {fpin} {fedge} {tpin} {tedge} {net} {cell} {delay} {incr_delay} {slew} {load} {arrival} {required} {stolen} {fanout} {pin_location}
    PORT {} {dma_clk} {^} {} {} {dma_clk} {} {} {} {0.000} {0.088} {0.000} {-0.649} {} {77} {(40.50, 87.21) } 
    NET {} {} {} {} {} {dma_clk} {} {0.000} {0.000} {0.000} {0.088} {0.000} {-0.649} {} {} {} 
  END_CAP_CLK_PATH
END_PATH 11
PATH 12
  VIEW  view_slow
  CHECK_TYPE {Setup Check}
  REF {u_fifo_wgray_s1_reg[4]} {CK}
  ENDPT {u_fifo_wgray_s1_reg[4]} {D} {DFFRHQX2} {^} {leading} {dma_clk} {dma_clk(C)(P)(view_slow)*}
  BEGINPT {u_fifo_wbin_reg[4]} {Q} {DFFRX2} {^} {leading} {axi_clk} {axi_clk(D)(P)(view_slow)*}
  REQ_CLC
    {} {Other End Arrival Time} {0.000}
    {-} {Setup} {0.117}
    {+} {Phase Shift} {1.000}
    {+} {CPPR Adjustment} {0.000}
    {=} {Required Time} {0.883}
  END_REQ_CLC
  SLK_CLC
    {-} {Arrival Time} {0.221}
    {=} {Slack Time} {0.662}
  END_SLK_CLC
  SLK 0.662
  ARR_CLC
    {} {Clock Rise Edge} {0.000}
    {+} {Source Insertion Delay} {-0.088}
    {=} {Beginpoint Arrival Time} {-0.088}
  END_ARR_CLC
  LAUNCH_CLK_PATH
    COLUMNS {instance} {fpin} {fedge} {tpin} {tedge} {net} {cell} {delay} {incr_delay} {slew} {load} {arrival} {required} {stolen} {fanout} {pin_location}
    PORT {} {axi_clk} {^} {} {} {axi_clk} {} {} {} {0.000} {0.013} {-0.088} {0.575} {} {2} {(38.30, 0.00) } 
    NET {} {} {} {} {} {axi_clk} {} {0.000} {0.000} {0.000} {0.013} {-0.088} {0.575} {} {} {} 
    INST {CTS_ccl_a_buf_00004} {A} {^} {Y} {^} {} {BUFX20} {0.000} {0.000} {0.000} {} {-0.088} {0.575} {} {66} {(27.30, 28.21) (23.50, 27.84)} 
    NET {} {} {} {} {} {CTS_2} {} {0.000} {0.000} {0.000} {0.073} {-0.088} {0.575} {} {} {} 
  END_LAUNCH_CLK_PATH 
  DATA_PATH 
    COLUMNS {instance} {fpin} {fedge} {tpin} {tedge} {net} {cell} {delay} {incr_delay} {slew} {load} {arrival} {required} {stolen} {fanout} {pin_location} 
    INST {u_fifo_wbin_reg[4]} {CK} {^} {Q} {^} {} {DFFRX2} {0.308} {0.006} {0.074} {} {0.220} {0.883} {} {5} {(24.10, 43.41) (24.50, 43.80)} 
    NET {} {} {} {} {} {u_fifo_wgray[4]} {} {0.000} {0.000} {0.074} {0.005} {0.221} {0.883} {} {} {} 
  END_DATA_PATH
  OTHER_ARR_CLC
    {} {Clock Rise Edge} {0.000}
    {=} {Beginpoint Arrival Time} {0.000}
  END_OTHER_ARR_CLC
  CAP_CLK_PATH
    COLUMNS {instance} {fpin} {fedge} {tpin} {tedge} {net} {cell} {delay} {incr_delay} {slew} {load} {arrival} {required} {stolen} {fanout} {pin_location}
    PORT {} {dma_clk} {^} {} {} {dma_clk} {} {} {} {0.000} {0.088} {0.000} {-0.662} {} {77} {(40.50, 87.21) } 
    NET {} {} {} {} {} {dma_clk} {} {0.000} {0.000} {0.000} {0.088} {0.000} {-0.662} {} {} {} 
  END_CAP_CLK_PATH
END_PATH 12
PATH 13
  VIEW  view_slow
  CHECK_TYPE {Setup Check}
  REF {len_s1_reg[14]} {CK}
  ENDPT {len_s1_reg[14]} {D} {DFFRHQX2} {^} {leading} {dma_clk} {dma_clk(C)(P)(view_slow)*}
  BEGINPT {length_latch_reg[14]} {Q} {SDFFRHQX1} {^} {leading} {axi_clk} {axi_clk(D)(P)(view_slow)*}
  REQ_CLC
    {} {Other End Arrival Time} {0.000}
    {-} {Setup} {0.118}
    {+} {Phase Shift} {1.000}
    {+} {CPPR Adjustment} {0.000}
    {=} {Required Time} {0.882}
  END_REQ_CLC
  SLK_CLC
    {-} {Arrival Time} {0.196}
    {=} {Slack Time} {0.686}
  END_SLK_CLC
  SLK 0.686
  ARR_CLC
    {} {Clock Rise Edge} {0.000}
    {+} {Source Insertion Delay} {-0.088}
    {=} {Beginpoint Arrival Time} {-0.088}
  END_ARR_CLC
  LAUNCH_CLK_PATH
    COLUMNS {instance} {fpin} {fedge} {tpin} {tedge} {net} {cell} {delay} {incr_delay} {slew} {load} {arrival} {required} {stolen} {fanout} {pin_location}
    PORT {} {axi_clk} {^} {} {} {axi_clk} {} {} {} {0.000} {0.013} {-0.088} {0.598} {} {2} {(38.30, 0.00) } 
    NET {} {} {} {} {} {axi_clk} {} {0.000} {0.000} {0.000} {0.013} {-0.088} {0.598} {} {} {} 
    INST {CTS_ccl_a_buf_00004} {A} {^} {Y} {^} {} {BUFX20} {0.000} {0.000} {0.000} {} {-0.088} {0.598} {} {66} {(27.30, 28.21) (23.50, 27.84)} 
    NET {} {} {} {} {} {CTS_2} {} {0.000} {0.000} {0.000} {0.073} {-0.088} {0.598} {} {} {} 
  END_LAUNCH_CLK_PATH 
  DATA_PATH 
    COLUMNS {instance} {fpin} {fedge} {tpin} {tedge} {net} {cell} {delay} {incr_delay} {slew} {load} {arrival} {required} {stolen} {fanout} {pin_location} 
    INST {length_latch_reg[14]} {CK} {^} {Q} {^} {} {SDFFRHQX1} {0.283} {0.006} {0.079} {} {0.196} {0.881} {} {2} {(30.50, 50.45) (30.10, 50.83)} 
    NET {} {} {} {} {} {length_latch[14]} {} {0.000} {0.000} {0.079} {0.004} {0.196} {0.882} {} {} {} 
  END_DATA_PATH
  OTHER_ARR_CLC
    {} {Clock Rise Edge} {0.000}
    {=} {Beginpoint Arrival Time} {0.000}
  END_OTHER_ARR_CLC
  CAP_CLK_PATH
    COLUMNS {instance} {fpin} {fedge} {tpin} {tedge} {net} {cell} {delay} {incr_delay} {slew} {load} {arrival} {required} {stolen} {fanout} {pin_location}
    PORT {} {dma_clk} {^} {} {} {dma_clk} {} {} {} {0.000} {0.088} {0.000} {-0.686} {} {77} {(40.50, 87.21) } 
    NET {} {} {} {} {} {dma_clk} {} {0.000} {0.000} {0.000} {0.088} {0.000} {-0.686} {} {} {} 
  END_CAP_CLK_PATH
END_PATH 13
PATH 14
  VIEW  view_slow
  CHECK_TYPE {Setup Check}
  REF {len_s1_reg[12]} {CK}
  ENDPT {len_s1_reg[12]} {D} {DFFRHQX2} {^} {leading} {dma_clk} {dma_clk(C)(P)(view_slow)*}
  BEGINPT {length_latch_reg[12]} {Q} {SDFFRHQX1} {^} {leading} {axi_clk} {axi_clk(D)(P)(view_slow)*}
  REQ_CLC
    {} {Other End Arrival Time} {0.000}
    {-} {Setup} {0.118}
    {+} {Phase Shift} {1.000}
    {+} {CPPR Adjustment} {0.000}
    {=} {Required Time} {0.882}
  END_REQ_CLC
  SLK_CLC
    {-} {Arrival Time} {0.193}
    {=} {Slack Time} {0.689}
  END_SLK_CLC
  SLK 0.689
  ARR_CLC
    {} {Clock Rise Edge} {0.000}
    {+} {Source Insertion Delay} {-0.088}
    {=} {Beginpoint Arrival Time} {-0.088}
  END_ARR_CLC
  LAUNCH_CLK_PATH
    COLUMNS {instance} {fpin} {fedge} {tpin} {tedge} {net} {cell} {delay} {incr_delay} {slew} {load} {arrival} {required} {stolen} {fanout} {pin_location}
    PORT {} {axi_clk} {^} {} {} {axi_clk} {} {} {} {0.000} {0.013} {-0.088} {0.602} {} {2} {(38.30, 0.00) } 
    NET {} {} {} {} {} {axi_clk} {} {0.000} {0.000} {0.000} {0.013} {-0.088} {0.602} {} {} {} 
    INST {CTS_ccl_a_buf_00004} {A} {^} {Y} {^} {} {BUFX20} {0.000} {0.000} {0.000} {} {-0.088} {0.602} {} {66} {(27.30, 28.21) (23.50, 27.84)} 
    NET {} {} {} {} {} {CTS_2} {} {0.000} {0.000} {0.000} {0.073} {-0.088} {0.602} {} {} {} 
  END_LAUNCH_CLK_PATH 
  DATA_PATH 
    COLUMNS {instance} {fpin} {fedge} {tpin} {tedge} {net} {cell} {delay} {incr_delay} {slew} {load} {arrival} {required} {stolen} {fanout} {pin_location} 
    INST {length_latch_reg[12]} {CK} {^} {Q} {^} {} {SDFFRHQX1} {0.281} {0.005} {0.076} {} {0.193} {0.882} {} {2} {(36.90, 47.02) (36.50, 47.41)} 
    NET {} {} {} {} {} {length_latch[12]} {} {0.000} {0.000} {0.076} {0.003} {0.193} {0.882} {} {} {} 
  END_DATA_PATH
  OTHER_ARR_CLC
    {} {Clock Rise Edge} {0.000}
    {=} {Beginpoint Arrival Time} {0.000}
  END_OTHER_ARR_CLC
  CAP_CLK_PATH
    COLUMNS {instance} {fpin} {fedge} {tpin} {tedge} {net} {cell} {delay} {incr_delay} {slew} {load} {arrival} {required} {stolen} {fanout} {pin_location}
    PORT {} {dma_clk} {^} {} {} {dma_clk} {} {} {} {0.000} {0.088} {0.000} {-0.689} {} {77} {(40.50, 87.21) } 
    NET {} {} {} {} {} {dma_clk} {} {0.000} {0.000} {0.000} {0.088} {0.000} {-0.689} {} {} {} 
  END_CAP_CLK_PATH
END_PATH 14
PATH 15
  VIEW  view_slow
  CHECK_TYPE {Setup Check}
  REF {len_s1_reg[1]} {CK}
  ENDPT {len_s1_reg[1]} {D} {DFFRHQX2} {^} {leading} {dma_clk} {dma_clk(C)(P)(view_slow)*}
  BEGINPT {length_latch_reg[1]} {Q} {SDFFRHQX1} {^} {leading} {axi_clk} {axi_clk(D)(P)(view_slow)*}
  REQ_CLC
    {} {Other End Arrival Time} {0.000}
    {-} {Setup} {0.116}
    {+} {Phase Shift} {1.000}
    {+} {CPPR Adjustment} {0.000}
    {=} {Required Time} {0.884}
  END_REQ_CLC
  SLK_CLC
    {-} {Arrival Time} {0.190}
    {=} {Slack Time} {0.694}
  END_SLK_CLC
  SLK 0.694
  ARR_CLC
    {} {Clock Rise Edge} {0.000}
    {+} {Source Insertion Delay} {-0.088}
    {=} {Beginpoint Arrival Time} {-0.088}
  END_ARR_CLC
  LAUNCH_CLK_PATH
    COLUMNS {instance} {fpin} {fedge} {tpin} {tedge} {net} {cell} {delay} {incr_delay} {slew} {load} {arrival} {required} {stolen} {fanout} {pin_location}
    PORT {} {axi_clk} {^} {} {} {axi_clk} {} {} {} {0.000} {0.013} {-0.088} {0.606} {} {2} {(38.30, 0.00) } 
    NET {} {} {} {} {} {axi_clk} {} {0.000} {0.000} {0.000} {0.013} {-0.088} {0.606} {} {} {} 
    INST {CTS_ccl_a_buf_00006} {A} {^} {Y} {^} {} {BUFX20} {0.000} {0.000} {0.000} {} {-0.088} {0.606} {} {68} {(49.50, 16.25) (45.70, 16.62)} 
    NET {} {} {} {} {} {CTS_3} {} {0.000} {0.000} {0.000} {0.076} {-0.088} {0.606} {} {} {} 
  END_LAUNCH_CLK_PATH 
  DATA_PATH 
    COLUMNS {instance} {fpin} {fedge} {tpin} {tedge} {net} {cell} {delay} {incr_delay} {slew} {load} {arrival} {required} {stolen} {fanout} {pin_location} 
    INST {length_latch_reg[1]} {CK} {^} {Q} {^} {} {SDFFRHQX1} {0.278} {0.004} {0.071} {} {0.190} {0.884} {} {2} {(55.90, 47.02) (55.50, 47.41)} 
    NET {} {} {} {} {} {length_latch[1]} {} {0.000} {0.000} {0.071} {0.003} {0.190} {0.884} {} {} {} 
  END_DATA_PATH
  OTHER_ARR_CLC
    {} {Clock Rise Edge} {0.000}
    {=} {Beginpoint Arrival Time} {0.000}
  END_OTHER_ARR_CLC
  CAP_CLK_PATH
    COLUMNS {instance} {fpin} {fedge} {tpin} {tedge} {net} {cell} {delay} {incr_delay} {slew} {load} {arrival} {required} {stolen} {fanout} {pin_location}
    PORT {} {dma_clk} {^} {} {} {dma_clk} {} {} {} {0.000} {0.088} {0.000} {-0.694} {} {77} {(40.50, 87.21) } 
    NET {} {} {} {} {} {dma_clk} {} {0.000} {0.000} {0.000} {0.088} {0.000} {-0.694} {} {} {} 
  END_CAP_CLK_PATH
END_PATH 15
PATH 16
  VIEW  view_slow
  CHECK_TYPE {Setup Check}
  REF {len_s1_reg[6]} {CK}
  ENDPT {len_s1_reg[6]} {D} {DFFRHQX2} {^} {leading} {dma_clk} {dma_clk(C)(P)(view_slow)*}
  BEGINPT {length_latch_reg[6]} {Q} {SDFFRHQX1} {^} {leading} {axi_clk} {axi_clk(D)(P)(view_slow)*}
  REQ_CLC
    {} {Other End Arrival Time} {0.000}
    {-} {Setup} {0.116}
    {+} {Phase Shift} {1.000}
    {+} {CPPR Adjustment} {0.000}
    {=} {Required Time} {0.884}
  END_REQ_CLC
  SLK_CLC
    {-} {Arrival Time} {0.189}
    {=} {Slack Time} {0.695}
  END_SLK_CLC
  SLK 0.695
  ARR_CLC
    {} {Clock Rise Edge} {0.000}
    {+} {Source Insertion Delay} {-0.088}
    {=} {Beginpoint Arrival Time} {-0.088}
  END_ARR_CLC
  LAUNCH_CLK_PATH
    COLUMNS {instance} {fpin} {fedge} {tpin} {tedge} {net} {cell} {delay} {incr_delay} {slew} {load} {arrival} {required} {stolen} {fanout} {pin_location}
    PORT {} {axi_clk} {^} {} {} {axi_clk} {} {} {} {0.000} {0.013} {-0.088} {0.607} {} {2} {(38.30, 0.00) } 
    NET {} {} {} {} {} {axi_clk} {} {0.000} {0.000} {0.000} {0.013} {-0.088} {0.607} {} {} {} 
    INST {CTS_ccl_a_buf_00006} {A} {^} {Y} {^} {} {BUFX20} {0.000} {0.000} {0.000} {} {-0.088} {0.607} {} {68} {(49.50, 16.25) (45.70, 16.62)} 
    NET {} {} {} {} {} {CTS_3} {} {0.000} {0.000} {0.000} {0.076} {-0.088} {0.607} {} {} {} 
  END_LAUNCH_CLK_PATH 
  DATA_PATH 
    COLUMNS {instance} {fpin} {fedge} {tpin} {tedge} {net} {cell} {delay} {incr_delay} {slew} {load} {arrival} {required} {stolen} {fanout} {pin_location} 
    INST {length_latch_reg[6]} {CK} {^} {Q} {^} {} {SDFFRHQX1} {0.277} {0.003} {0.071} {} {0.189} {0.884} {} {2} {(68.50, 52.16) (68.10, 51.77)} 
    NET {} {} {} {} {} {length_latch[6]} {} {0.000} {0.000} {0.071} {0.003} {0.189} {0.884} {} {} {} 
  END_DATA_PATH
  OTHER_ARR_CLC
    {} {Clock Rise Edge} {0.000}
    {=} {Beginpoint Arrival Time} {0.000}
  END_OTHER_ARR_CLC
  CAP_CLK_PATH
    COLUMNS {instance} {fpin} {fedge} {tpin} {tedge} {net} {cell} {delay} {incr_delay} {slew} {load} {arrival} {required} {stolen} {fanout} {pin_location}
    PORT {} {dma_clk} {^} {} {} {dma_clk} {} {} {} {0.000} {0.088} {0.000} {-0.695} {} {77} {(40.50, 87.21) } 
    NET {} {} {} {} {} {dma_clk} {} {0.000} {0.000} {0.000} {0.088} {0.000} {-0.695} {} {} {} 
  END_CAP_CLK_PATH
END_PATH 16
PATH 17
  VIEW  view_slow
  CHECK_TYPE {Setup Check}
  REF {len_s1_reg[9]} {CK}
  ENDPT {len_s1_reg[9]} {D} {DFFRHQX2} {^} {leading} {dma_clk} {dma_clk(C)(P)(view_slow)*}
  BEGINPT {length_latch_reg[9]} {Q} {SDFFRHQX1} {^} {leading} {axi_clk} {axi_clk(D)(P)(view_slow)*}
  REQ_CLC
    {} {Other End Arrival Time} {0.000}
    {-} {Setup} {0.115}
    {+} {Phase Shift} {1.000}
    {+} {CPPR Adjustment} {0.000}
    {=} {Required Time} {0.885}
  END_REQ_CLC
  SLK_CLC
    {-} {Arrival Time} {0.189}
    {=} {Slack Time} {0.696}
  END_SLK_CLC
  SLK 0.696
  ARR_CLC
    {} {Clock Rise Edge} {0.000}
    {+} {Source Insertion Delay} {-0.088}
    {=} {Beginpoint Arrival Time} {-0.088}
  END_ARR_CLC
  LAUNCH_CLK_PATH
    COLUMNS {instance} {fpin} {fedge} {tpin} {tedge} {net} {cell} {delay} {incr_delay} {slew} {load} {arrival} {required} {stolen} {fanout} {pin_location}
    PORT {} {axi_clk} {^} {} {} {axi_clk} {} {} {} {0.000} {0.013} {-0.088} {0.609} {} {2} {(38.30, 0.00) } 
    NET {} {} {} {} {} {axi_clk} {} {0.000} {0.000} {0.000} {0.013} {-0.088} {0.609} {} {} {} 
    INST {CTS_ccl_a_buf_00006} {A} {^} {Y} {^} {} {BUFX20} {0.000} {0.000} {0.000} {} {-0.088} {0.609} {} {68} {(49.50, 16.25) (45.70, 16.62)} 
    NET {} {} {} {} {} {CTS_3} {} {0.000} {0.000} {0.000} {0.076} {-0.088} {0.609} {} {} {} 
  END_LAUNCH_CLK_PATH 
  DATA_PATH 
    COLUMNS {instance} {fpin} {fedge} {tpin} {tedge} {net} {cell} {delay} {incr_delay} {slew} {load} {arrival} {required} {stolen} {fanout} {pin_location} 
    INST {length_latch_reg[9]} {CK} {^} {Q} {^} {} {SDFFRHQX1} {0.276} {0.004} {0.068} {} {0.189} {0.885} {} {2} {(55.70, 48.73) (55.30, 48.36)} 
    NET {} {} {} {} {} {length_latch[9]} {} {0.000} {0.000} {0.068} {0.003} {0.189} {0.885} {} {} {} 
  END_DATA_PATH
  OTHER_ARR_CLC
    {} {Clock Rise Edge} {0.000}
    {=} {Beginpoint Arrival Time} {0.000}
  END_OTHER_ARR_CLC
  CAP_CLK_PATH
    COLUMNS {instance} {fpin} {fedge} {tpin} {tedge} {net} {cell} {delay} {incr_delay} {slew} {load} {arrival} {required} {stolen} {fanout} {pin_location}
    PORT {} {dma_clk} {^} {} {} {dma_clk} {} {} {} {0.000} {0.088} {0.000} {-0.696} {} {77} {(40.50, 87.21) } 
    NET {} {} {} {} {} {dma_clk} {} {0.000} {0.000} {0.000} {0.088} {0.000} {-0.696} {} {} {} 
  END_CAP_CLK_PATH
END_PATH 17
PATH 18
  VIEW  view_slow
  CHECK_TYPE {Setup Check}
  REF {len_s1_reg[10]} {CK}
  ENDPT {len_s1_reg[10]} {D} {DFFRHQX2} {^} {leading} {dma_clk} {dma_clk(C)(P)(view_slow)*}
  BEGINPT {length_latch_reg[10]} {Q} {SDFFRHQX1} {^} {leading} {axi_clk} {axi_clk(D)(P)(view_slow)*}
  REQ_CLC
    {} {Other End Arrival Time} {0.000}
    {-} {Setup} {0.116}
    {+} {Phase Shift} {1.000}
    {+} {CPPR Adjustment} {0.000}
    {=} {Required Time} {0.884}
  END_REQ_CLC
  SLK_CLC
    {-} {Arrival Time} {0.187}
    {=} {Slack Time} {0.697}
  END_SLK_CLC
  SLK 0.697
  ARR_CLC
    {} {Clock Rise Edge} {0.000}
    {+} {Source Insertion Delay} {-0.088}
    {=} {Beginpoint Arrival Time} {-0.088}
  END_ARR_CLC
  LAUNCH_CLK_PATH
    COLUMNS {instance} {fpin} {fedge} {tpin} {tedge} {net} {cell} {delay} {incr_delay} {slew} {load} {arrival} {required} {stolen} {fanout} {pin_location}
    PORT {} {axi_clk} {^} {} {} {axi_clk} {} {} {} {0.000} {0.013} {-0.088} {0.609} {} {2} {(38.30, 0.00) } 
    NET {} {} {} {} {} {axi_clk} {} {0.000} {0.000} {0.000} {0.013} {-0.088} {0.609} {} {} {} 
    INST {CTS_ccl_a_buf_00006} {A} {^} {Y} {^} {} {BUFX20} {0.000} {0.000} {0.000} {} {-0.088} {0.609} {} {68} {(49.50, 16.25) (45.70, 16.62)} 
    NET {} {} {} {} {} {CTS_3} {} {0.000} {0.000} {0.000} {0.076} {-0.088} {0.609} {} {} {} 
  END_LAUNCH_CLK_PATH 
  DATA_PATH 
    COLUMNS {instance} {fpin} {fedge} {tpin} {tedge} {net} {cell} {delay} {incr_delay} {slew} {load} {arrival} {required} {stolen} {fanout} {pin_location} 
    INST {length_latch_reg[10]} {CK} {^} {Q} {^} {} {SDFFRHQX1} {0.275} {0.002} {0.070} {} {0.187} {0.884} {} {2} {(43.70, 45.31) (43.30, 44.94)} 
    NET {} {} {} {} {} {length_latch[10]} {} {0.000} {0.000} {0.070} {0.003} {0.187} {0.884} {} {} {} 
  END_DATA_PATH
  OTHER_ARR_CLC
    {} {Clock Rise Edge} {0.000}
    {=} {Beginpoint Arrival Time} {0.000}
  END_OTHER_ARR_CLC
  CAP_CLK_PATH
    COLUMNS {instance} {fpin} {fedge} {tpin} {tedge} {net} {cell} {delay} {incr_delay} {slew} {load} {arrival} {required} {stolen} {fanout} {pin_location}
    PORT {} {dma_clk} {^} {} {} {dma_clk} {} {} {} {0.000} {0.088} {0.000} {-0.697} {} {77} {(40.50, 87.21) } 
    NET {} {} {} {} {} {dma_clk} {} {0.000} {0.000} {0.000} {0.088} {0.000} {-0.697} {} {} {} 
  END_CAP_CLK_PATH
END_PATH 18
PATH 19
  VIEW  view_slow
  CHECK_TYPE {Setup Check}
  REF {len_s1_reg[0]} {CK}
  ENDPT {len_s1_reg[0]} {D} {DFFRHQX2} {^} {leading} {dma_clk} {dma_clk(C)(P)(view_slow)*}
  BEGINPT {length_latch_reg[0]} {Q} {SDFFRHQX1} {^} {leading} {axi_clk} {axi_clk(D)(P)(view_slow)*}
  REQ_CLC
    {} {Other End Arrival Time} {0.000}
    {-} {Setup} {0.117}
    {+} {Phase Shift} {1.000}
    {+} {CPPR Adjustment} {0.000}
    {=} {Required Time} {0.883}
  END_REQ_CLC
  SLK_CLC
    {-} {Arrival Time} {0.187}
    {=} {Slack Time} {0.697}
  END_SLK_CLC
  SLK 0.697
  ARR_CLC
    {} {Clock Rise Edge} {0.000}
    {+} {Source Insertion Delay} {-0.088}
    {=} {Beginpoint Arrival Time} {-0.088}
  END_ARR_CLC
  LAUNCH_CLK_PATH
    COLUMNS {instance} {fpin} {fedge} {tpin} {tedge} {net} {cell} {delay} {incr_delay} {slew} {load} {arrival} {required} {stolen} {fanout} {pin_location}
    PORT {} {axi_clk} {^} {} {} {axi_clk} {} {} {} {0.000} {0.013} {-0.088} {0.609} {} {2} {(38.30, 0.00) } 
    NET {} {} {} {} {} {axi_clk} {} {0.000} {0.000} {0.000} {0.013} {-0.088} {0.609} {} {} {} 
    INST {CTS_ccl_a_buf_00004} {A} {^} {Y} {^} {} {BUFX20} {0.000} {0.000} {0.000} {} {-0.088} {0.609} {} {66} {(27.30, 28.21) (23.50, 27.84)} 
    NET {} {} {} {} {} {CTS_2} {} {0.000} {0.000} {0.000} {0.073} {-0.088} {0.609} {} {} {} 
  END_LAUNCH_CLK_PATH 
  DATA_PATH 
    COLUMNS {instance} {fpin} {fedge} {tpin} {tedge} {net} {cell} {delay} {incr_delay} {slew} {load} {arrival} {required} {stolen} {fanout} {pin_location} 
    INST {length_latch_reg[0]} {CK} {^} {Q} {^} {} {SDFFRHQX1} {0.274} {0.000} {0.073} {} {0.186} {0.883} {} {2} {(37.30, 50.45) (36.90, 50.83)} 
    NET {} {} {} {} {} {length_latch[0]} {} {0.000} {0.000} {0.073} {0.003} {0.187} {0.883} {} {} {} 
  END_DATA_PATH
  OTHER_ARR_CLC
    {} {Clock Rise Edge} {0.000}
    {=} {Beginpoint Arrival Time} {0.000}
  END_OTHER_ARR_CLC
  CAP_CLK_PATH
    COLUMNS {instance} {fpin} {fedge} {tpin} {tedge} {net} {cell} {delay} {incr_delay} {slew} {load} {arrival} {required} {stolen} {fanout} {pin_location}
    PORT {} {dma_clk} {^} {} {} {dma_clk} {} {} {} {0.000} {0.088} {0.000} {-0.697} {} {77} {(40.50, 87.21) } 
    NET {} {} {} {} {} {dma_clk} {} {0.000} {0.000} {0.000} {0.088} {0.000} {-0.697} {} {} {} 
  END_CAP_CLK_PATH
END_PATH 19
PATH 20
  VIEW  view_slow
  CHECK_TYPE {Setup Check}
  REF {len_s1_reg[4]} {CK}
  ENDPT {len_s1_reg[4]} {D} {DFFRHQX2} {^} {leading} {dma_clk} {dma_clk(C)(P)(view_slow)*}
  BEGINPT {length_latch_reg[4]} {Q} {SDFFRHQX1} {^} {leading} {axi_clk} {axi_clk(D)(P)(view_slow)*}
  REQ_CLC
    {} {Other End Arrival Time} {0.000}
    {-} {Setup} {0.116}
    {+} {Phase Shift} {1.000}
    {+} {CPPR Adjustment} {0.000}
    {=} {Required Time} {0.884}
  END_REQ_CLC
  SLK_CLC
    {-} {Arrival Time} {0.186}
    {=} {Slack Time} {0.699}
  END_SLK_CLC
  SLK 0.699
  ARR_CLC
    {} {Clock Rise Edge} {0.000}
    {+} {Source Insertion Delay} {-0.088}
    {=} {Beginpoint Arrival Time} {-0.088}
  END_ARR_CLC
  LAUNCH_CLK_PATH
    COLUMNS {instance} {fpin} {fedge} {tpin} {tedge} {net} {cell} {delay} {incr_delay} {slew} {load} {arrival} {required} {stolen} {fanout} {pin_location}
    PORT {} {axi_clk} {^} {} {} {axi_clk} {} {} {} {0.000} {0.013} {-0.088} {0.611} {} {2} {(38.30, 0.00) } 
    NET {} {} {} {} {} {axi_clk} {} {0.000} {0.000} {0.000} {0.013} {-0.088} {0.611} {} {} {} 
    INST {CTS_ccl_a_buf_00006} {A} {^} {Y} {^} {} {BUFX20} {0.000} {0.000} {0.000} {} {-0.088} {0.611} {} {68} {(49.50, 16.25) (45.70, 16.62)} 
    NET {} {} {} {} {} {CTS_3} {} {0.000} {0.000} {0.000} {0.076} {-0.088} {0.611} {} {} {} 
  END_LAUNCH_CLK_PATH 
  DATA_PATH 
    COLUMNS {instance} {fpin} {fedge} {tpin} {tedge} {net} {cell} {delay} {incr_delay} {slew} {load} {arrival} {required} {stolen} {fanout} {pin_location} 
    INST {length_latch_reg[4]} {CK} {^} {Q} {^} {} {SDFFRHQX1} {0.273} {0.000} {0.071} {} {0.185} {0.884} {} {2} {(49.50, 47.02) (49.10, 47.41)} 
    NET {} {} {} {} {} {length_latch[4]} {} {0.000} {0.000} {0.071} {0.003} {0.186} {0.884} {} {} {} 
  END_DATA_PATH
  OTHER_ARR_CLC
    {} {Clock Rise Edge} {0.000}
    {=} {Beginpoint Arrival Time} {0.000}
  END_OTHER_ARR_CLC
  CAP_CLK_PATH
    COLUMNS {instance} {fpin} {fedge} {tpin} {tedge} {net} {cell} {delay} {incr_delay} {slew} {load} {arrival} {required} {stolen} {fanout} {pin_location}
    PORT {} {dma_clk} {^} {} {} {dma_clk} {} {} {} {0.000} {0.088} {0.000} {-0.699} {} {77} {(40.50, 87.21) } 
    NET {} {} {} {} {} {dma_clk} {} {0.000} {0.000} {0.000} {0.088} {0.000} {-0.699} {} {} {} 
  END_CAP_CLK_PATH
END_PATH 20
PATH 21
  VIEW  view_slow
  CHECK_TYPE {Setup Check}
  REF {len_s1_reg[13]} {CK}
  ENDPT {len_s1_reg[13]} {D} {DFFRHQX2} {^} {leading} {dma_clk} {dma_clk(C)(P)(view_slow)*}
  BEGINPT {length_latch_reg[13]} {Q} {SDFFRHQX1} {^} {leading} {axi_clk} {axi_clk(D)(P)(view_slow)*}
  REQ_CLC
    {} {Other End Arrival Time} {0.000}
    {-} {Setup} {0.115}
    {+} {Phase Shift} {1.000}
    {+} {CPPR Adjustment} {0.000}
    {=} {Required Time} {0.885}
  END_REQ_CLC
  SLK_CLC
    {-} {Arrival Time} {0.186}
    {=} {Slack Time} {0.699}
  END_SLK_CLC
  SLK 0.699
  ARR_CLC
    {} {Clock Rise Edge} {0.000}
    {+} {Source Insertion Delay} {-0.088}
    {=} {Beginpoint Arrival Time} {-0.088}
  END_ARR_CLC
  LAUNCH_CLK_PATH
    COLUMNS {instance} {fpin} {fedge} {tpin} {tedge} {net} {cell} {delay} {incr_delay} {slew} {load} {arrival} {required} {stolen} {fanout} {pin_location}
    PORT {} {axi_clk} {^} {} {} {axi_clk} {} {} {} {0.000} {0.013} {-0.088} {0.611} {} {2} {(38.30, 0.00) } 
    NET {} {} {} {} {} {axi_clk} {} {0.000} {0.000} {0.000} {0.013} {-0.088} {0.611} {} {} {} 
    INST {CTS_ccl_a_buf_00004} {A} {^} {Y} {^} {} {BUFX20} {0.000} {0.000} {0.000} {} {-0.088} {0.611} {} {66} {(27.30, 28.21) (23.50, 27.84)} 
    NET {} {} {} {} {} {CTS_2} {} {0.000} {0.000} {0.000} {0.073} {-0.088} {0.611} {} {} {} 
  END_LAUNCH_CLK_PATH 
  DATA_PATH 
    COLUMNS {instance} {fpin} {fedge} {tpin} {tedge} {net} {cell} {delay} {incr_delay} {slew} {load} {arrival} {required} {stolen} {fanout} {pin_location} 
    INST {length_latch_reg[13]} {CK} {^} {Q} {^} {} {SDFFRHQX1} {0.274} {0.002} {0.068} {} {0.186} {0.885} {} {2} {(36.90, 48.73) (36.50, 48.36)} 
    NET {} {} {} {} {} {length_latch[13]} {} {0.000} {0.000} {0.068} {0.003} {0.186} {0.885} {} {} {} 
  END_DATA_PATH
  OTHER_ARR_CLC
    {} {Clock Rise Edge} {0.000}
    {=} {Beginpoint Arrival Time} {0.000}
  END_OTHER_ARR_CLC
  CAP_CLK_PATH
    COLUMNS {instance} {fpin} {fedge} {tpin} {tedge} {net} {cell} {delay} {incr_delay} {slew} {load} {arrival} {required} {stolen} {fanout} {pin_location}
    PORT {} {dma_clk} {^} {} {} {dma_clk} {} {} {} {0.000} {0.088} {0.000} {-0.699} {} {77} {(40.50, 87.21) } 
    NET {} {} {} {} {} {dma_clk} {} {0.000} {0.000} {0.000} {0.088} {0.000} {-0.699} {} {} {} 
  END_CAP_CLK_PATH
END_PATH 21
PATH 22
  VIEW  view_slow
  CHECK_TYPE {Setup Check}
  REF {len_s1_reg[5]} {CK}
  ENDPT {len_s1_reg[5]} {D} {DFFRHQX2} {^} {leading} {dma_clk} {dma_clk(C)(P)(view_slow)*}
  BEGINPT {length_latch_reg[5]} {Q} {SDFFRHQX1} {^} {leading} {axi_clk} {axi_clk(D)(P)(view_slow)*}
  REQ_CLC
    {} {Other End Arrival Time} {0.000}
    {-} {Setup} {0.116}
    {+} {Phase Shift} {1.000}
    {+} {CPPR Adjustment} {0.000}
    {=} {Required Time} {0.884}
  END_REQ_CLC
  SLK_CLC
    {-} {Arrival Time} {0.185}
    {=} {Slack Time} {0.699}
  END_SLK_CLC
  SLK 0.699
  ARR_CLC
    {} {Clock Rise Edge} {0.000}
    {+} {Source Insertion Delay} {-0.088}
    {=} {Beginpoint Arrival Time} {-0.088}
  END_ARR_CLC
  LAUNCH_CLK_PATH
    COLUMNS {instance} {fpin} {fedge} {tpin} {tedge} {net} {cell} {delay} {incr_delay} {slew} {load} {arrival} {required} {stolen} {fanout} {pin_location}
    PORT {} {axi_clk} {^} {} {} {axi_clk} {} {} {} {0.000} {0.013} {-0.088} {0.611} {} {2} {(38.30, 0.00) } 
    NET {} {} {} {} {} {axi_clk} {} {0.000} {0.000} {0.000} {0.013} {-0.088} {0.611} {} {} {} 
    INST {CTS_ccl_a_buf_00006} {A} {^} {Y} {^} {} {BUFX20} {0.000} {0.000} {0.000} {} {-0.088} {0.611} {} {68} {(49.50, 16.25) (45.70, 16.62)} 
    NET {} {} {} {} {} {CTS_3} {} {0.000} {0.000} {0.000} {0.076} {-0.088} {0.611} {} {} {} 
  END_LAUNCH_CLK_PATH 
  DATA_PATH 
    COLUMNS {instance} {fpin} {fedge} {tpin} {tedge} {net} {cell} {delay} {incr_delay} {slew} {load} {arrival} {required} {stolen} {fanout} {pin_location} 
    INST {length_latch_reg[5]} {CK} {^} {Q} {^} {} {SDFFRHQX1} {0.273} {0.000} {0.070} {} {0.185} {0.884} {} {2} {(68.50, 50.45) (68.10, 50.83)} 
    NET {} {} {} {} {} {length_latch[5]} {} {0.000} {0.000} {0.070} {0.003} {0.185} {0.884} {} {} {} 
  END_DATA_PATH
  OTHER_ARR_CLC
    {} {Clock Rise Edge} {0.000}
    {=} {Beginpoint Arrival Time} {0.000}
  END_OTHER_ARR_CLC
  CAP_CLK_PATH
    COLUMNS {instance} {fpin} {fedge} {tpin} {tedge} {net} {cell} {delay} {incr_delay} {slew} {load} {arrival} {required} {stolen} {fanout} {pin_location}
    PORT {} {dma_clk} {^} {} {} {dma_clk} {} {} {} {0.000} {0.088} {0.000} {-0.699} {} {77} {(40.50, 87.21) } 
    NET {} {} {} {} {} {dma_clk} {} {0.000} {0.000} {0.000} {0.088} {0.000} {-0.699} {} {} {} 
  END_CAP_CLK_PATH
END_PATH 22
PATH 23
  VIEW  view_slow
  CHECK_TYPE {Setup Check}
  REF {len_s1_reg[8]} {CK}
  ENDPT {len_s1_reg[8]} {D} {DFFRHQX2} {^} {leading} {dma_clk} {dma_clk(C)(P)(view_slow)*}
  BEGINPT {length_latch_reg[8]} {Q} {SDFFRHQX1} {^} {leading} {axi_clk} {axi_clk(D)(P)(view_slow)*}
  REQ_CLC
    {} {Other End Arrival Time} {0.000}
    {-} {Setup} {0.115}
    {+} {Phase Shift} {1.000}
    {+} {CPPR Adjustment} {0.000}
    {=} {Required Time} {0.885}
  END_REQ_CLC
  SLK_CLC
    {-} {Arrival Time} {0.183}
    {=} {Slack Time} {0.702}
  END_SLK_CLC
  SLK 0.702
  ARR_CLC
    {} {Clock Rise Edge} {0.000}
    {+} {Source Insertion Delay} {-0.088}
    {=} {Beginpoint Arrival Time} {-0.088}
  END_ARR_CLC
  LAUNCH_CLK_PATH
    COLUMNS {instance} {fpin} {fedge} {tpin} {tedge} {net} {cell} {delay} {incr_delay} {slew} {load} {arrival} {required} {stolen} {fanout} {pin_location}
    PORT {} {axi_clk} {^} {} {} {axi_clk} {} {} {} {0.000} {0.013} {-0.088} {0.614} {} {2} {(38.30, 0.00) } 
    NET {} {} {} {} {} {axi_clk} {} {0.000} {0.000} {0.000} {0.013} {-0.088} {0.614} {} {} {} 
    INST {CTS_ccl_a_buf_00006} {A} {^} {Y} {^} {} {BUFX20} {0.000} {0.000} {0.000} {} {-0.088} {0.614} {} {68} {(49.50, 16.25) (45.70, 16.62)} 
    NET {} {} {} {} {} {CTS_3} {} {0.000} {0.000} {0.000} {0.076} {-0.088} {0.614} {} {} {} 
  END_LAUNCH_CLK_PATH 
  DATA_PATH 
    COLUMNS {instance} {fpin} {fedge} {tpin} {tedge} {net} {cell} {delay} {incr_delay} {slew} {load} {arrival} {required} {stolen} {fanout} {pin_location} 
    INST {length_latch_reg[8]} {CK} {^} {Q} {^} {} {SDFFRHQX1} {0.271} {0.000} {0.067} {} {0.183} {0.885} {} {2} {(49.50, 50.45) (49.10, 50.83)} 
    NET {} {} {} {} {} {length_latch[8]} {} {0.000} {0.000} {0.067} {0.003} {0.183} {0.885} {} {} {} 
  END_DATA_PATH
  OTHER_ARR_CLC
    {} {Clock Rise Edge} {0.000}
    {=} {Beginpoint Arrival Time} {0.000}
  END_OTHER_ARR_CLC
  CAP_CLK_PATH
    COLUMNS {instance} {fpin} {fedge} {tpin} {tedge} {net} {cell} {delay} {incr_delay} {slew} {load} {arrival} {required} {stolen} {fanout} {pin_location}
    PORT {} {dma_clk} {^} {} {} {dma_clk} {} {} {} {0.000} {0.088} {0.000} {-0.702} {} {77} {(40.50, 87.21) } 
    NET {} {} {} {} {} {dma_clk} {} {0.000} {0.000} {0.000} {0.088} {0.000} {-0.702} {} {} {} 
  END_CAP_CLK_PATH
END_PATH 23
PATH 24
  VIEW  view_slow
  CHECK_TYPE {Setup Check}
  REF {len_s1_reg[7]} {CK}
  ENDPT {len_s1_reg[7]} {D} {DFFRHQX2} {^} {leading} {dma_clk} {dma_clk(C)(P)(view_slow)*}
  BEGINPT {length_latch_reg[7]} {Q} {SDFFRHQX1} {^} {leading} {axi_clk} {axi_clk(D)(P)(view_slow)*}
  REQ_CLC
    {} {Other End Arrival Time} {0.000}
    {-} {Setup} {0.113}
    {+} {Phase Shift} {1.000}
    {+} {CPPR Adjustment} {0.000}
    {=} {Required Time} {0.887}
  END_REQ_CLC
  SLK_CLC
    {-} {Arrival Time} {0.185}
    {=} {Slack Time} {0.702}
  END_SLK_CLC
  SLK 0.702
  ARR_CLC
    {} {Clock Rise Edge} {0.000}
    {+} {Source Insertion Delay} {-0.088}
    {=} {Beginpoint Arrival Time} {-0.088}
  END_ARR_CLC
  LAUNCH_CLK_PATH
    COLUMNS {instance} {fpin} {fedge} {tpin} {tedge} {net} {cell} {delay} {incr_delay} {slew} {load} {arrival} {required} {stolen} {fanout} {pin_location}
    PORT {} {axi_clk} {^} {} {} {axi_clk} {} {} {} {0.000} {0.013} {-0.088} {0.614} {} {2} {(38.30, 0.00) } 
    NET {} {} {} {} {} {axi_clk} {} {0.000} {0.000} {0.000} {0.013} {-0.088} {0.614} {} {} {} 
    INST {CTS_ccl_a_buf_00006} {A} {^} {Y} {^} {} {BUFX20} {0.000} {0.000} {0.000} {} {-0.088} {0.614} {} {68} {(49.50, 16.25) (45.70, 16.62)} 
    NET {} {} {} {} {} {CTS_3} {} {0.000} {0.000} {0.000} {0.076} {-0.088} {0.614} {} {} {} 
  END_LAUNCH_CLK_PATH 
  DATA_PATH 
    COLUMNS {instance} {fpin} {fedge} {tpin} {tedge} {net} {cell} {delay} {incr_delay} {slew} {load} {arrival} {required} {stolen} {fanout} {pin_location} 
    INST {length_latch_reg[7]} {CK} {^} {Q} {^} {} {SDFFRHQX1} {0.272} {0.003} {0.062} {} {0.185} {0.887} {} {2} {(68.30, 53.87) (67.90, 54.25)} 
    NET {} {} {} {} {} {length_latch[7]} {} {0.000} {0.000} {0.062} {0.002} {0.185} {0.887} {} {} {} 
  END_DATA_PATH
  OTHER_ARR_CLC
    {} {Clock Rise Edge} {0.000}
    {=} {Beginpoint Arrival Time} {0.000}
  END_OTHER_ARR_CLC
  CAP_CLK_PATH
    COLUMNS {instance} {fpin} {fedge} {tpin} {tedge} {net} {cell} {delay} {incr_delay} {slew} {load} {arrival} {required} {stolen} {fanout} {pin_location}
    PORT {} {dma_clk} {^} {} {} {dma_clk} {} {} {} {0.000} {0.088} {0.000} {-0.702} {} {77} {(40.50, 87.21) } 
    NET {} {} {} {} {} {dma_clk} {} {0.000} {0.000} {0.000} {0.088} {0.000} {-0.702} {} {} {} 
  END_CAP_CLK_PATH
END_PATH 24
PATH 25
  VIEW  view_slow
  CHECK_TYPE {Setup Check}
  REF {len_s1_reg[15]} {CK}
  ENDPT {len_s1_reg[15]} {D} {DFFRHQX2} {^} {leading} {dma_clk} {dma_clk(C)(P)(view_slow)*}
  BEGINPT {length_latch_reg[15]} {Q} {SDFFRHQX1} {^} {leading} {axi_clk} {axi_clk(D)(P)(view_slow)*}
  REQ_CLC
    {} {Other End Arrival Time} {0.000}
    {-} {Setup} {0.115}
    {+} {Phase Shift} {1.000}
    {+} {CPPR Adjustment} {0.000}
    {=} {Required Time} {0.885}
  END_REQ_CLC
  SLK_CLC
    {-} {Arrival Time} {0.183}
    {=} {Slack Time} {0.702}
  END_SLK_CLC
  SLK 0.702
  ARR_CLC
    {} {Clock Rise Edge} {0.000}
    {+} {Source Insertion Delay} {-0.088}
    {=} {Beginpoint Arrival Time} {-0.088}
  END_ARR_CLC
  LAUNCH_CLK_PATH
    COLUMNS {instance} {fpin} {fedge} {tpin} {tedge} {net} {cell} {delay} {incr_delay} {slew} {load} {arrival} {required} {stolen} {fanout} {pin_location}
    PORT {} {axi_clk} {^} {} {} {axi_clk} {} {} {} {0.000} {0.013} {-0.088} {0.615} {} {2} {(38.30, 0.00) } 
    NET {} {} {} {} {} {axi_clk} {} {0.000} {0.000} {0.000} {0.013} {-0.088} {0.615} {} {} {} 
    INST {CTS_ccl_a_buf_00004} {A} {^} {Y} {^} {} {BUFX20} {0.000} {0.000} {0.000} {} {-0.088} {0.615} {} {66} {(27.30, 28.21) (23.50, 27.84)} 
    NET {} {} {} {} {} {CTS_2} {} {0.000} {0.000} {0.000} {0.073} {-0.088} {0.615} {} {} {} 
  END_LAUNCH_CLK_PATH 
  DATA_PATH 
    COLUMNS {instance} {fpin} {fedge} {tpin} {tedge} {net} {cell} {delay} {incr_delay} {slew} {load} {arrival} {required} {stolen} {fanout} {pin_location} 
    INST {length_latch_reg[15]} {CK} {^} {Q} {^} {} {SDFFRHQX1} {0.271} {0.000} {0.066} {} {0.183} {0.885} {} {2} {(31.70, 52.16) (31.30, 51.77)} 
    NET {} {} {} {} {} {length_latch[15]} {} {0.000} {0.000} {0.066} {0.003} {0.183} {0.885} {} {} {} 
  END_DATA_PATH
  OTHER_ARR_CLC
    {} {Clock Rise Edge} {0.000}
    {=} {Beginpoint Arrival Time} {0.000}
  END_OTHER_ARR_CLC
  CAP_CLK_PATH
    COLUMNS {instance} {fpin} {fedge} {tpin} {tedge} {net} {cell} {delay} {incr_delay} {slew} {load} {arrival} {required} {stolen} {fanout} {pin_location}
    PORT {} {dma_clk} {^} {} {} {dma_clk} {} {} {} {0.000} {0.088} {0.000} {-0.702} {} {77} {(40.50, 87.21) } 
    NET {} {} {} {} {} {dma_clk} {} {0.000} {0.000} {0.000} {0.088} {0.000} {-0.702} {} {} {} 
  END_CAP_CLK_PATH
END_PATH 25
PATH 26
  VIEW  view_slow
  CHECK_TYPE {Setup Check}
  REF {len_s1_reg[3]} {CK}
  ENDPT {len_s1_reg[3]} {D} {DFFRHQX2} {^} {leading} {dma_clk} {dma_clk(C)(P)(view_slow)*}
  BEGINPT {length_latch_reg[3]} {Q} {SDFFRHQX1} {^} {leading} {axi_clk} {axi_clk(D)(P)(view_slow)*}
  REQ_CLC
    {} {Other End Arrival Time} {0.000}
    {-} {Setup} {0.114}
    {+} {Phase Shift} {1.000}
    {+} {CPPR Adjustment} {0.000}
    {=} {Required Time} {0.886}
  END_REQ_CLC
  SLK_CLC
    {-} {Arrival Time} {0.183}
    {=} {Slack Time} {0.703}
  END_SLK_CLC
  SLK 0.703
  ARR_CLC
    {} {Clock Rise Edge} {0.000}
    {+} {Source Insertion Delay} {-0.088}
    {=} {Beginpoint Arrival Time} {-0.088}
  END_ARR_CLC
  LAUNCH_CLK_PATH
    COLUMNS {instance} {fpin} {fedge} {tpin} {tedge} {net} {cell} {delay} {incr_delay} {slew} {load} {arrival} {required} {stolen} {fanout} {pin_location}
    PORT {} {axi_clk} {^} {} {} {axi_clk} {} {} {} {0.000} {0.013} {-0.088} {0.615} {} {2} {(38.30, 0.00) } 
    NET {} {} {} {} {} {axi_clk} {} {0.000} {0.000} {0.000} {0.013} {-0.088} {0.615} {} {} {} 
    INST {CTS_ccl_a_buf_00006} {A} {^} {Y} {^} {} {BUFX20} {0.000} {0.000} {0.000} {} {-0.088} {0.615} {} {68} {(49.50, 16.25) (45.70, 16.62)} 
    NET {} {} {} {} {} {CTS_3} {} {0.000} {0.000} {0.000} {0.076} {-0.088} {0.615} {} {} {} 
  END_LAUNCH_CLK_PATH 
  DATA_PATH 
    COLUMNS {instance} {fpin} {fedge} {tpin} {tedge} {net} {cell} {delay} {incr_delay} {slew} {load} {arrival} {required} {stolen} {fanout} {pin_location} 
    INST {length_latch_reg[3]} {CK} {^} {Q} {^} {} {SDFFRHQX1} {0.271} {0.000} {0.066} {} {0.183} {0.886} {} {2} {(61.70, 52.16) (61.30, 51.77)} 
    NET {} {} {} {} {} {length_latch[3]} {} {0.000} {0.000} {0.066} {0.003} {0.183} {0.886} {} {} {} 
  END_DATA_PATH
  OTHER_ARR_CLC
    {} {Clock Rise Edge} {0.000}
    {=} {Beginpoint Arrival Time} {0.000}
  END_OTHER_ARR_CLC
  CAP_CLK_PATH
    COLUMNS {instance} {fpin} {fedge} {tpin} {tedge} {net} {cell} {delay} {incr_delay} {slew} {load} {arrival} {required} {stolen} {fanout} {pin_location}
    PORT {} {dma_clk} {^} {} {} {dma_clk} {} {} {} {0.000} {0.088} {0.000} {-0.703} {} {77} {(40.50, 87.21) } 
    NET {} {} {} {} {} {dma_clk} {} {0.000} {0.000} {0.000} {0.088} {0.000} {-0.703} {} {} {} 
  END_CAP_CLK_PATH
END_PATH 26
PATH 27
  VIEW  view_slow
  CHECK_TYPE {Setup Check}
  REF {len_s1_reg[2]} {CK}
  ENDPT {len_s1_reg[2]} {D} {DFFRHQX2} {^} {leading} {dma_clk} {dma_clk(C)(P)(view_slow)*}
  BEGINPT {length_latch_reg[2]} {Q} {SDFFRHQX1} {^} {leading} {axi_clk} {axi_clk(D)(P)(view_slow)*}
  REQ_CLC
    {} {Other End Arrival Time} {0.000}
    {-} {Setup} {0.114}
    {+} {Phase Shift} {1.000}
    {+} {CPPR Adjustment} {0.000}
    {=} {Required Time} {0.886}
  END_REQ_CLC
  SLK_CLC
    {-} {Arrival Time} {0.182}
    {=} {Slack Time} {0.704}
  END_SLK_CLC
  SLK 0.704
  ARR_CLC
    {} {Clock Rise Edge} {0.000}
    {+} {Source Insertion Delay} {-0.088}
    {=} {Beginpoint Arrival Time} {-0.088}
  END_ARR_CLC
  LAUNCH_CLK_PATH
    COLUMNS {instance} {fpin} {fedge} {tpin} {tedge} {net} {cell} {delay} {incr_delay} {slew} {load} {arrival} {required} {stolen} {fanout} {pin_location}
    PORT {} {axi_clk} {^} {} {} {axi_clk} {} {} {} {0.000} {0.013} {-0.088} {0.616} {} {2} {(38.30, 0.00) } 
    NET {} {} {} {} {} {axi_clk} {} {0.000} {0.000} {0.000} {0.013} {-0.088} {0.616} {} {} {} 
    INST {CTS_ccl_a_buf_00006} {A} {^} {Y} {^} {} {BUFX20} {0.000} {0.000} {0.000} {} {-0.088} {0.616} {} {68} {(49.50, 16.25) (45.70, 16.62)} 
    NET {} {} {} {} {} {CTS_3} {} {0.000} {0.000} {0.000} {0.076} {-0.088} {0.616} {} {} {} 
  END_LAUNCH_CLK_PATH 
  DATA_PATH 
    COLUMNS {instance} {fpin} {fedge} {tpin} {tedge} {net} {cell} {delay} {incr_delay} {slew} {load} {arrival} {required} {stolen} {fanout} {pin_location} 
    INST {length_latch_reg[2]} {CK} {^} {Q} {^} {} {SDFFRHQX1} {0.270} {0.000} {0.064} {} {0.182} {0.886} {} {2} {(61.90, 50.45) (61.50, 50.83)} 
    NET {} {} {} {} {} {length_latch[2]} {} {0.000} {0.000} {0.064} {0.003} {0.182} {0.886} {} {} {} 
  END_DATA_PATH
  OTHER_ARR_CLC
    {} {Clock Rise Edge} {0.000}
    {=} {Beginpoint Arrival Time} {0.000}
  END_OTHER_ARR_CLC
  CAP_CLK_PATH
    COLUMNS {instance} {fpin} {fedge} {tpin} {tedge} {net} {cell} {delay} {incr_delay} {slew} {load} {arrival} {required} {stolen} {fanout} {pin_location}
    PORT {} {dma_clk} {^} {} {} {dma_clk} {} {} {} {0.000} {0.088} {0.000} {-0.704} {} {77} {(40.50, 87.21) } 
    NET {} {} {} {} {} {dma_clk} {} {0.000} {0.000} {0.000} {0.088} {0.000} {-0.704} {} {} {} 
  END_CAP_CLK_PATH
END_PATH 27
PATH 28
  VIEW  view_slow
  CHECK_TYPE {Setup Check}
  REF {len_s1_reg[11]} {CK}
  ENDPT {len_s1_reg[11]} {D} {DFFRHQX2} {^} {leading} {dma_clk} {dma_clk(C)(P)(view_slow)*}
  BEGINPT {length_latch_reg[11]} {Q} {SDFFRHQX1} {^} {leading} {axi_clk} {axi_clk(D)(P)(view_slow)*}
  REQ_CLC
    {} {Other End Arrival Time} {0.000}
    {-} {Setup} {0.114}
    {+} {Phase Shift} {1.000}
    {+} {CPPR Adjustment} {0.000}
    {=} {Required Time} {0.886}
  END_REQ_CLC
  SLK_CLC
    {-} {Arrival Time} {0.182}
    {=} {Slack Time} {0.705}
  END_SLK_CLC
  SLK 0.705
  ARR_CLC
    {} {Clock Rise Edge} {0.000}
    {+} {Source Insertion Delay} {-0.088}
    {=} {Beginpoint Arrival Time} {-0.088}
  END_ARR_CLC
  LAUNCH_CLK_PATH
    COLUMNS {instance} {fpin} {fedge} {tpin} {tedge} {net} {cell} {delay} {incr_delay} {slew} {load} {arrival} {required} {stolen} {fanout} {pin_location}
    PORT {} {axi_clk} {^} {} {} {axi_clk} {} {} {} {0.000} {0.013} {-0.088} {0.617} {} {2} {(38.30, 0.00) } 
    NET {} {} {} {} {} {axi_clk} {} {0.000} {0.000} {0.000} {0.013} {-0.088} {0.617} {} {} {} 
    INST {CTS_ccl_a_buf_00006} {A} {^} {Y} {^} {} {BUFX20} {0.000} {0.000} {0.000} {} {-0.088} {0.617} {} {68} {(49.50, 16.25) (45.70, 16.62)} 
    NET {} {} {} {} {} {CTS_3} {} {0.000} {0.000} {0.000} {0.076} {-0.088} {0.617} {} {} {} 
  END_LAUNCH_CLK_PATH 
  DATA_PATH 
    COLUMNS {instance} {fpin} {fedge} {tpin} {tedge} {net} {cell} {delay} {incr_delay} {slew} {load} {arrival} {required} {stolen} {fanout} {pin_location} 
    INST {length_latch_reg[11]} {CK} {^} {Q} {^} {} {SDFFRHQX1} {0.269} {0.000} {0.063} {} {0.182} {0.886} {} {2} {(43.50, 48.73) (43.10, 48.36)} 
    NET {} {} {} {} {} {length_latch[11]} {} {0.000} {0.000} {0.063} {0.002} {0.182} {0.886} {} {} {} 
  END_DATA_PATH
  OTHER_ARR_CLC
    {} {Clock Rise Edge} {0.000}
    {=} {Beginpoint Arrival Time} {0.000}
  END_OTHER_ARR_CLC
  CAP_CLK_PATH
    COLUMNS {instance} {fpin} {fedge} {tpin} {tedge} {net} {cell} {delay} {incr_delay} {slew} {load} {arrival} {required} {stolen} {fanout} {pin_location}
    PORT {} {dma_clk} {^} {} {} {dma_clk} {} {} {} {0.000} {0.088} {0.000} {-0.705} {} {77} {(40.50, 87.21) } 
    NET {} {} {} {} {} {dma_clk} {} {0.000} {0.000} {0.000} {0.088} {0.000} {-0.705} {} {} {} 
  END_CAP_CLK_PATH
END_PATH 28
PATH 29
  VIEW  view_slow
  CHECK_TYPE {Setup Check}
  REF {u_dma_count_reg[15]} {CK}
  ENDPT {u_dma_count_reg[15]} {D} {DFFRX2} {^} {leading} {dma_clk} {dma_clk(C)(P)(view_slow)*}
  BEGINPT {u_dma_count_reg[11]} {Q} {DFFRX2} {v} {leading} {dma_clk} {dma_clk(D)(P)(view_slow)*}
  REQ_CLC
    {} {Other End Arrival Time} {0.000}
    {-} {Setup} {0.159}
    {+} {Phase Shift} {7.000}
    {+} {CPPR Adjustment} {0.000}
    {=} {Required Time} {6.841}
  END_REQ_CLC
  SLK_CLC
    {-} {Arrival Time} {3.553}
    {=} {Slack Time} {3.288}
  END_SLK_CLC
  SLK 3.288
  ARR_CLC
    {} {Clock Rise Edge} {0.000}
    {=} {Beginpoint Arrival Time} {0.000}
  END_ARR_CLC
  LAUNCH_CLK_PATH
    COLUMNS {instance} {fpin} {fedge} {tpin} {tedge} {net} {cell} {delay} {incr_delay} {slew} {load} {arrival} {required} {stolen} {fanout} {pin_location}
    PORT {} {dma_clk} {^} {} {} {dma_clk} {} {} {} {0.000} {0.088} {0.000} {3.288} {} {77} {(40.50, 87.21) } 
    NET {} {} {} {} {} {dma_clk} {} {0.000} {0.000} {0.000} {0.088} {0.000} {3.288} {} {} {} 
  END_LAUNCH_CLK_PATH 
  DATA_PATH 
    COLUMNS {instance} {fpin} {fedge} {tpin} {tedge} {net} {cell} {delay} {incr_delay} {slew} {load} {arrival} {required} {stolen} {fanout} {pin_location} 
    INST {u_dma_count_reg[11]} {CK} {^} {Q} {v} {} {DFFRX2} {0.259} {0.000} {0.037} {} {0.259} {3.547} {} {4} {(46.70, 66.03) (47.10, 65.64)} 
    NET {} {} {} {} {} {u_dma_count[11]} {} {0.000} {0.000} {0.037} {0.002} {0.259} {3.547} {} {} {} 
    INST {g6511__5526} {A} {v} {Y} {^} {} {NOR4XL} {0.178} {0.000} {0.255} {} {0.437} {3.725} {} {1} {(48.30, 65.84) (49.30, 65.84)} 
    NET {} {} {} {} {} {n_91} {} {0.000} {0.000} {0.255} {0.001} {0.437} {3.725} {} {} {} 
    INST {g6466__4733} {D} {^} {Y} {v} {} {NAND4X1} {0.191} {0.036} {0.232} {} {0.629} {3.917} {} {1} {(52.50, 65.45) (52.10, 66.03)} 
    NET {} {} {} {} {} {n_134} {} {0.000} {0.000} {0.232} {0.002} {0.629} {3.917} {} {} {} 
    INST {g6325__6260} {D} {v} {Y} {^} {} {NOR4XL} {0.558} {0.308} {0.494} {} {1.187} {4.475} {} {1} {(52.50, 71.16) (52.70, 70.97)} 
    NET {} {} {} {} {} {n_159} {} {0.000} {0.000} {0.494} {0.004} {1.187} {4.475} {} {} {} 
    INST {g6315__6161} {C} {^} {Y} {v} {} {NAND3X1} {0.248} {0.006} {0.221} {} {1.435} {4.723} {} {1} {(44.70, 72.48) (44.50, 73.06)} 
    NET {} {} {} {} {} {n_209} {} {0.000} {0.000} {0.221} {0.002} {1.435} {4.723} {} {} {} 
    INST {g6298__1705} {D} {v} {Y} {^} {} {NOR4XL} {0.491} {0.170} {0.609} {} {1.926} {5.214} {} {2} {(51.10, 71.16) (51.30, 70.97)} 
    NET {} {} {} {} {} {n_224} {} {0.000} {0.000} {0.609} {0.005} {1.926} {5.214} {} {} {} 
    INST {g6284__8428} {A1} {^} {Y} {v} {} {AOI21XL} {0.443} {0.036} {0.367} {} {2.369} {5.657} {} {2} {(37.70, 71.53) (38.10, 71.16)} 
    NET {} {} {} {} {} {n_234} {} {0.000} {0.000} {0.367} {0.005} {2.369} {5.657} {} {} {} 
    INST {g6268__1666} {C} {v} {Y} {^} {} {NAND3X4} {0.182} {0.000} {0.175} {} {2.552} {5.840} {} {18} {(37.90, 69.06) (38.50, 69.64)} 
    NET {} {} {} {} {} {n_321} {} {0.000} {0.000} {0.175} {0.027} {2.552} {5.840} {} {} {} 
    INST {g6249__1617} {B} {^} {Y} {v} {} {NAND2X1} {0.395} {0.070} {0.505} {} {2.947} {6.235} {} {9} {(43.30, 72.48) (43.50, 72.67)} 
    NET {} {} {} {} {} {n_298} {} {0.000} {0.000} {0.505} {0.015} {2.947} {6.235} {} {} {} 
    INST {g6202__5107} {B0} {v} {Y} {^} {} {OAI21XL} {0.238} {0.007} {0.194} {} {3.185} {6.473} {} {2} {(42.90, 67.73) (42.90, 67.17)} 
    NET {} {} {} {} {} {n_301} {} {0.000} {0.000} {0.194} {0.003} {3.185} {6.473} {} {} {} 
    INST {g6196__6131} {B0} {^} {Y} {v} {} {AOI21XL} {0.141} {0.004} {0.249} {} {3.326} {6.614} {} {2} {(43.70, 69.25) (43.90, 69.06)} 
    NET {} {} {} {} {} {n_309} {} {0.000} {0.000} {0.249} {0.003} {3.326} {6.614} {} {} {} 
    INST {g7192} {B0} {v} {Y} {v} {} {OA21X1} {0.153} {0.000} {0.052} {} {3.479} {6.767} {} {1} {(38.90, 72.11) (39.30, 72.48)} 
    NET {} {} {} {} {} {n_397} {} {0.000} {0.000} {0.052} {0.001} {3.479} {6.767} {} {} {} 
    INST {g6187__2398} {B1} {v} {Y} {^} {} {OAI2BB2XL} {0.073} {0.000} {0.152} {} {3.553} {6.841} {} {1} {(37.10, 72.48) (37.10, 73.06)} 
    NET {} {} {} {} {} {n_331} {} {0.000} {0.000} {0.152} {0.001} {3.553} {6.841} {} {} {} 
  END_DATA_PATH
  OTHER_ARR_CLC
    {} {Clock Rise Edge} {0.000}
    {=} {Beginpoint Arrival Time} {0.000}
  END_OTHER_ARR_CLC
  CAP_CLK_PATH
    COLUMNS {instance} {fpin} {fedge} {tpin} {tedge} {net} {cell} {delay} {incr_delay} {slew} {load} {arrival} {required} {stolen} {fanout} {pin_location}
    PORT {} {dma_clk} {^} {} {} {dma_clk} {} {} {} {0.000} {0.088} {0.000} {-3.288} {} {77} {(40.50, 87.21) } 
    NET {} {} {} {} {} {dma_clk} {} {0.000} {0.000} {0.000} {0.088} {0.000} {-3.288} {} {} {} 
  END_CAP_CLK_PATH
END_PATH 29
PATH 30
  VIEW  view_slow
  CHECK_TYPE {Setup Check}
  REF {u_dma_count_reg[14]} {CK}
  ENDPT {u_dma_count_reg[14]} {D} {DFFRX2} {^} {leading} {dma_clk} {dma_clk(C)(P)(view_slow)*}
  BEGINPT {u_dma_count_reg[11]} {Q} {DFFRX2} {v} {leading} {dma_clk} {dma_clk(D)(P)(view_slow)*}
  REQ_CLC
    {} {Other End Arrival Time} {0.000}
    {-} {Setup} {0.171}
    {+} {Phase Shift} {7.000}
    {+} {CPPR Adjustment} {0.000}
    {=} {Required Time} {6.829}
  END_REQ_CLC
  SLK_CLC
    {-} {Arrival Time} {3.471}
    {=} {Slack Time} {3.358}
  END_SLK_CLC
  SLK 3.358
  ARR_CLC
    {} {Clock Rise Edge} {0.000}
    {=} {Beginpoint Arrival Time} {0.000}
  END_ARR_CLC
  LAUNCH_CLK_PATH
    COLUMNS {instance} {fpin} {fedge} {tpin} {tedge} {net} {cell} {delay} {incr_delay} {slew} {load} {arrival} {required} {stolen} {fanout} {pin_location}
    PORT {} {dma_clk} {^} {} {} {dma_clk} {} {} {} {0.000} {0.088} {0.000} {3.358} {} {77} {(40.50, 87.21) } 
    NET {} {} {} {} {} {dma_clk} {} {0.000} {0.000} {0.000} {0.088} {0.000} {3.358} {} {} {} 
  END_LAUNCH_CLK_PATH 
  DATA_PATH 
    COLUMNS {instance} {fpin} {fedge} {tpin} {tedge} {net} {cell} {delay} {incr_delay} {slew} {load} {arrival} {required} {stolen} {fanout} {pin_location} 
    INST {u_dma_count_reg[11]} {CK} {^} {Q} {v} {} {DFFRX2} {0.259} {0.000} {0.037} {} {0.259} {3.618} {} {4} {(46.70, 66.03) (47.10, 65.64)} 
    NET {} {} {} {} {} {u_dma_count[11]} {} {0.000} {0.000} {0.037} {0.002} {0.259} {3.618} {} {} {} 
    INST {g6511__5526} {A} {v} {Y} {^} {} {NOR4XL} {0.178} {0.000} {0.255} {} {0.437} {3.796} {} {1} {(48.30, 65.84) (49.30, 65.84)} 
    NET {} {} {} {} {} {n_91} {} {0.000} {0.000} {0.255} {0.001} {0.437} {3.796} {} {} {} 
    INST {g6466__4733} {D} {^} {Y} {v} {} {NAND4X1} {0.191} {0.036} {0.232} {} {0.629} {3.987} {} {1} {(52.50, 65.45) (52.10, 66.03)} 
    NET {} {} {} {} {} {n_134} {} {0.000} {0.000} {0.232} {0.002} {0.629} {3.987} {} {} {} 
    INST {g6325__6260} {D} {v} {Y} {^} {} {NOR4XL} {0.558} {0.308} {0.494} {} {1.187} {4.545} {} {1} {(52.50, 71.16) (52.70, 70.97)} 
    NET {} {} {} {} {} {n_159} {} {0.000} {0.000} {0.494} {0.004} {1.187} {4.545} {} {} {} 
    INST {g6315__6161} {C} {^} {Y} {v} {} {NAND3X1} {0.248} {0.006} {0.221} {} {1.435} {4.793} {} {1} {(44.70, 72.48) (44.50, 73.06)} 
    NET {} {} {} {} {} {n_209} {} {0.000} {0.000} {0.221} {0.002} {1.435} {4.794} {} {} {} 
    INST {g6298__1705} {D} {v} {Y} {^} {} {NOR4XL} {0.491} {0.170} {0.609} {} {1.926} {5.284} {} {2} {(51.10, 71.16) (51.30, 70.97)} 
    NET {} {} {} {} {} {n_224} {} {0.000} {0.000} {0.609} {0.005} {1.926} {5.284} {} {} {} 
    INST {g6284__8428} {A1} {^} {Y} {v} {} {AOI21XL} {0.443} {0.036} {0.367} {} {2.369} {5.728} {} {2} {(37.70, 71.53) (38.10, 71.16)} 
    NET {} {} {} {} {} {n_234} {} {0.000} {0.000} {0.367} {0.005} {2.369} {5.728} {} {} {} 
    INST {g6268__1666} {C} {v} {Y} {^} {} {NAND3X4} {0.182} {0.000} {0.175} {} {2.552} {5.910} {} {18} {(37.90, 69.06) (38.50, 69.64)} 
    NET {} {} {} {} {} {n_321} {} {0.000} {0.000} {0.175} {0.027} {2.552} {5.910} {} {} {} 
    INST {g6249__1617} {B} {^} {Y} {v} {} {NAND2X1} {0.395} {0.070} {0.505} {} {2.947} {6.305} {} {9} {(43.30, 72.48) (43.50, 72.67)} 
    NET {} {} {} {} {} {n_298} {} {0.000} {0.000} {0.505} {0.015} {2.947} {6.306} {} {} {} 
    INST {g6202__5107} {B0} {v} {Y} {^} {} {OAI21XL} {0.238} {0.007} {0.194} {} {3.185} {6.543} {} {2} {(42.90, 67.73) (42.90, 67.17)} 
    NET {} {} {} {} {} {n_301} {} {0.000} {0.000} {0.194} {0.003} {3.185} {6.543} {} {} {} 
    INST {g6196__6131} {B0} {^} {Y} {v} {} {AOI21XL} {0.141} {0.004} {0.249} {} {3.326} {6.684} {} {2} {(43.70, 69.25) (43.90, 69.06)} 
    NET {} {} {} {} {} {n_309} {} {0.000} {0.000} {0.249} {0.003} {3.326} {6.684} {} {} {} 
    INST {g6190__8428} {B1} {v} {Y} {^} {} {OAI222X1} {0.145} {0.000} {0.191} {} {3.471} {6.829} {} {1} {(41.10, 72.67) (41.10, 73.06)} 
    NET {} {} {} {} {} {n_326} {} {0.000} {0.000} {0.191} {0.001} {3.471} {6.829} {} {} {} 
  END_DATA_PATH
  OTHER_ARR_CLC
    {} {Clock Rise Edge} {0.000}
    {=} {Beginpoint Arrival Time} {0.000}
  END_OTHER_ARR_CLC
  CAP_CLK_PATH
    COLUMNS {instance} {fpin} {fedge} {tpin} {tedge} {net} {cell} {delay} {incr_delay} {slew} {load} {arrival} {required} {stolen} {fanout} {pin_location}
    PORT {} {dma_clk} {^} {} {} {dma_clk} {} {} {} {0.000} {0.088} {0.000} {-3.358} {} {77} {(40.50, 87.21) } 
    NET {} {} {} {} {} {dma_clk} {} {0.000} {0.000} {0.000} {0.088} {0.000} {-3.358} {} {} {} 
  END_CAP_CLK_PATH
END_PATH 30
PATH 31
  VIEW  view_slow
  CHECK_TYPE {Setup Check}
  REF {u_dma_count_reg[6]} {CK}
  ENDPT {u_dma_count_reg[6]} {D} {DFFRX2} {^} {leading} {dma_clk} {dma_clk(C)(P)(view_slow)*}
  BEGINPT {u_dma_count_reg[11]} {Q} {DFFRX2} {v} {leading} {dma_clk} {dma_clk(D)(P)(view_slow)*}
  REQ_CLC
    {} {Other End Arrival Time} {0.000}
    {-} {Setup} {0.169}
    {+} {Phase Shift} {7.000}
    {+} {CPPR Adjustment} {0.000}
    {=} {Required Time} {6.831}
  END_REQ_CLC
  SLK_CLC
    {-} {Arrival Time} {3.441}
    {=} {Slack Time} {3.389}
  END_SLK_CLC
  SLK 3.389
  ARR_CLC
    {} {Clock Rise Edge} {0.000}
    {=} {Beginpoint Arrival Time} {0.000}
  END_ARR_CLC
  LAUNCH_CLK_PATH
    COLUMNS {instance} {fpin} {fedge} {tpin} {tedge} {net} {cell} {delay} {incr_delay} {slew} {load} {arrival} {required} {stolen} {fanout} {pin_location}
    PORT {} {dma_clk} {^} {} {} {dma_clk} {} {} {} {0.000} {0.088} {0.000} {3.389} {} {77} {(40.50, 87.21) } 
    NET {} {} {} {} {} {dma_clk} {} {0.000} {0.000} {0.000} {0.088} {0.000} {3.389} {} {} {} 
  END_LAUNCH_CLK_PATH 
  DATA_PATH 
    COLUMNS {instance} {fpin} {fedge} {tpin} {tedge} {net} {cell} {delay} {incr_delay} {slew} {load} {arrival} {required} {stolen} {fanout} {pin_location} 
    INST {u_dma_count_reg[11]} {CK} {^} {Q} {v} {} {DFFRX2} {0.259} {0.000} {0.037} {} {0.259} {3.648} {} {4} {(46.70, 66.03) (47.10, 65.64)} 
    NET {} {} {} {} {} {u_dma_count[11]} {} {0.000} {0.000} {0.037} {0.002} {0.259} {3.648} {} {} {} 
    INST {g6511__5526} {A} {v} {Y} {^} {} {NOR4XL} {0.178} {0.000} {0.255} {} {0.437} {3.827} {} {1} {(48.30, 65.84) (49.30, 65.84)} 
    NET {} {} {} {} {} {n_91} {} {0.000} {0.000} {0.255} {0.001} {0.437} {3.827} {} {} {} 
    INST {g6466__4733} {D} {^} {Y} {v} {} {NAND4X1} {0.191} {0.036} {0.232} {} {0.629} {4.018} {} {1} {(52.50, 65.45) (52.10, 66.03)} 
    NET {} {} {} {} {} {n_134} {} {0.000} {0.000} {0.232} {0.002} {0.629} {4.018} {} {} {} 
    INST {g6325__6260} {D} {v} {Y} {^} {} {NOR4XL} {0.558} {0.308} {0.494} {} {1.186} {4.576} {} {1} {(52.50, 71.16) (52.70, 70.97)} 
    NET {} {} {} {} {} {n_159} {} {0.000} {0.000} {0.494} {0.004} {1.186} {4.576} {} {} {} 
    INST {g6315__6161} {C} {^} {Y} {v} {} {NAND3X1} {0.248} {0.006} {0.221} {} {1.435} {4.824} {} {1} {(44.70, 72.48) (44.50, 73.06)} 
    NET {} {} {} {} {} {n_209} {} {0.000} {0.000} {0.221} {0.002} {1.435} {4.824} {} {} {} 
    INST {g6298__1705} {D} {v} {Y} {^} {} {NOR4XL} {0.491} {0.170} {0.609} {} {1.926} {5.315} {} {2} {(51.10, 71.16) (51.30, 70.97)} 
    NET {} {} {} {} {} {n_224} {} {0.000} {0.000} {0.609} {0.005} {1.926} {5.315} {} {} {} 
    INST {g6284__8428} {A1} {^} {Y} {v} {} {AOI21XL} {0.443} {0.036} {0.367} {} {2.369} {5.758} {} {2} {(37.70, 71.53) (38.10, 71.16)} 
    NET {} {} {} {} {} {n_234} {} {0.000} {0.000} {0.367} {0.005} {2.369} {5.759} {} {} {} 
    INST {g6268__1666} {C} {v} {Y} {^} {} {NAND3X4} {0.182} {0.000} {0.175} {} {2.552} {5.941} {} {18} {(37.90, 69.06) (38.50, 69.64)} 
    NET {} {} {} {} {} {n_321} {} {0.000} {0.000} {0.175} {0.027} {2.552} {5.941} {} {} {} 
    INST {g6249__1617} {B} {^} {Y} {v} {} {NAND2X1} {0.395} {0.070} {0.505} {} {2.947} {6.336} {} {9} {(43.30, 72.48) (43.50, 72.67)} 
    NET {} {} {} {} {} {n_298} {} {0.000} {0.000} {0.505} {0.015} {2.947} {6.337} {} {} {} 
    INST {g6246} {A} {v} {Y} {^} {} {INVX1} {0.229} {0.005} {0.148} {} {3.176} {6.565} {} {3} {(49.51, 65.74) (49.70, 65.74)} 
    NET {} {} {} {} {} {n_295} {} {0.000} {0.000} {0.148} {0.004} {3.176} {6.565} {} {} {} 
    INST {g6239__9315} {B0} {^} {Y} {v} {} {AOI21XL} {0.118} {0.023} {0.254} {} {3.294} {6.684} {} {2} {(54.70, 65.84) (54.90, 65.64)} 
    NET {} {} {} {} {} {n_313} {} {0.000} {0.000} {0.254} {0.003} {3.294} {6.684} {} {} {} 
    INST {g6223__5122} {B1} {v} {Y} {^} {} {OAI222X1} {0.147} {0.018} {0.185} {} {3.441} {6.831} {} {1} {(58.10, 65.84) (58.10, 66.22)} 
    NET {} {} {} {} {} {n_314} {} {0.000} {0.000} {0.185} {0.002} {3.441} {6.831} {} {} {} 
  END_DATA_PATH
  OTHER_ARR_CLC
    {} {Clock Rise Edge} {0.000}
    {=} {Beginpoint Arrival Time} {0.000}
  END_OTHER_ARR_CLC
  CAP_CLK_PATH
    COLUMNS {instance} {fpin} {fedge} {tpin} {tedge} {net} {cell} {delay} {incr_delay} {slew} {load} {arrival} {required} {stolen} {fanout} {pin_location}
    PORT {} {dma_clk} {^} {} {} {dma_clk} {} {} {} {0.000} {0.088} {0.000} {-3.389} {} {77} {(40.50, 87.21) } 
    NET {} {} {} {} {} {dma_clk} {} {0.000} {0.000} {0.000} {0.088} {0.000} {-3.389} {} {} {} 
  END_CAP_CLK_PATH
END_PATH 31
PATH 32
  VIEW  view_slow
  CHECK_TYPE {Setup Check}
  REF {u_dma_count_reg[10]} {CK}
  ENDPT {u_dma_count_reg[10]} {D} {DFFRX2} {^} {leading} {dma_clk} {dma_clk(C)(P)(view_slow)*}
  BEGINPT {u_dma_count_reg[11]} {Q} {DFFRX2} {v} {leading} {dma_clk} {dma_clk(D)(P)(view_slow)*}
  REQ_CLC
    {} {Other End Arrival Time} {0.000}
    {-} {Setup} {0.168}
    {+} {Phase Shift} {7.000}
    {+} {CPPR Adjustment} {0.000}
    {=} {Required Time} {6.832}
  END_REQ_CLC
  SLK_CLC
    {-} {Arrival Time} {3.423}
    {=} {Slack Time} {3.409}
  END_SLK_CLC
  SLK 3.409
  ARR_CLC
    {} {Clock Rise Edge} {0.000}
    {=} {Beginpoint Arrival Time} {0.000}
  END_ARR_CLC
  LAUNCH_CLK_PATH
    COLUMNS {instance} {fpin} {fedge} {tpin} {tedge} {net} {cell} {delay} {incr_delay} {slew} {load} {arrival} {required} {stolen} {fanout} {pin_location}
    PORT {} {dma_clk} {^} {} {} {dma_clk} {} {} {} {0.000} {0.088} {0.000} {3.409} {} {77} {(40.50, 87.21) } 
    NET {} {} {} {} {} {dma_clk} {} {0.000} {0.000} {0.000} {0.088} {0.000} {3.409} {} {} {} 
  END_LAUNCH_CLK_PATH 
  DATA_PATH 
    COLUMNS {instance} {fpin} {fedge} {tpin} {tedge} {net} {cell} {delay} {incr_delay} {slew} {load} {arrival} {required} {stolen} {fanout} {pin_location} 
    INST {u_dma_count_reg[11]} {CK} {^} {Q} {v} {} {DFFRX2} {0.259} {0.000} {0.037} {} {0.259} {3.668} {} {4} {(46.70, 66.03) (47.10, 65.64)} 
    NET {} {} {} {} {} {u_dma_count[11]} {} {0.000} {0.000} {0.037} {0.002} {0.259} {3.668} {} {} {} 
    INST {g6511__5526} {A} {v} {Y} {^} {} {NOR4XL} {0.178} {0.000} {0.255} {} {0.437} {3.846} {} {1} {(48.30, 65.84) (49.30, 65.84)} 
    NET {} {} {} {} {} {n_91} {} {0.000} {0.000} {0.255} {0.001} {0.437} {3.846} {} {} {} 
    INST {g6466__4733} {D} {^} {Y} {v} {} {NAND4X1} {0.191} {0.036} {0.232} {} {0.629} {4.038} {} {1} {(52.50, 65.45) (52.10, 66.03)} 
    NET {} {} {} {} {} {n_134} {} {0.000} {0.000} {0.232} {0.002} {0.629} {4.038} {} {} {} 
    INST {g6325__6260} {D} {v} {Y} {^} {} {NOR4XL} {0.558} {0.308} {0.494} {} {1.187} {4.595} {} {1} {(52.50, 71.16) (52.70, 70.97)} 
    NET {} {} {} {} {} {n_159} {} {0.000} {0.000} {0.494} {0.004} {1.187} {4.595} {} {} {} 
    INST {g6315__6161} {C} {^} {Y} {v} {} {NAND3X1} {0.248} {0.006} {0.221} {} {1.435} {4.844} {} {1} {(44.70, 72.48) (44.50, 73.06)} 
    NET {} {} {} {} {} {n_209} {} {0.000} {0.000} {0.221} {0.002} {1.435} {4.844} {} {} {} 
    INST {g6298__1705} {D} {v} {Y} {^} {} {NOR4XL} {0.491} {0.170} {0.609} {} {1.926} {5.335} {} {2} {(51.10, 71.16) (51.30, 70.97)} 
    NET {} {} {} {} {} {n_224} {} {0.000} {0.000} {0.609} {0.005} {1.926} {5.335} {} {} {} 
    INST {g6284__8428} {A1} {^} {Y} {v} {} {AOI21XL} {0.443} {0.036} {0.367} {} {2.369} {5.778} {} {2} {(37.70, 71.53) (38.10, 71.16)} 
    NET {} {} {} {} {} {n_234} {} {0.000} {0.000} {0.367} {0.005} {2.369} {5.778} {} {} {} 
    INST {g6268__1666} {C} {v} {Y} {^} {} {NAND3X4} {0.182} {0.000} {0.175} {} {2.552} {5.961} {} {18} {(37.90, 69.06) (38.50, 69.64)} 
    NET {} {} {} {} {} {n_321} {} {0.000} {0.000} {0.175} {0.027} {2.552} {5.961} {} {} {} 
    INST {g6249__1617} {B} {^} {Y} {v} {} {NAND2X1} {0.395} {0.070} {0.505} {} {2.947} {6.356} {} {9} {(43.30, 72.48) (43.50, 72.67)} 
    NET {} {} {} {} {} {n_298} {} {0.000} {0.000} {0.505} {0.015} {2.947} {6.356} {} {} {} 
    INST {g6246} {A} {v} {Y} {^} {} {INVX1} {0.229} {0.005} {0.148} {} {3.176} {6.585} {} {3} {(49.51, 65.74) (49.70, 65.74)} 
    NET {} {} {} {} {} {n_295} {} {0.000} {0.000} {0.148} {0.004} {3.176} {6.585} {} {} {} 
    INST {g6241__6417} {B0} {^} {Y} {v} {} {AOI21XL} {0.100} {0.014} {0.224} {} {3.276} {6.685} {} {2} {(49.50, 62.41) (49.70, 62.23)} 
    NET {} {} {} {} {} {n_311} {} {0.000} {0.000} {0.224} {0.003} {3.276} {6.685} {} {} {} 
    INST {g6212__3680} {B1} {v} {Y} {^} {} {OAI222X1} {0.147} {0.004} {0.180} {} {3.423} {6.832} {} {1} {(46.30, 62.41) (46.30, 62.80)} 
    NET {} {} {} {} {} {n_320} {} {0.000} {0.000} {0.180} {0.002} {3.423} {6.832} {} {} {} 
  END_DATA_PATH
  OTHER_ARR_CLC
    {} {Clock Rise Edge} {0.000}
    {=} {Beginpoint Arrival Time} {0.000}
  END_OTHER_ARR_CLC
  CAP_CLK_PATH
    COLUMNS {instance} {fpin} {fedge} {tpin} {tedge} {net} {cell} {delay} {incr_delay} {slew} {load} {arrival} {required} {stolen} {fanout} {pin_location}
    PORT {} {dma_clk} {^} {} {} {dma_clk} {} {} {} {0.000} {0.088} {0.000} {-3.409} {} {77} {(40.50, 87.21) } 
    NET {} {} {} {} {} {dma_clk} {} {0.000} {0.000} {0.000} {0.088} {0.000} {-3.409} {} {} {} 
  END_CAP_CLK_PATH
END_PATH 32
PATH 33
  VIEW  view_slow
  CHECK_TYPE {Setup Check}
  REF {u_dma_count_reg[5]} {CK}
  ENDPT {u_dma_count_reg[5]} {D} {DFFRX2} {^} {leading} {dma_clk} {dma_clk(C)(P)(view_slow)*}
  BEGINPT {u_dma_count_reg[11]} {Q} {DFFRX2} {v} {leading} {dma_clk} {dma_clk(D)(P)(view_slow)*}
  REQ_CLC
    {} {Other End Arrival Time} {0.000}
    {-} {Setup} {0.172}
    {+} {Phase Shift} {7.000}
    {+} {CPPR Adjustment} {0.000}
    {=} {Required Time} {6.828}
  END_REQ_CLC
  SLK_CLC
    {-} {Arrival Time} {3.416}
    {=} {Slack Time} {3.413}
  END_SLK_CLC
  SLK 3.413
  ARR_CLC
    {} {Clock Rise Edge} {0.000}
    {=} {Beginpoint Arrival Time} {0.000}
  END_ARR_CLC
  LAUNCH_CLK_PATH
    COLUMNS {instance} {fpin} {fedge} {tpin} {tedge} {net} {cell} {delay} {incr_delay} {slew} {load} {arrival} {required} {stolen} {fanout} {pin_location}
    PORT {} {dma_clk} {^} {} {} {dma_clk} {} {} {} {0.000} {0.088} {0.000} {3.413} {} {77} {(40.50, 87.21) } 
    NET {} {} {} {} {} {dma_clk} {} {0.000} {0.000} {0.000} {0.088} {0.000} {3.413} {} {} {} 
  END_LAUNCH_CLK_PATH 
  DATA_PATH 
    COLUMNS {instance} {fpin} {fedge} {tpin} {tedge} {net} {cell} {delay} {incr_delay} {slew} {load} {arrival} {required} {stolen} {fanout} {pin_location} 
    INST {u_dma_count_reg[11]} {CK} {^} {Q} {v} {} {DFFRX2} {0.259} {0.000} {0.037} {} {0.259} {3.672} {} {4} {(46.70, 66.03) (47.10, 65.64)} 
    NET {} {} {} {} {} {u_dma_count[11]} {} {0.000} {0.000} {0.037} {0.002} {0.259} {3.672} {} {} {} 
    INST {g6511__5526} {A} {v} {Y} {^} {} {NOR4XL} {0.178} {0.000} {0.255} {} {0.437} {3.850} {} {1} {(48.30, 65.84) (49.30, 65.84)} 
    NET {} {} {} {} {} {n_91} {} {0.000} {0.000} {0.255} {0.001} {0.437} {3.850} {} {} {} 
    INST {g6466__4733} {D} {^} {Y} {v} {} {NAND4X1} {0.191} {0.036} {0.232} {} {0.629} {4.041} {} {1} {(52.50, 65.45) (52.10, 66.03)} 
    NET {} {} {} {} {} {n_134} {} {0.000} {0.000} {0.232} {0.002} {0.629} {4.041} {} {} {} 
    INST {g6325__6260} {D} {v} {Y} {^} {} {NOR4XL} {0.558} {0.308} {0.494} {} {1.186} {4.599} {} {1} {(52.50, 71.16) (52.70, 70.97)} 
    NET {} {} {} {} {} {n_159} {} {0.000} {0.000} {0.494} {0.004} {1.186} {4.599} {} {} {} 
    INST {g6315__6161} {C} {^} {Y} {v} {} {NAND3X1} {0.248} {0.006} {0.221} {} {1.435} {4.848} {} {1} {(44.70, 72.48) (44.50, 73.06)} 
    NET {} {} {} {} {} {n_209} {} {0.000} {0.000} {0.221} {0.002} {1.435} {4.848} {} {} {} 
    INST {g6298__1705} {D} {v} {Y} {^} {} {NOR4XL} {0.491} {0.170} {0.609} {} {1.926} {5.338} {} {2} {(51.10, 71.16) (51.30, 70.97)} 
    NET {} {} {} {} {} {n_224} {} {0.000} {0.000} {0.609} {0.005} {1.926} {5.339} {} {} {} 
    INST {g6284__8428} {A1} {^} {Y} {v} {} {AOI21XL} {0.443} {0.036} {0.367} {} {2.369} {5.782} {} {2} {(37.70, 71.53) (38.10, 71.16)} 
    NET {} {} {} {} {} {n_234} {} {0.000} {0.000} {0.367} {0.005} {2.369} {5.782} {} {} {} 
    INST {g6268__1666} {C} {v} {Y} {^} {} {NAND3X4} {0.182} {0.000} {0.175} {} {2.552} {5.964} {} {18} {(37.90, 69.06) (38.50, 69.64)} 
    NET {} {} {} {} {} {n_321} {} {0.000} {0.000} {0.175} {0.027} {2.552} {5.964} {} {} {} 
    INST {g6249__1617} {B} {^} {Y} {v} {} {NAND2X1} {0.395} {0.070} {0.505} {} {2.947} {6.359} {} {9} {(43.30, 72.48) (43.50, 72.67)} 
    NET {} {} {} {} {} {n_298} {} {0.000} {0.000} {0.505} {0.015} {2.947} {6.360} {} {} {} 
    INST {g6246} {A} {v} {Y} {^} {} {INVX1} {0.229} {0.005} {0.148} {} {3.176} {6.589} {} {3} {(49.51, 65.74) (49.70, 65.74)} 
    NET {} {} {} {} {} {n_295} {} {0.000} {0.000} {0.148} {0.004} {3.176} {6.589} {} {} {} 
    INST {g6240__6161} {B0} {^} {Y} {v} {} {AOI21XL} {0.110} {0.003} {0.205} {} {3.287} {6.699} {} {2} {(54.70, 64.12) (54.90, 64.31)} 
    NET {} {} {} {} {} {n_315} {} {0.000} {0.000} {0.205} {0.003} {3.287} {6.699} {} {} {} 
    INST {g6213__6783} {B1} {v} {Y} {^} {} {OAI222X1} {0.129} {0.000} {0.194} {} {3.416} {6.828} {} {1} {(58.10, 62.41) (58.10, 62.80)} 
    NET {} {} {} {} {} {n_322} {} {0.000} {0.000} {0.194} {0.001} {3.416} {6.828} {} {} {} 
  END_DATA_PATH
  OTHER_ARR_CLC
    {} {Clock Rise Edge} {0.000}
    {=} {Beginpoint Arrival Time} {0.000}
  END_OTHER_ARR_CLC
  CAP_CLK_PATH
    COLUMNS {instance} {fpin} {fedge} {tpin} {tedge} {net} {cell} {delay} {incr_delay} {slew} {load} {arrival} {required} {stolen} {fanout} {pin_location}
    PORT {} {dma_clk} {^} {} {} {dma_clk} {} {} {} {0.000} {0.088} {0.000} {-3.413} {} {77} {(40.50, 87.21) } 
    NET {} {} {} {} {} {dma_clk} {} {0.000} {0.000} {0.000} {0.088} {0.000} {-3.413} {} {} {} 
  END_CAP_CLK_PATH
END_PATH 33
PATH 34
  VIEW  view_slow
  CHECK_TYPE {Setup Check}
  REF {u_dma_count_reg[7]} {CK}
  ENDPT {u_dma_count_reg[7]} {D} {DFFRX2} {^} {leading} {dma_clk} {dma_clk(C)(P)(view_slow)*}
  BEGINPT {u_dma_count_reg[11]} {Q} {DFFRX2} {v} {leading} {dma_clk} {dma_clk(D)(P)(view_slow)*}
  REQ_CLC
    {} {Other End Arrival Time} {0.000}
    {-} {Setup} {0.167}
    {+} {Phase Shift} {7.000}
    {+} {CPPR Adjustment} {0.000}
    {=} {Required Time} {6.833}
  END_REQ_CLC
  SLK_CLC
    {-} {Arrival Time} {3.420}
    {=} {Slack Time} {3.413}
  END_SLK_CLC
  SLK 3.413
  ARR_CLC
    {} {Clock Rise Edge} {0.000}
    {=} {Beginpoint Arrival Time} {0.000}
  END_ARR_CLC
  LAUNCH_CLK_PATH
    COLUMNS {instance} {fpin} {fedge} {tpin} {tedge} {net} {cell} {delay} {incr_delay} {slew} {load} {arrival} {required} {stolen} {fanout} {pin_location}
    PORT {} {dma_clk} {^} {} {} {dma_clk} {} {} {} {0.000} {0.088} {0.000} {3.413} {} {77} {(40.50, 87.21) } 
    NET {} {} {} {} {} {dma_clk} {} {0.000} {0.000} {0.000} {0.088} {0.000} {3.413} {} {} {} 
  END_LAUNCH_CLK_PATH 
  DATA_PATH 
    COLUMNS {instance} {fpin} {fedge} {tpin} {tedge} {net} {cell} {delay} {incr_delay} {slew} {load} {arrival} {required} {stolen} {fanout} {pin_location} 
    INST {u_dma_count_reg[11]} {CK} {^} {Q} {v} {} {DFFRX2} {0.259} {0.000} {0.037} {} {0.259} {3.673} {} {4} {(46.70, 66.03) (47.10, 65.64)} 
    NET {} {} {} {} {} {u_dma_count[11]} {} {0.000} {0.000} {0.037} {0.002} {0.259} {3.673} {} {} {} 
    INST {g6511__5526} {A} {v} {Y} {^} {} {NOR4XL} {0.178} {0.000} {0.255} {} {0.437} {3.851} {} {1} {(48.30, 65.84) (49.30, 65.84)} 
    NET {} {} {} {} {} {n_91} {} {0.000} {0.000} {0.255} {0.001} {0.437} {3.851} {} {} {} 
    INST {g6466__4733} {D} {^} {Y} {v} {} {NAND4X1} {0.191} {0.036} {0.232} {} {0.629} {4.042} {} {1} {(52.50, 65.45) (52.10, 66.03)} 
    NET {} {} {} {} {} {n_134} {} {0.000} {0.000} {0.232} {0.002} {0.629} {4.042} {} {} {} 
    INST {g6325__6260} {D} {v} {Y} {^} {} {NOR4XL} {0.558} {0.308} {0.494} {} {1.186} {4.600} {} {1} {(52.50, 71.16) (52.70, 70.97)} 
    NET {} {} {} {} {} {n_159} {} {0.000} {0.000} {0.494} {0.004} {1.186} {4.600} {} {} {} 
    INST {g6315__6161} {C} {^} {Y} {v} {} {NAND3X1} {0.248} {0.006} {0.221} {} {1.435} {4.848} {} {1} {(44.70, 72.48) (44.50, 73.06)} 
    NET {} {} {} {} {} {n_209} {} {0.000} {0.000} {0.221} {0.002} {1.435} {4.849} {} {} {} 
    INST {g6298__1705} {D} {v} {Y} {^} {} {NOR4XL} {0.491} {0.170} {0.609} {} {1.926} {5.339} {} {2} {(51.10, 71.16) (51.30, 70.97)} 
    NET {} {} {} {} {} {n_224} {} {0.000} {0.000} {0.609} {0.005} {1.926} {5.339} {} {} {} 
    INST {g6284__8428} {A1} {^} {Y} {v} {} {AOI21XL} {0.443} {0.036} {0.367} {} {2.369} {5.783} {} {2} {(37.70, 71.53) (38.10, 71.16)} 
    NET {} {} {} {} {} {n_234} {} {0.000} {0.000} {0.367} {0.005} {2.369} {5.783} {} {} {} 
    INST {g6268__1666} {C} {v} {Y} {^} {} {NAND3X4} {0.182} {0.000} {0.175} {} {2.552} {5.965} {} {18} {(37.90, 69.06) (38.50, 69.64)} 
    NET {} {} {} {} {} {n_321} {} {0.000} {0.000} {0.175} {0.027} {2.552} {5.965} {} {} {} 
    INST {g6249__1617} {B} {^} {Y} {v} {} {NAND2X1} {0.395} {0.070} {0.505} {} {2.947} {6.360} {} {9} {(43.30, 72.48) (43.50, 72.67)} 
    NET {} {} {} {} {} {n_298} {} {0.000} {0.000} {0.505} {0.015} {2.947} {6.361} {} {} {} 
    INST {g6246} {A} {v} {Y} {^} {} {INVX1} {0.229} {0.005} {0.148} {} {3.176} {6.589} {} {3} {(49.51, 65.74) (49.70, 65.74)} 
    NET {} {} {} {} {} {n_295} {} {0.000} {0.000} {0.148} {0.004} {3.176} {6.590} {} {} {} 
    INST {g6239__9315} {B0} {^} {Y} {v} {} {AOI21XL} {0.118} {0.023} {0.254} {} {3.294} {6.708} {} {2} {(54.70, 65.84) (54.90, 65.64)} 
    NET {} {} {} {} {} {n_313} {} {0.000} {0.000} {0.254} {0.003} {3.294} {6.708} {} {} {} 
    INST {g6222__1617} {B1} {v} {Y} {^} {} {OAI222X1} {0.125} {0.003} {0.174} {} {3.420} {6.833} {} {1} {(60.70, 65.84) (60.70, 66.22)} 
    NET {} {} {} {} {} {n_319} {} {0.000} {0.000} {0.174} {0.002} {3.420} {6.833} {} {} {} 
  END_DATA_PATH
  OTHER_ARR_CLC
    {} {Clock Rise Edge} {0.000}
    {=} {Beginpoint Arrival Time} {0.000}
  END_OTHER_ARR_CLC
  CAP_CLK_PATH
    COLUMNS {instance} {fpin} {fedge} {tpin} {tedge} {net} {cell} {delay} {incr_delay} {slew} {load} {arrival} {required} {stolen} {fanout} {pin_location}
    PORT {} {dma_clk} {^} {} {} {dma_clk} {} {} {} {0.000} {0.088} {0.000} {-3.413} {} {77} {(40.50, 87.21) } 
    NET {} {} {} {} {} {dma_clk} {} {0.000} {0.000} {0.000} {0.088} {0.000} {-3.413} {} {} {} 
  END_CAP_CLK_PATH
END_PATH 34
PATH 35
  VIEW  view_slow
  CHECK_TYPE {Setup Check}
  REF {u_dma_count_reg[11]} {CK}
  ENDPT {u_dma_count_reg[11]} {D} {DFFRX2} {^} {leading} {dma_clk} {dma_clk(C)(P)(view_slow)*}
  BEGINPT {u_dma_count_reg[11]} {Q} {DFFRX2} {v} {leading} {dma_clk} {dma_clk(D)(P)(view_slow)*}
  REQ_CLC
    {} {Other End Arrival Time} {0.000}
    {-} {Setup} {0.171}
    {+} {Phase Shift} {7.000}
    {+} {CPPR Adjustment} {0.000}
    {=} {Required Time} {6.829}
  END_REQ_CLC
  SLK_CLC
    {-} {Arrival Time} {3.411}
    {=} {Slack Time} {3.418}
  END_SLK_CLC
  SLK 3.418
  ARR_CLC
    {} {Clock Rise Edge} {0.000}
    {=} {Beginpoint Arrival Time} {0.000}
  END_ARR_CLC
  LAUNCH_CLK_PATH
    COLUMNS {instance} {fpin} {fedge} {tpin} {tedge} {net} {cell} {delay} {incr_delay} {slew} {load} {arrival} {required} {stolen} {fanout} {pin_location}
    PORT {} {dma_clk} {^} {} {} {dma_clk} {} {} {} {0.000} {0.088} {0.000} {3.418} {} {77} {(40.50, 87.21) } 
    NET {} {} {} {} {} {dma_clk} {} {0.000} {0.000} {0.000} {0.088} {0.000} {3.418} {} {} {} 
  END_LAUNCH_CLK_PATH 
  DATA_PATH 
    COLUMNS {instance} {fpin} {fedge} {tpin} {tedge} {net} {cell} {delay} {incr_delay} {slew} {load} {arrival} {required} {stolen} {fanout} {pin_location} 
    INST {u_dma_count_reg[11]} {CK} {^} {Q} {v} {} {DFFRX2} {0.259} {0.000} {0.037} {} {0.259} {3.677} {} {4} {(46.70, 66.03) (47.10, 65.64)} 
    NET {} {} {} {} {} {u_dma_count[11]} {} {0.000} {0.000} {0.037} {0.002} {0.259} {3.677} {} {} {} 
    INST {g6511__5526} {A} {v} {Y} {^} {} {NOR4XL} {0.178} {0.000} {0.255} {} {0.437} {3.855} {} {1} {(48.30, 65.84) (49.30, 65.84)} 
    NET {} {} {} {} {} {n_91} {} {0.000} {0.000} {0.255} {0.001} {0.437} {3.855} {} {} {} 
    INST {g6466__4733} {D} {^} {Y} {v} {} {NAND4X1} {0.191} {0.036} {0.232} {} {0.629} {4.047} {} {1} {(52.50, 65.45) (52.10, 66.03)} 
    NET {} {} {} {} {} {n_134} {} {0.000} {0.000} {0.232} {0.002} {0.629} {4.047} {} {} {} 
    INST {g6325__6260} {D} {v} {Y} {^} {} {NOR4XL} {0.558} {0.308} {0.494} {} {1.186} {4.605} {} {1} {(52.50, 71.16) (52.70, 70.97)} 
    NET {} {} {} {} {} {n_159} {} {0.000} {0.000} {0.494} {0.004} {1.186} {4.605} {} {} {} 
    INST {g6315__6161} {C} {^} {Y} {v} {} {NAND3X1} {0.248} {0.006} {0.221} {} {1.435} {4.853} {} {1} {(44.70, 72.48) (44.50, 73.06)} 
    NET {} {} {} {} {} {n_209} {} {0.000} {0.000} {0.221} {0.002} {1.435} {4.853} {} {} {} 
    INST {g6298__1705} {D} {v} {Y} {^} {} {NOR4XL} {0.491} {0.170} {0.609} {} {1.926} {5.344} {} {2} {(51.10, 71.16) (51.30, 70.97)} 
    NET {} {} {} {} {} {n_224} {} {0.000} {0.000} {0.609} {0.005} {1.926} {5.344} {} {} {} 
    INST {g6284__8428} {A1} {^} {Y} {v} {} {AOI21XL} {0.443} {0.036} {0.367} {} {2.369} {5.787} {} {2} {(37.70, 71.53) (38.10, 71.16)} 
    NET {} {} {} {} {} {n_234} {} {0.000} {0.000} {0.367} {0.005} {2.369} {5.787} {} {} {} 
    INST {g6268__1666} {C} {v} {Y} {^} {} {NAND3X4} {0.182} {0.000} {0.175} {} {2.552} {5.970} {} {18} {(37.90, 69.06) (38.50, 69.64)} 
    NET {} {} {} {} {} {n_321} {} {0.000} {0.000} {0.175} {0.027} {2.552} {5.970} {} {} {} 
    INST {g6249__1617} {B} {^} {Y} {v} {} {NAND2X1} {0.395} {0.070} {0.505} {} {2.947} {6.365} {} {9} {(43.30, 72.48) (43.50, 72.67)} 
    NET {} {} {} {} {} {n_298} {} {0.000} {0.000} {0.505} {0.015} {2.947} {6.365} {} {} {} 
    INST {g6246} {A} {v} {Y} {^} {} {INVX1} {0.229} {0.005} {0.148} {} {3.176} {6.594} {} {3} {(49.51, 65.74) (49.70, 65.74)} 
    NET {} {} {} {} {} {n_295} {} {0.000} {0.000} {0.148} {0.004} {3.176} {6.594} {} {} {} 
    INST {g6241__6417} {B0} {^} {Y} {v} {} {AOI21XL} {0.100} {0.014} {0.224} {} {3.276} {6.694} {} {2} {(49.50, 62.41) (49.70, 62.23)} 
    NET {} {} {} {} {} {n_311} {} {0.000} {0.000} {0.224} {0.003} {3.276} {6.694} {} {} {} 
    INST {g6211__8246} {B1} {v} {Y} {^} {} {OAI222X1} {0.135} {0.000} {0.193} {} {3.411} {6.829} {} {1} {(43.70, 62.41) (43.70, 62.80)} 
    NET {} {} {} {} {} {n_312} {} {0.000} {0.000} {0.193} {0.001} {3.411} {6.829} {} {} {} 
  END_DATA_PATH
  OTHER_ARR_CLC
    {} {Clock Rise Edge} {0.000}
    {=} {Beginpoint Arrival Time} {0.000}
  END_OTHER_ARR_CLC
  CAP_CLK_PATH
    COLUMNS {instance} {fpin} {fedge} {tpin} {tedge} {net} {cell} {delay} {incr_delay} {slew} {load} {arrival} {required} {stolen} {fanout} {pin_location}
    PORT {} {dma_clk} {^} {} {} {dma_clk} {} {} {} {0.000} {0.088} {0.000} {-3.418} {} {77} {(40.50, 87.21) } 
    NET {} {} {} {} {} {dma_clk} {} {0.000} {0.000} {0.000} {0.088} {0.000} {-3.418} {} {} {} 
  END_CAP_CLK_PATH
END_PATH 35
PATH 36
  VIEW  view_slow
  CHECK_TYPE {Setup Check}
  REF {u_dma_count_reg[4]} {CK}
  ENDPT {u_dma_count_reg[4]} {D} {DFFRX2} {^} {leading} {dma_clk} {dma_clk(C)(P)(view_slow)*}
  BEGINPT {u_dma_count_reg[11]} {Q} {DFFRX2} {v} {leading} {dma_clk} {dma_clk(D)(P)(view_slow)*}
  REQ_CLC
    {} {Other End Arrival Time} {0.000}
    {-} {Setup} {0.165}
    {+} {Phase Shift} {7.000}
    {+} {CPPR Adjustment} {0.000}
    {=} {Required Time} {6.835}
  END_REQ_CLC
  SLK_CLC
    {-} {Arrival Time} {3.394}
    {=} {Slack Time} {3.441}
  END_SLK_CLC
  SLK 3.441
  ARR_CLC
    {} {Clock Rise Edge} {0.000}
    {=} {Beginpoint Arrival Time} {0.000}
  END_ARR_CLC
  LAUNCH_CLK_PATH
    COLUMNS {instance} {fpin} {fedge} {tpin} {tedge} {net} {cell} {delay} {incr_delay} {slew} {load} {arrival} {required} {stolen} {fanout} {pin_location}
    PORT {} {dma_clk} {^} {} {} {dma_clk} {} {} {} {0.000} {0.088} {0.000} {3.441} {} {77} {(40.50, 87.21) } 
    NET {} {} {} {} {} {dma_clk} {} {0.000} {0.000} {0.000} {0.088} {0.000} {3.441} {} {} {} 
  END_LAUNCH_CLK_PATH 
  DATA_PATH 
    COLUMNS {instance} {fpin} {fedge} {tpin} {tedge} {net} {cell} {delay} {incr_delay} {slew} {load} {arrival} {required} {stolen} {fanout} {pin_location} 
    INST {u_dma_count_reg[11]} {CK} {^} {Q} {v} {} {DFFRX2} {0.259} {0.000} {0.037} {} {0.259} {3.700} {} {4} {(46.70, 66.03) (47.10, 65.64)} 
    NET {} {} {} {} {} {u_dma_count[11]} {} {0.000} {0.000} {0.037} {0.002} {0.259} {3.700} {} {} {} 
    INST {g6511__5526} {A} {v} {Y} {^} {} {NOR4XL} {0.178} {0.000} {0.255} {} {0.437} {3.878} {} {1} {(48.30, 65.84) (49.30, 65.84)} 
    NET {} {} {} {} {} {n_91} {} {0.000} {0.000} {0.255} {0.001} {0.437} {3.878} {} {} {} 
    INST {g6466__4733} {D} {^} {Y} {v} {} {NAND4X1} {0.191} {0.036} {0.232} {} {0.629} {4.069} {} {1} {(52.50, 65.45) (52.10, 66.03)} 
    NET {} {} {} {} {} {n_134} {} {0.000} {0.000} {0.232} {0.002} {0.629} {4.069} {} {} {} 
    INST {g6325__6260} {D} {v} {Y} {^} {} {NOR4XL} {0.558} {0.308} {0.494} {} {1.186} {4.627} {} {1} {(52.50, 71.16) (52.70, 70.97)} 
    NET {} {} {} {} {} {n_159} {} {0.000} {0.000} {0.494} {0.004} {1.186} {4.627} {} {} {} 
    INST {g6315__6161} {C} {^} {Y} {v} {} {NAND3X1} {0.248} {0.006} {0.221} {} {1.435} {4.876} {} {1} {(44.70, 72.48) (44.50, 73.06)} 
    NET {} {} {} {} {} {n_209} {} {0.000} {0.000} {0.221} {0.002} {1.435} {4.876} {} {} {} 
    INST {g6298__1705} {D} {v} {Y} {^} {} {NOR4XL} {0.491} {0.170} {0.609} {} {1.926} {5.367} {} {2} {(51.10, 71.16) (51.30, 70.97)} 
    NET {} {} {} {} {} {n_224} {} {0.000} {0.000} {0.609} {0.005} {1.926} {5.367} {} {} {} 
    INST {g6284__8428} {A1} {^} {Y} {v} {} {AOI21XL} {0.443} {0.036} {0.367} {} {2.369} {5.810} {} {2} {(37.70, 71.53) (38.10, 71.16)} 
    NET {} {} {} {} {} {n_234} {} {0.000} {0.000} {0.367} {0.005} {2.369} {5.810} {} {} {} 
    INST {g6268__1666} {C} {v} {Y} {^} {} {NAND3X4} {0.182} {0.000} {0.175} {} {2.552} {5.992} {} {18} {(37.90, 69.06) (38.50, 69.64)} 
    NET {} {} {} {} {} {n_321} {} {0.000} {0.000} {0.175} {0.027} {2.552} {5.993} {} {} {} 
    INST {g6249__1617} {B} {^} {Y} {v} {} {NAND2X1} {0.395} {0.070} {0.505} {} {2.947} {6.388} {} {9} {(43.30, 72.48) (43.50, 72.67)} 
    NET {} {} {} {} {} {n_298} {} {0.000} {0.000} {0.505} {0.015} {2.947} {6.388} {} {} {} 
    INST {g6246} {A} {v} {Y} {^} {} {INVX1} {0.229} {0.005} {0.148} {} {3.176} {6.617} {} {3} {(49.51, 65.74) (49.70, 65.74)} 
    NET {} {} {} {} {} {n_295} {} {0.000} {0.000} {0.148} {0.004} {3.176} {6.617} {} {} {} 
    INST {g6240__6161} {B0} {^} {Y} {v} {} {AOI21XL} {0.110} {0.003} {0.205} {} {3.286} {6.727} {} {2} {(54.70, 64.12) (54.90, 64.31)} 
    NET {} {} {} {} {} {n_315} {} {0.000} {0.000} {0.205} {0.003} {3.287} {6.727} {} {} {} 
    INST {g6214__1705} {B1} {v} {Y} {^} {} {OAI222X1} {0.107} {0.004} {0.168} {} {3.394} {6.835} {} {1} {(55.70, 62.41) (55.70, 62.80)} 
    NET {} {} {} {} {} {n_316} {} {0.000} {0.000} {0.168} {0.001} {3.394} {6.835} {} {} {} 
  END_DATA_PATH
  OTHER_ARR_CLC
    {} {Clock Rise Edge} {0.000}
    {=} {Beginpoint Arrival Time} {0.000}
  END_OTHER_ARR_CLC
  CAP_CLK_PATH
    COLUMNS {instance} {fpin} {fedge} {tpin} {tedge} {net} {cell} {delay} {incr_delay} {slew} {load} {arrival} {required} {stolen} {fanout} {pin_location}
    PORT {} {dma_clk} {^} {} {} {dma_clk} {} {} {} {0.000} {0.088} {0.000} {-3.441} {} {77} {(40.50, 87.21) } 
    NET {} {} {} {} {} {dma_clk} {} {0.000} {0.000} {0.000} {0.088} {0.000} {-3.441} {} {} {} 
  END_CAP_CLK_PATH
END_PATH 36
PATH 37
  VIEW  view_slow
  CHECK_TYPE {Setup Check}
  REF {u_dma_count_reg[13]} {CK}
  ENDPT {u_dma_count_reg[13]} {D} {DFFRX2} {^} {leading} {dma_clk} {dma_clk(C)(P)(view_slow)*}
  BEGINPT {u_dma_count_reg[11]} {Q} {DFFRX2} {v} {leading} {dma_clk} {dma_clk(D)(P)(view_slow)*}
  REQ_CLC
    {} {Other End Arrival Time} {0.000}
    {-} {Setup} {0.155}
    {+} {Phase Shift} {7.000}
    {+} {CPPR Adjustment} {0.000}
    {=} {Required Time} {6.845}
  END_REQ_CLC
  SLK_CLC
    {-} {Arrival Time} {3.366}
    {=} {Slack Time} {3.480}
  END_SLK_CLC
  SLK 3.480
  ARR_CLC
    {} {Clock Rise Edge} {0.000}
    {=} {Beginpoint Arrival Time} {0.000}
  END_ARR_CLC
  LAUNCH_CLK_PATH
    COLUMNS {instance} {fpin} {fedge} {tpin} {tedge} {net} {cell} {delay} {incr_delay} {slew} {load} {arrival} {required} {stolen} {fanout} {pin_location}
    PORT {} {dma_clk} {^} {} {} {dma_clk} {} {} {} {0.000} {0.088} {0.000} {3.480} {} {77} {(40.50, 87.21) } 
    NET {} {} {} {} {} {dma_clk} {} {0.000} {0.000} {0.000} {0.088} {0.000} {3.480} {} {} {} 
  END_LAUNCH_CLK_PATH 
  DATA_PATH 
    COLUMNS {instance} {fpin} {fedge} {tpin} {tedge} {net} {cell} {delay} {incr_delay} {slew} {load} {arrival} {required} {stolen} {fanout} {pin_location} 
    INST {u_dma_count_reg[11]} {CK} {^} {Q} {v} {} {DFFRX2} {0.259} {0.000} {0.037} {} {0.259} {3.739} {} {4} {(46.70, 66.03) (47.10, 65.64)} 
    NET {} {} {} {} {} {u_dma_count[11]} {} {0.000} {0.000} {0.037} {0.002} {0.259} {3.739} {} {} {} 
    INST {g6511__5526} {A} {v} {Y} {^} {} {NOR4XL} {0.178} {0.000} {0.255} {} {0.437} {3.917} {} {1} {(48.30, 65.84) (49.30, 65.84)} 
    NET {} {} {} {} {} {n_91} {} {0.000} {0.000} {0.255} {0.001} {0.437} {3.917} {} {} {} 
    INST {g6466__4733} {D} {^} {Y} {v} {} {NAND4X1} {0.191} {0.036} {0.232} {} {0.629} {4.108} {} {1} {(52.50, 65.45) (52.10, 66.03)} 
    NET {} {} {} {} {} {n_134} {} {0.000} {0.000} {0.232} {0.002} {0.629} {4.108} {} {} {} 
    INST {g6325__6260} {D} {v} {Y} {^} {} {NOR4XL} {0.558} {0.308} {0.494} {} {1.187} {4.666} {} {1} {(52.50, 71.16) (52.70, 70.97)} 
    NET {} {} {} {} {} {n_159} {} {0.000} {0.000} {0.494} {0.004} {1.187} {4.666} {} {} {} 
    INST {g6315__6161} {C} {^} {Y} {v} {} {NAND3X1} {0.248} {0.006} {0.221} {} {1.435} {4.915} {} {1} {(44.70, 72.48) (44.50, 73.06)} 
    NET {} {} {} {} {} {n_209} {} {0.000} {0.000} {0.221} {0.002} {1.435} {4.915} {} {} {} 
    INST {g6298__1705} {D} {v} {Y} {^} {} {NOR4XL} {0.491} {0.170} {0.609} {} {1.926} {5.405} {} {2} {(51.10, 71.16) (51.30, 70.97)} 
    NET {} {} {} {} {} {n_224} {} {0.000} {0.000} {0.609} {0.005} {1.926} {5.406} {} {} {} 
    INST {g6284__8428} {A1} {^} {Y} {v} {} {AOI21XL} {0.443} {0.036} {0.367} {} {2.369} {5.849} {} {2} {(37.70, 71.53) (38.10, 71.16)} 
    NET {} {} {} {} {} {n_234} {} {0.000} {0.000} {0.367} {0.005} {2.369} {5.849} {} {} {} 
    INST {g6268__1666} {C} {v} {Y} {^} {} {NAND3X4} {0.182} {0.000} {0.175} {} {2.552} {6.031} {} {18} {(37.90, 69.06) (38.50, 69.64)} 
    NET {} {} {} {} {} {n_321} {} {0.000} {0.000} {0.175} {0.027} {2.552} {6.031} {} {} {} 
    INST {g6249__1617} {B} {^} {Y} {v} {} {NAND2X1} {0.395} {0.070} {0.505} {} {2.947} {6.426} {} {9} {(43.30, 72.48) (43.50, 72.67)} 
    NET {} {} {} {} {} {n_298} {} {0.000} {0.000} {0.505} {0.015} {2.947} {6.427} {} {} {} 
    INST {g6202__5107} {B0} {v} {Y} {^} {} {OAI21XL} {0.238} {0.007} {0.194} {} {3.185} {6.664} {} {2} {(42.90, 67.73) (42.90, 67.17)} 
    NET {} {} {} {} {} {n_301} {} {0.000} {0.000} {0.194} {0.003} {3.185} {6.664} {} {} {} 
    INST {g6200} {A} {^} {Y} {v} {} {INVX1} {0.091} {0.000} {0.049} {} {3.276} {6.755} {} {1} {(40.11, 69.16) (40.30, 69.16)} 
    NET {} {} {} {} {} {n_302} {} {0.000} {0.000} {0.049} {0.001} {3.276} {6.755} {} {} {} 
    INST {g6189__6260} {A1} {v} {Y} {^} {} {OAI221X1} {0.090} {0.002} {0.142} {} {3.366} {6.845} {} {1} {(40.30, 67.73) (40.70, 67.17)} 
    NET {} {} {} {} {} {n_328} {} {0.000} {0.000} {0.142} {0.002} {3.366} {6.845} {} {} {} 
  END_DATA_PATH
  OTHER_ARR_CLC
    {} {Clock Rise Edge} {0.000}
    {=} {Beginpoint Arrival Time} {0.000}
  END_OTHER_ARR_CLC
  CAP_CLK_PATH
    COLUMNS {instance} {fpin} {fedge} {tpin} {tedge} {net} {cell} {delay} {incr_delay} {slew} {load} {arrival} {required} {stolen} {fanout} {pin_location}
    PORT {} {dma_clk} {^} {} {} {dma_clk} {} {} {} {0.000} {0.088} {0.000} {-3.480} {} {77} {(40.50, 87.21) } 
    NET {} {} {} {} {} {dma_clk} {} {0.000} {0.000} {0.000} {0.088} {0.000} {-3.480} {} {} {} 
  END_CAP_CLK_PATH
END_PATH 37
PATH 38
  VIEW  view_slow
  CHECK_TYPE {Setup Check}
  REF {u_dma_count_reg[0]} {CK}
  ENDPT {u_dma_count_reg[0]} {D} {DFFRX2} {^} {leading} {dma_clk} {dma_clk(C)(P)(view_slow)*}
  BEGINPT {u_dma_count_reg[11]} {Q} {DFFRX2} {v} {leading} {dma_clk} {dma_clk(D)(P)(view_slow)*}
  REQ_CLC
    {} {Other End Arrival Time} {0.000}
    {-} {Setup} {0.177}
    {+} {Phase Shift} {7.000}
    {+} {CPPR Adjustment} {0.000}
    {=} {Required Time} {6.823}
  END_REQ_CLC
  SLK_CLC
    {-} {Arrival Time} {3.183}
    {=} {Slack Time} {3.640}
  END_SLK_CLC
  SLK 3.640
  ARR_CLC
    {} {Clock Rise Edge} {0.000}
    {=} {Beginpoint Arrival Time} {0.000}
  END_ARR_CLC
  LAUNCH_CLK_PATH
    COLUMNS {instance} {fpin} {fedge} {tpin} {tedge} {net} {cell} {delay} {incr_delay} {slew} {load} {arrival} {required} {stolen} {fanout} {pin_location}
    PORT {} {dma_clk} {^} {} {} {dma_clk} {} {} {} {0.000} {0.088} {0.000} {3.640} {} {77} {(40.50, 87.21) } 
    NET {} {} {} {} {} {dma_clk} {} {0.000} {0.000} {0.000} {0.088} {0.000} {3.640} {} {} {} 
  END_LAUNCH_CLK_PATH 
  DATA_PATH 
    COLUMNS {instance} {fpin} {fedge} {tpin} {tedge} {net} {cell} {delay} {incr_delay} {slew} {load} {arrival} {required} {stolen} {fanout} {pin_location} 
    INST {u_dma_count_reg[11]} {CK} {^} {Q} {v} {} {DFFRX2} {0.259} {0.000} {0.037} {} {0.259} {3.899} {} {4} {(46.70, 66.03) (47.10, 65.64)} 
    NET {} {} {} {} {} {u_dma_count[11]} {} {0.000} {0.000} {0.037} {0.002} {0.259} {3.899} {} {} {} 
    INST {g6511__5526} {A} {v} {Y} {^} {} {NOR4XL} {0.178} {0.000} {0.255} {} {0.437} {4.077} {} {1} {(48.30, 65.84) (49.30, 65.84)} 
    NET {} {} {} {} {} {n_91} {} {0.000} {0.000} {0.255} {0.001} {0.437} {4.077} {} {} {} 
    INST {g6466__4733} {D} {^} {Y} {v} {} {NAND4X1} {0.191} {0.036} {0.232} {} {0.629} {4.269} {} {1} {(52.50, 65.45) (52.10, 66.03)} 
    NET {} {} {} {} {} {n_134} {} {0.000} {0.000} {0.232} {0.002} {0.629} {4.269} {} {} {} 
    INST {g6325__6260} {D} {v} {Y} {^} {} {NOR4XL} {0.558} {0.308} {0.494} {} {1.186} {4.826} {} {1} {(52.50, 71.16) (52.70, 70.97)} 
    NET {} {} {} {} {} {n_159} {} {0.000} {0.000} {0.494} {0.004} {1.186} {4.826} {} {} {} 
    INST {g6315__6161} {C} {^} {Y} {v} {} {NAND3X1} {0.248} {0.006} {0.221} {} {1.435} {5.075} {} {1} {(44.70, 72.48) (44.50, 73.06)} 
    NET {} {} {} {} {} {n_209} {} {0.000} {0.000} {0.221} {0.002} {1.435} {5.075} {} {} {} 
    INST {g6298__1705} {D} {v} {Y} {^} {} {NOR4XL} {0.491} {0.170} {0.609} {} {1.926} {5.566} {} {2} {(51.10, 71.16) (51.30, 70.97)} 
    NET {} {} {} {} {} {n_224} {} {0.000} {0.000} {0.609} {0.005} {1.926} {5.566} {} {} {} 
    INST {g6284__8428} {A1} {^} {Y} {v} {} {AOI21XL} {0.443} {0.036} {0.367} {} {2.369} {6.009} {} {2} {(37.70, 71.53) (38.10, 71.16)} 
    NET {} {} {} {} {} {n_234} {} {0.000} {0.000} {0.367} {0.005} {2.369} {6.009} {} {} {} 
    INST {g6268__1666} {C} {v} {Y} {^} {} {NAND3X4} {0.182} {0.000} {0.175} {} {2.552} {6.192} {} {18} {(37.90, 69.06) (38.50, 69.64)} 
    NET {} {} {} {} {} {n_321} {} {0.000} {0.000} {0.175} {0.027} {2.552} {6.192} {} {} {} 
    INST {g6249__1617} {B} {^} {Y} {v} {} {NAND2X1} {0.395} {0.070} {0.505} {} {2.947} {6.587} {} {9} {(43.30, 72.48) (43.50, 72.67)} 
    NET {} {} {} {} {} {n_298} {} {0.000} {0.000} {0.505} {0.015} {2.947} {6.587} {} {} {} 
    INST {g6231__7482} {B1} {v} {Y} {^} {} {OAI222X1} {0.236} {0.000} {0.215} {} {3.183} {6.823} {} {1} {(47.90, 69.25) (47.90, 69.64)} 
    NET {} {} {} {} {} {n_299} {} {0.000} {0.000} {0.215} {0.002} {3.183} {6.823} {} {} {} 
  END_DATA_PATH
  OTHER_ARR_CLC
    {} {Clock Rise Edge} {0.000}
    {=} {Beginpoint Arrival Time} {0.000}
  END_OTHER_ARR_CLC
  CAP_CLK_PATH
    COLUMNS {instance} {fpin} {fedge} {tpin} {tedge} {net} {cell} {delay} {incr_delay} {slew} {load} {arrival} {required} {stolen} {fanout} {pin_location}
    PORT {} {dma_clk} {^} {} {} {dma_clk} {} {} {} {0.000} {0.088} {0.000} {-3.640} {} {77} {(40.50, 87.21) } 
    NET {} {} {} {} {} {dma_clk} {} {0.000} {0.000} {0.000} {0.088} {0.000} {-3.640} {} {} {} 
  END_CAP_CLK_PATH
END_PATH 38
PATH 39
  VIEW  view_slow
  CHECK_TYPE {Setup Check}
  REF {u_dma_count_reg[8]} {CK}
  ENDPT {u_dma_count_reg[8]} {D} {DFFRX2} {^} {leading} {dma_clk} {dma_clk(C)(P)(view_slow)*}
  BEGINPT {u_dma_count_reg[11]} {Q} {DFFRX2} {v} {leading} {dma_clk} {dma_clk(D)(P)(view_slow)*}
  REQ_CLC
    {} {Other End Arrival Time} {0.000}
    {-} {Setup} {0.174}
    {+} {Phase Shift} {7.000}
    {+} {CPPR Adjustment} {0.000}
    {=} {Required Time} {6.826}
  END_REQ_CLC
  SLK_CLC
    {-} {Arrival Time} {3.185}
    {=} {Slack Time} {3.640}
  END_SLK_CLC
  SLK 3.640
  ARR_CLC
    {} {Clock Rise Edge} {0.000}
    {=} {Beginpoint Arrival Time} {0.000}
  END_ARR_CLC
  LAUNCH_CLK_PATH
    COLUMNS {instance} {fpin} {fedge} {tpin} {tedge} {net} {cell} {delay} {incr_delay} {slew} {load} {arrival} {required} {stolen} {fanout} {pin_location}
    PORT {} {dma_clk} {^} {} {} {dma_clk} {} {} {} {0.000} {0.088} {0.000} {3.640} {} {77} {(40.50, 87.21) } 
    NET {} {} {} {} {} {dma_clk} {} {0.000} {0.000} {0.000} {0.088} {0.000} {3.640} {} {} {} 
  END_LAUNCH_CLK_PATH 
  DATA_PATH 
    COLUMNS {instance} {fpin} {fedge} {tpin} {tedge} {net} {cell} {delay} {incr_delay} {slew} {load} {arrival} {required} {stolen} {fanout} {pin_location} 
    INST {u_dma_count_reg[11]} {CK} {^} {Q} {v} {} {DFFRX2} {0.259} {0.000} {0.037} {} {0.259} {3.899} {} {4} {(46.70, 66.03) (47.10, 65.64)} 
    NET {} {} {} {} {} {u_dma_count[11]} {} {0.000} {0.000} {0.037} {0.002} {0.259} {3.899} {} {} {} 
    INST {g6511__5526} {A} {v} {Y} {^} {} {NOR4XL} {0.178} {0.000} {0.255} {} {0.437} {4.078} {} {1} {(48.30, 65.84) (49.30, 65.84)} 
    NET {} {} {} {} {} {n_91} {} {0.000} {0.000} {0.255} {0.001} {0.437} {4.078} {} {} {} 
    INST {g6466__4733} {D} {^} {Y} {v} {} {NAND4X1} {0.191} {0.036} {0.232} {} {0.629} {4.269} {} {1} {(52.50, 65.45) (52.10, 66.03)} 
    NET {} {} {} {} {} {n_134} {} {0.000} {0.000} {0.232} {0.002} {0.629} {4.269} {} {} {} 
    INST {g6325__6260} {D} {v} {Y} {^} {} {NOR4XL} {0.558} {0.308} {0.494} {} {1.187} {4.827} {} {1} {(52.50, 71.16) (52.70, 70.97)} 
    NET {} {} {} {} {} {n_159} {} {0.000} {0.000} {0.494} {0.004} {1.187} {4.827} {} {} {} 
    INST {g6315__6161} {C} {^} {Y} {v} {} {NAND3X1} {0.248} {0.006} {0.221} {} {1.435} {5.075} {} {1} {(44.70, 72.48) (44.50, 73.06)} 
    NET {} {} {} {} {} {n_209} {} {0.000} {0.000} {0.221} {0.002} {1.435} {5.075} {} {} {} 
    INST {g6298__1705} {D} {v} {Y} {^} {} {NOR4XL} {0.491} {0.170} {0.609} {} {1.926} {5.566} {} {2} {(51.10, 71.16) (51.30, 70.97)} 
    NET {} {} {} {} {} {n_224} {} {0.000} {0.000} {0.609} {0.005} {1.926} {5.566} {} {} {} 
    INST {g6284__8428} {A1} {^} {Y} {v} {} {AOI21XL} {0.443} {0.036} {0.367} {} {2.369} {6.009} {} {2} {(37.70, 71.53) (38.10, 71.16)} 
    NET {} {} {} {} {} {n_234} {} {0.000} {0.000} {0.367} {0.005} {2.369} {6.010} {} {} {} 
    INST {g6268__1666} {C} {v} {Y} {^} {} {NAND3X4} {0.182} {0.000} {0.175} {} {2.552} {6.192} {} {18} {(37.90, 69.06) (38.50, 69.64)} 
    NET {} {} {} {} {} {n_321} {} {0.000} {0.000} {0.175} {0.027} {2.552} {6.192} {} {} {} 
    INST {g6249__1617} {B} {^} {Y} {v} {} {NAND2X1} {0.395} {0.070} {0.505} {} {2.947} {6.587} {} {9} {(43.30, 72.48) (43.50, 72.67)} 
    NET {} {} {} {} {} {n_298} {} {0.000} {0.000} {0.505} {0.015} {2.947} {6.588} {} {} {} 
    INST {g6226__4733} {B1} {v} {Y} {^} {} {OAI222X1} {0.238} {0.007} {0.206} {} {3.185} {6.826} {} {1} {(51.50, 67.55) (51.50, 67.17)} 
    NET {} {} {} {} {} {n_297} {} {0.000} {0.000} {0.206} {0.001} {3.185} {6.826} {} {} {} 
  END_DATA_PATH
  OTHER_ARR_CLC
    {} {Clock Rise Edge} {0.000}
    {=} {Beginpoint Arrival Time} {0.000}
  END_OTHER_ARR_CLC
  CAP_CLK_PATH
    COLUMNS {instance} {fpin} {fedge} {tpin} {tedge} {net} {cell} {delay} {incr_delay} {slew} {load} {arrival} {required} {stolen} {fanout} {pin_location}
    PORT {} {dma_clk} {^} {} {} {dma_clk} {} {} {} {0.000} {0.088} {0.000} {-3.640} {} {77} {(40.50, 87.21) } 
    NET {} {} {} {} {} {dma_clk} {} {0.000} {0.000} {0.000} {0.088} {0.000} {-3.640} {} {} {} 
  END_CAP_CLK_PATH
END_PATH 39
PATH 40
  VIEW  view_slow
  CHECK_TYPE {Setup Check}
  REF {u_dma_count_reg[2]} {CK}
  ENDPT {u_dma_count_reg[2]} {D} {DFFRX2} {^} {leading} {dma_clk} {dma_clk(C)(P)(view_slow)*}
  BEGINPT {u_dma_count_reg[11]} {Q} {DFFRX2} {v} {leading} {dma_clk} {dma_clk(D)(P)(view_slow)*}
  REQ_CLC
    {} {Other End Arrival Time} {0.000}
    {-} {Setup} {0.174}
    {+} {Phase Shift} {7.000}
    {+} {CPPR Adjustment} {0.000}
    {=} {Required Time} {6.826}
  END_REQ_CLC
  SLK_CLC
    {-} {Arrival Time} {3.184}
    {=} {Slack Time} {3.642}
  END_SLK_CLC
  SLK 3.642
  ARR_CLC
    {} {Clock Rise Edge} {0.000}
    {=} {Beginpoint Arrival Time} {0.000}
  END_ARR_CLC
  LAUNCH_CLK_PATH
    COLUMNS {instance} {fpin} {fedge} {tpin} {tedge} {net} {cell} {delay} {incr_delay} {slew} {load} {arrival} {required} {stolen} {fanout} {pin_location}
    PORT {} {dma_clk} {^} {} {} {dma_clk} {} {} {} {0.000} {0.088} {0.000} {3.642} {} {77} {(40.50, 87.21) } 
    NET {} {} {} {} {} {dma_clk} {} {0.000} {0.000} {0.000} {0.088} {0.000} {3.642} {} {} {} 
  END_LAUNCH_CLK_PATH 
  DATA_PATH 
    COLUMNS {instance} {fpin} {fedge} {tpin} {tedge} {net} {cell} {delay} {incr_delay} {slew} {load} {arrival} {required} {stolen} {fanout} {pin_location} 
    INST {u_dma_count_reg[11]} {CK} {^} {Q} {v} {} {DFFRX2} {0.259} {0.000} {0.037} {} {0.259} {3.902} {} {4} {(46.70, 66.03) (47.10, 65.64)} 
    NET {} {} {} {} {} {u_dma_count[11]} {} {0.000} {0.000} {0.037} {0.002} {0.259} {3.902} {} {} {} 
    INST {g6511__5526} {A} {v} {Y} {^} {} {NOR4XL} {0.178} {0.000} {0.255} {} {0.437} {4.080} {} {1} {(48.30, 65.84) (49.30, 65.84)} 
    NET {} {} {} {} {} {n_91} {} {0.000} {0.000} {0.255} {0.001} {0.437} {4.080} {} {} {} 
    INST {g6466__4733} {D} {^} {Y} {v} {} {NAND4X1} {0.191} {0.036} {0.232} {} {0.629} {4.271} {} {1} {(52.50, 65.45) (52.10, 66.03)} 
    NET {} {} {} {} {} {n_134} {} {0.000} {0.000} {0.232} {0.002} {0.629} {4.271} {} {} {} 
    INST {g6325__6260} {D} {v} {Y} {^} {} {NOR4XL} {0.558} {0.308} {0.494} {} {1.187} {4.829} {} {1} {(52.50, 71.16) (52.70, 70.97)} 
    NET {} {} {} {} {} {n_159} {} {0.000} {0.000} {0.494} {0.004} {1.187} {4.829} {} {} {} 
    INST {g6315__6161} {C} {^} {Y} {v} {} {NAND3X1} {0.248} {0.006} {0.221} {} {1.435} {5.077} {} {1} {(44.70, 72.48) (44.50, 73.06)} 
    NET {} {} {} {} {} {n_209} {} {0.000} {0.000} {0.221} {0.002} {1.435} {5.078} {} {} {} 
    INST {g6298__1705} {D} {v} {Y} {^} {} {NOR4XL} {0.491} {0.170} {0.609} {} {1.926} {5.568} {} {2} {(51.10, 71.16) (51.30, 70.97)} 
    NET {} {} {} {} {} {n_224} {} {0.000} {0.000} {0.609} {0.005} {1.926} {5.568} {} {} {} 
    INST {g6284__8428} {A1} {^} {Y} {v} {} {AOI21XL} {0.443} {0.036} {0.367} {} {2.369} {6.012} {} {2} {(37.70, 71.53) (38.10, 71.16)} 
    NET {} {} {} {} {} {n_234} {} {0.000} {0.000} {0.367} {0.005} {2.369} {6.012} {} {} {} 
    INST {g6268__1666} {C} {v} {Y} {^} {} {NAND3X4} {0.182} {0.000} {0.175} {} {2.552} {6.194} {} {18} {(37.90, 69.06) (38.50, 69.64)} 
    NET {} {} {} {} {} {n_321} {} {0.000} {0.000} {0.175} {0.027} {2.552} {6.194} {} {} {} 
    INST {g6249__1617} {B} {^} {Y} {v} {} {NAND2X1} {0.395} {0.070} {0.505} {} {2.947} {6.589} {} {9} {(43.30, 72.48) (43.50, 72.67)} 
    NET {} {} {} {} {} {n_298} {} {0.000} {0.000} {0.505} {0.015} {2.947} {6.590} {} {} {} 
    INST {g6219__1666} {B1} {v} {Y} {^} {} {OAI222X1} {0.237} {0.008} {0.202} {} {3.184} {6.826} {} {1} {(54.90, 72.67) (54.90, 73.06)} 
    NET {} {} {} {} {} {n_291} {} {0.000} {0.000} {0.202} {0.001} {3.184} {6.826} {} {} {} 
  END_DATA_PATH
  OTHER_ARR_CLC
    {} {Clock Rise Edge} {0.000}
    {=} {Beginpoint Arrival Time} {0.000}
  END_OTHER_ARR_CLC
  CAP_CLK_PATH
    COLUMNS {instance} {fpin} {fedge} {tpin} {tedge} {net} {cell} {delay} {incr_delay} {slew} {load} {arrival} {required} {stolen} {fanout} {pin_location}
    PORT {} {dma_clk} {^} {} {} {dma_clk} {} {} {} {0.000} {0.088} {0.000} {-3.642} {} {77} {(40.50, 87.21) } 
    NET {} {} {} {} {} {dma_clk} {} {0.000} {0.000} {0.000} {0.088} {0.000} {-3.642} {} {} {} 
  END_CAP_CLK_PATH
END_PATH 40
PATH 41
  VIEW  view_slow
  CHECK_TYPE {Setup Check}
  REF {u_dma_count_reg[3]} {CK}
  ENDPT {u_dma_count_reg[3]} {D} {DFFRX2} {^} {leading} {dma_clk} {dma_clk(C)(P)(view_slow)*}
  BEGINPT {u_dma_count_reg[11]} {Q} {DFFRX2} {v} {leading} {dma_clk} {dma_clk(D)(P)(view_slow)*}
  REQ_CLC
    {} {Other End Arrival Time} {0.000}
    {-} {Setup} {0.174}
    {+} {Phase Shift} {7.000}
    {+} {CPPR Adjustment} {0.000}
    {=} {Required Time} {6.826}
  END_REQ_CLC
  SLK_CLC
    {-} {Arrival Time} {3.178}
    {=} {Slack Time} {3.648}
  END_SLK_CLC
  SLK 3.648
  ARR_CLC
    {} {Clock Rise Edge} {0.000}
    {=} {Beginpoint Arrival Time} {0.000}
  END_ARR_CLC
  LAUNCH_CLK_PATH
    COLUMNS {instance} {fpin} {fedge} {tpin} {tedge} {net} {cell} {delay} {incr_delay} {slew} {load} {arrival} {required} {stolen} {fanout} {pin_location}
    PORT {} {dma_clk} {^} {} {} {dma_clk} {} {} {} {0.000} {0.088} {0.000} {3.648} {} {77} {(40.50, 87.21) } 
    NET {} {} {} {} {} {dma_clk} {} {0.000} {0.000} {0.000} {0.088} {0.000} {3.648} {} {} {} 
  END_LAUNCH_CLK_PATH 
  DATA_PATH 
    COLUMNS {instance} {fpin} {fedge} {tpin} {tedge} {net} {cell} {delay} {incr_delay} {slew} {load} {arrival} {required} {stolen} {fanout} {pin_location} 
    INST {u_dma_count_reg[11]} {CK} {^} {Q} {v} {} {DFFRX2} {0.259} {0.000} {0.037} {} {0.259} {3.907} {} {4} {(46.70, 66.03) (47.10, 65.64)} 
    NET {} {} {} {} {} {u_dma_count[11]} {} {0.000} {0.000} {0.037} {0.002} {0.259} {3.907} {} {} {} 
    INST {g6511__5526} {A} {v} {Y} {^} {} {NOR4XL} {0.178} {0.000} {0.255} {} {0.437} {4.085} {} {1} {(48.30, 65.84) (49.30, 65.84)} 
    NET {} {} {} {} {} {n_91} {} {0.000} {0.000} {0.255} {0.001} {0.437} {4.085} {} {} {} 
    INST {g6466__4733} {D} {^} {Y} {v} {} {NAND4X1} {0.191} {0.036} {0.232} {} {0.629} {4.276} {} {1} {(52.50, 65.45) (52.10, 66.03)} 
    NET {} {} {} {} {} {n_134} {} {0.000} {0.000} {0.232} {0.002} {0.629} {4.276} {} {} {} 
    INST {g6325__6260} {D} {v} {Y} {^} {} {NOR4XL} {0.558} {0.308} {0.494} {} {1.186} {4.834} {} {1} {(52.50, 71.16) (52.70, 70.97)} 
    NET {} {} {} {} {} {n_159} {} {0.000} {0.000} {0.494} {0.004} {1.186} {4.834} {} {} {} 
    INST {g6315__6161} {C} {^} {Y} {v} {} {NAND3X1} {0.248} {0.006} {0.221} {} {1.435} {5.083} {} {1} {(44.70, 72.48) (44.50, 73.06)} 
    NET {} {} {} {} {} {n_209} {} {0.000} {0.000} {0.221} {0.002} {1.435} {5.083} {} {} {} 
    INST {g6298__1705} {D} {v} {Y} {^} {} {NOR4XL} {0.491} {0.170} {0.609} {} {1.926} {5.574} {} {2} {(51.10, 71.16) (51.30, 70.97)} 
    NET {} {} {} {} {} {n_224} {} {0.000} {0.000} {0.609} {0.005} {1.926} {5.574} {} {} {} 
    INST {g6284__8428} {A1} {^} {Y} {v} {} {AOI21XL} {0.443} {0.036} {0.367} {} {2.369} {6.017} {} {2} {(37.70, 71.53) (38.10, 71.16)} 
    NET {} {} {} {} {} {n_234} {} {0.000} {0.000} {0.367} {0.005} {2.369} {6.017} {} {} {} 
    INST {g6268__1666} {C} {v} {Y} {^} {} {NAND3X4} {0.182} {0.000} {0.175} {} {2.552} {6.199} {} {18} {(37.90, 69.06) (38.50, 69.64)} 
    NET {} {} {} {} {} {n_321} {} {0.000} {0.000} {0.175} {0.027} {2.552} {6.200} {} {} {} 
    INST {g6249__1617} {B} {^} {Y} {v} {} {NAND2X1} {0.395} {0.070} {0.505} {} {2.947} {6.595} {} {9} {(43.30, 72.48) (43.50, 72.67)} 
    NET {} {} {} {} {} {n_298} {} {0.000} {0.000} {0.505} {0.015} {2.947} {6.595} {} {} {} 
    INST {g6224__2883} {B1} {v} {Y} {^} {} {OAI222X1} {0.231} {0.000} {0.205} {} {3.178} {6.826} {} {1} {(59.10, 72.67) (59.10, 73.06)} 
    NET {} {} {} {} {} {n_293} {} {0.000} {0.000} {0.205} {0.001} {3.178} {6.826} {} {} {} 
  END_DATA_PATH
  OTHER_ARR_CLC
    {} {Clock Rise Edge} {0.000}
    {=} {Beginpoint Arrival Time} {0.000}
  END_OTHER_ARR_CLC
  CAP_CLK_PATH
    COLUMNS {instance} {fpin} {fedge} {tpin} {tedge} {net} {cell} {delay} {incr_delay} {slew} {load} {arrival} {required} {stolen} {fanout} {pin_location}
    PORT {} {dma_clk} {^} {} {} {dma_clk} {} {} {} {0.000} {0.088} {0.000} {-3.648} {} {77} {(40.50, 87.21) } 
    NET {} {} {} {} {} {dma_clk} {} {0.000} {0.000} {0.000} {0.088} {0.000} {-3.648} {} {} {} 
  END_CAP_CLK_PATH
END_PATH 41
PATH 42
  VIEW  view_slow
  CHECK_TYPE {Setup Check}
  REF {u_dma_count_reg[9]} {CK}
  ENDPT {u_dma_count_reg[9]} {D} {DFFRX2} {^} {leading} {dma_clk} {dma_clk(C)(P)(view_slow)*}
  BEGINPT {u_dma_count_reg[11]} {Q} {DFFRX2} {v} {leading} {dma_clk} {dma_clk(D)(P)(view_slow)*}
  REQ_CLC
    {} {Other End Arrival Time} {0.000}
    {-} {Setup} {0.173}
    {+} {Phase Shift} {7.000}
    {+} {CPPR Adjustment} {0.000}
    {=} {Required Time} {6.827}
  END_REQ_CLC
  SLK_CLC
    {-} {Arrival Time} {3.174}
    {=} {Slack Time} {3.653}
  END_SLK_CLC
  SLK 3.653
  ARR_CLC
    {} {Clock Rise Edge} {0.000}
    {=} {Beginpoint Arrival Time} {0.000}
  END_ARR_CLC
  LAUNCH_CLK_PATH
    COLUMNS {instance} {fpin} {fedge} {tpin} {tedge} {net} {cell} {delay} {incr_delay} {slew} {load} {arrival} {required} {stolen} {fanout} {pin_location}
    PORT {} {dma_clk} {^} {} {} {dma_clk} {} {} {} {0.000} {0.088} {0.000} {3.653} {} {77} {(40.50, 87.21) } 
    NET {} {} {} {} {} {dma_clk} {} {0.000} {0.000} {0.000} {0.088} {0.000} {3.653} {} {} {} 
  END_LAUNCH_CLK_PATH 
  DATA_PATH 
    COLUMNS {instance} {fpin} {fedge} {tpin} {tedge} {net} {cell} {delay} {incr_delay} {slew} {load} {arrival} {required} {stolen} {fanout} {pin_location} 
    INST {u_dma_count_reg[11]} {CK} {^} {Q} {v} {} {DFFRX2} {0.259} {0.000} {0.037} {} {0.259} {3.912} {} {4} {(46.70, 66.03) (47.10, 65.64)} 
    NET {} {} {} {} {} {u_dma_count[11]} {} {0.000} {0.000} {0.037} {0.002} {0.259} {3.912} {} {} {} 
    INST {g6511__5526} {A} {v} {Y} {^} {} {NOR4XL} {0.178} {0.000} {0.255} {} {0.437} {4.090} {} {1} {(48.30, 65.84) (49.30, 65.84)} 
    NET {} {} {} {} {} {n_91} {} {0.000} {0.000} {0.255} {0.001} {0.437} {4.090} {} {} {} 
    INST {g6466__4733} {D} {^} {Y} {v} {} {NAND4X1} {0.191} {0.036} {0.232} {} {0.629} {4.281} {} {1} {(52.50, 65.45) (52.10, 66.03)} 
    NET {} {} {} {} {} {n_134} {} {0.000} {0.000} {0.232} {0.002} {0.629} {4.281} {} {} {} 
    INST {g6325__6260} {D} {v} {Y} {^} {} {NOR4XL} {0.558} {0.308} {0.494} {} {1.186} {4.839} {} {1} {(52.50, 71.16) (52.70, 70.97)} 
    NET {} {} {} {} {} {n_159} {} {0.000} {0.000} {0.494} {0.004} {1.186} {4.839} {} {} {} 
    INST {g6315__6161} {C} {^} {Y} {v} {} {NAND3X1} {0.248} {0.006} {0.221} {} {1.435} {5.088} {} {1} {(44.70, 72.48) (44.50, 73.06)} 
    NET {} {} {} {} {} {n_209} {} {0.000} {0.000} {0.221} {0.002} {1.435} {5.088} {} {} {} 
    INST {g6298__1705} {D} {v} {Y} {^} {} {NOR4XL} {0.491} {0.170} {0.609} {} {1.926} {5.579} {} {2} {(51.10, 71.16) (51.30, 70.97)} 
    NET {} {} {} {} {} {n_224} {} {0.000} {0.000} {0.609} {0.005} {1.926} {5.579} {} {} {} 
    INST {g6284__8428} {A1} {^} {Y} {v} {} {AOI21XL} {0.443} {0.036} {0.367} {} {2.369} {6.022} {} {2} {(37.70, 71.53) (38.10, 71.16)} 
    NET {} {} {} {} {} {n_234} {} {0.000} {0.000} {0.367} {0.005} {2.369} {6.022} {} {} {} 
    INST {g6268__1666} {C} {v} {Y} {^} {} {NAND3X4} {0.182} {0.000} {0.175} {} {2.552} {6.204} {} {18} {(37.90, 69.06) (38.50, 69.64)} 
    NET {} {} {} {} {} {n_321} {} {0.000} {0.000} {0.175} {0.027} {2.552} {6.205} {} {} {} 
    INST {g6249__1617} {B} {^} {Y} {v} {} {NAND2X1} {0.395} {0.070} {0.505} {} {2.947} {6.600} {} {9} {(43.30, 72.48) (43.50, 72.67)} 
    NET {} {} {} {} {} {n_298} {} {0.000} {0.000} {0.505} {0.015} {2.947} {6.600} {} {} {} 
    INST {g6225__9945} {B1} {v} {Y} {^} {} {OAI222X1} {0.227} {0.000} {0.199} {} {3.174} {6.827} {} {1} {(50.90, 62.41) (50.90, 62.80)} 
    NET {} {} {} {} {} {n_294} {} {0.000} {0.000} {0.199} {0.001} {3.174} {6.827} {} {} {} 
  END_DATA_PATH
  OTHER_ARR_CLC
    {} {Clock Rise Edge} {0.000}
    {=} {Beginpoint Arrival Time} {0.000}
  END_OTHER_ARR_CLC
  CAP_CLK_PATH
    COLUMNS {instance} {fpin} {fedge} {tpin} {tedge} {net} {cell} {delay} {incr_delay} {slew} {load} {arrival} {required} {stolen} {fanout} {pin_location}
    PORT {} {dma_clk} {^} {} {} {dma_clk} {} {} {} {0.000} {0.088} {0.000} {-3.653} {} {77} {(40.50, 87.21) } 
    NET {} {} {} {} {} {dma_clk} {} {0.000} {0.000} {0.000} {0.088} {0.000} {-3.653} {} {} {} 
  END_CAP_CLK_PATH
END_PATH 42
PATH 43
  VIEW  view_slow
  CHECK_TYPE {Setup Check}
  REF {u_dma_count_reg[1]} {CK}
  ENDPT {u_dma_count_reg[1]} {D} {DFFRX2} {^} {leading} {dma_clk} {dma_clk(C)(P)(view_slow)*}
  BEGINPT {u_dma_count_reg[11]} {Q} {DFFRX2} {v} {leading} {dma_clk} {dma_clk(D)(P)(view_slow)*}
  REQ_CLC
    {} {Other End Arrival Time} {0.000}
    {-} {Setup} {0.171}
    {+} {Phase Shift} {7.000}
    {+} {CPPR Adjustment} {0.000}
    {=} {Required Time} {6.829}
  END_REQ_CLC
  SLK_CLC
    {-} {Arrival Time} {3.169}
    {=} {Slack Time} {3.660}
  END_SLK_CLC
  SLK 3.660
  ARR_CLC
    {} {Clock Rise Edge} {0.000}
    {=} {Beginpoint Arrival Time} {0.000}
  END_ARR_CLC
  LAUNCH_CLK_PATH
    COLUMNS {instance} {fpin} {fedge} {tpin} {tedge} {net} {cell} {delay} {incr_delay} {slew} {load} {arrival} {required} {stolen} {fanout} {pin_location}
    PORT {} {dma_clk} {^} {} {} {dma_clk} {} {} {} {0.000} {0.088} {0.000} {3.660} {} {77} {(40.50, 87.21) } 
    NET {} {} {} {} {} {dma_clk} {} {0.000} {0.000} {0.000} {0.088} {0.000} {3.660} {} {} {} 
  END_LAUNCH_CLK_PATH 
  DATA_PATH 
    COLUMNS {instance} {fpin} {fedge} {tpin} {tedge} {net} {cell} {delay} {incr_delay} {slew} {load} {arrival} {required} {stolen} {fanout} {pin_location} 
    INST {u_dma_count_reg[11]} {CK} {^} {Q} {v} {} {DFFRX2} {0.259} {0.000} {0.037} {} {0.259} {3.919} {} {4} {(46.70, 66.03) (47.10, 65.64)} 
    NET {} {} {} {} {} {u_dma_count[11]} {} {0.000} {0.000} {0.037} {0.002} {0.259} {3.919} {} {} {} 
    INST {g6511__5526} {A} {v} {Y} {^} {} {NOR4XL} {0.178} {0.000} {0.255} {} {0.437} {4.098} {} {1} {(48.30, 65.84) (49.30, 65.84)} 
    NET {} {} {} {} {} {n_91} {} {0.000} {0.000} {0.255} {0.001} {0.437} {4.098} {} {} {} 
    INST {g6466__4733} {D} {^} {Y} {v} {} {NAND4X1} {0.191} {0.036} {0.232} {} {0.629} {4.289} {} {1} {(52.50, 65.45) (52.10, 66.03)} 
    NET {} {} {} {} {} {n_134} {} {0.000} {0.000} {0.232} {0.002} {0.629} {4.289} {} {} {} 
    INST {g6325__6260} {D} {v} {Y} {^} {} {NOR4XL} {0.558} {0.308} {0.494} {} {1.187} {4.847} {} {1} {(52.50, 71.16) (52.70, 70.97)} 
    NET {} {} {} {} {} {n_159} {} {0.000} {0.000} {0.494} {0.004} {1.187} {4.847} {} {} {} 
    INST {g6315__6161} {C} {^} {Y} {v} {} {NAND3X1} {0.248} {0.006} {0.221} {} {1.435} {5.095} {} {1} {(44.70, 72.48) (44.50, 73.06)} 
    NET {} {} {} {} {} {n_209} {} {0.000} {0.000} {0.221} {0.002} {1.435} {5.095} {} {} {} 
    INST {g6298__1705} {D} {v} {Y} {^} {} {NOR4XL} {0.491} {0.170} {0.609} {} {1.926} {5.586} {} {2} {(51.10, 71.16) (51.30, 70.97)} 
    NET {} {} {} {} {} {n_224} {} {0.000} {0.000} {0.609} {0.005} {1.926} {5.586} {} {} {} 
    INST {g6284__8428} {A1} {^} {Y} {v} {} {AOI21XL} {0.443} {0.036} {0.367} {} {2.369} {6.029} {} {2} {(37.70, 71.53) (38.10, 71.16)} 
    NET {} {} {} {} {} {n_234} {} {0.000} {0.000} {0.367} {0.005} {2.369} {6.029} {} {} {} 
    INST {g6268__1666} {C} {v} {Y} {^} {} {NAND3X4} {0.182} {0.000} {0.175} {} {2.552} {6.212} {} {18} {(37.90, 69.06) (38.50, 69.64)} 
    NET {} {} {} {} {} {n_321} {} {0.000} {0.000} {0.175} {0.027} {2.552} {6.212} {} {} {} 
    INST {g6249__1617} {B} {^} {Y} {v} {} {NAND2X1} {0.395} {0.070} {0.505} {} {2.947} {6.607} {} {9} {(43.30, 72.48) (43.50, 72.67)} 
    NET {} {} {} {} {} {n_298} {} {0.000} {0.000} {0.505} {0.015} {2.947} {6.607} {} {} {} 
    INST {g6218__2346} {B1} {v} {Y} {^} {} {OAI222X1} {0.222} {0.000} {0.190} {} {3.169} {6.829} {} {1} {(46.90, 72.67) (46.90, 73.06)} 
    NET {} {} {} {} {} {n_292} {} {0.000} {0.000} {0.190} {0.001} {3.169} {6.829} {} {} {} 
  END_DATA_PATH
  OTHER_ARR_CLC
    {} {Clock Rise Edge} {0.000}
    {=} {Beginpoint Arrival Time} {0.000}
  END_OTHER_ARR_CLC
  CAP_CLK_PATH
    COLUMNS {instance} {fpin} {fedge} {tpin} {tedge} {net} {cell} {delay} {incr_delay} {slew} {load} {arrival} {required} {stolen} {fanout} {pin_location}
    PORT {} {dma_clk} {^} {} {} {dma_clk} {} {} {} {0.000} {0.088} {0.000} {-3.660} {} {77} {(40.50, 87.21) } 
    NET {} {} {} {} {} {dma_clk} {} {0.000} {0.000} {0.000} {0.088} {0.000} {-3.660} {} {} {} 
  END_CAP_CLK_PATH
END_PATH 43
PATH 44
  VIEW  view_slow
  CHECK_TYPE {Setup Check}
  REF {u_dma_count_reg[12]} {CK}
  ENDPT {u_dma_count_reg[12]} {D} {DFFRX2} {^} {leading} {dma_clk} {dma_clk(C)(P)(view_slow)*}
  BEGINPT {u_dma_count_reg[11]} {Q} {DFFRX2} {v} {leading} {dma_clk} {dma_clk(D)(P)(view_slow)*}
  REQ_CLC
    {} {Other End Arrival Time} {0.000}
    {-} {Setup} {0.172}
    {+} {Phase Shift} {7.000}
    {+} {CPPR Adjustment} {0.000}
    {=} {Required Time} {6.828}
  END_REQ_CLC
  SLK_CLC
    {-} {Arrival Time} {3.162}
    {=} {Slack Time} {3.666}
  END_SLK_CLC
  SLK 3.666
  ARR_CLC
    {} {Clock Rise Edge} {0.000}
    {=} {Beginpoint Arrival Time} {0.000}
  END_ARR_CLC
  LAUNCH_CLK_PATH
    COLUMNS {instance} {fpin} {fedge} {tpin} {tedge} {net} {cell} {delay} {incr_delay} {slew} {load} {arrival} {required} {stolen} {fanout} {pin_location}
    PORT {} {dma_clk} {^} {} {} {dma_clk} {} {} {} {0.000} {0.088} {0.000} {3.666} {} {77} {(40.50, 87.21) } 
    NET {} {} {} {} {} {dma_clk} {} {0.000} {0.000} {0.000} {0.088} {0.000} {3.666} {} {} {} 
  END_LAUNCH_CLK_PATH 
  DATA_PATH 
    COLUMNS {instance} {fpin} {fedge} {tpin} {tedge} {net} {cell} {delay} {incr_delay} {slew} {load} {arrival} {required} {stolen} {fanout} {pin_location} 
    INST {u_dma_count_reg[11]} {CK} {^} {Q} {v} {} {DFFRX2} {0.259} {0.000} {0.037} {} {0.259} {3.925} {} {4} {(46.70, 66.03) (47.10, 65.64)} 
    NET {} {} {} {} {} {u_dma_count[11]} {} {0.000} {0.000} {0.037} {0.002} {0.259} {3.925} {} {} {} 
    INST {g6511__5526} {A} {v} {Y} {^} {} {NOR4XL} {0.178} {0.000} {0.255} {} {0.437} {4.103} {} {1} {(48.30, 65.84) (49.30, 65.84)} 
    NET {} {} {} {} {} {n_91} {} {0.000} {0.000} {0.255} {0.001} {0.437} {4.103} {} {} {} 
    INST {g6466__4733} {D} {^} {Y} {v} {} {NAND4X1} {0.191} {0.036} {0.232} {} {0.629} {4.294} {} {1} {(52.50, 65.45) (52.10, 66.03)} 
    NET {} {} {} {} {} {n_134} {} {0.000} {0.000} {0.232} {0.002} {0.629} {4.294} {} {} {} 
    INST {g6325__6260} {D} {v} {Y} {^} {} {NOR4XL} {0.558} {0.308} {0.494} {} {1.186} {4.852} {} {1} {(52.50, 71.16) (52.70, 70.97)} 
    NET {} {} {} {} {} {n_159} {} {0.000} {0.000} {0.494} {0.004} {1.186} {4.852} {} {} {} 
    INST {g6315__6161} {C} {^} {Y} {v} {} {NAND3X1} {0.248} {0.006} {0.221} {} {1.435} {5.101} {} {1} {(44.70, 72.48) (44.50, 73.06)} 
    NET {} {} {} {} {} {n_209} {} {0.000} {0.000} {0.221} {0.002} {1.435} {5.101} {} {} {} 
    INST {g6298__1705} {D} {v} {Y} {^} {} {NOR4XL} {0.491} {0.170} {0.609} {} {1.926} {5.592} {} {2} {(51.10, 71.16) (51.30, 70.97)} 
    NET {} {} {} {} {} {n_224} {} {0.000} {0.000} {0.609} {0.005} {1.926} {5.592} {} {} {} 
    INST {g6284__8428} {A1} {^} {Y} {v} {} {AOI21XL} {0.443} {0.036} {0.367} {} {2.369} {6.035} {} {2} {(37.70, 71.53) (38.10, 71.16)} 
    NET {} {} {} {} {} {n_234} {} {0.000} {0.000} {0.367} {0.005} {2.369} {6.035} {} {} {} 
    INST {g6268__1666} {C} {v} {Y} {^} {} {NAND3X4} {0.182} {0.000} {0.175} {} {2.552} {6.217} {} {18} {(37.90, 69.06) (38.50, 69.64)} 
    NET {} {} {} {} {} {n_321} {} {0.000} {0.000} {0.175} {0.027} {2.552} {6.218} {} {} {} 
    INST {g6249__1617} {B} {^} {Y} {v} {} {NAND2X1} {0.395} {0.070} {0.505} {} {2.947} {6.613} {} {9} {(43.30, 72.48) (43.50, 72.67)} 
    NET {} {} {} {} {} {n_298} {} {0.000} {0.000} {0.505} {0.015} {2.947} {6.613} {} {} {} 
    INST {g6195__7098} {C1} {v} {Y} {^} {} {OAI222X1} {0.215} {0.000} {0.197} {} {3.162} {6.828} {} {1} {(40.90, 64.31) (40.10, 63.75)} 
    NET {} {} {} {} {} {n_303} {} {0.000} {0.000} {0.197} {0.001} {3.162} {6.828} {} {} {} 
  END_DATA_PATH
  OTHER_ARR_CLC
    {} {Clock Rise Edge} {0.000}
    {=} {Beginpoint Arrival Time} {0.000}
  END_OTHER_ARR_CLC
  CAP_CLK_PATH
    COLUMNS {instance} {fpin} {fedge} {tpin} {tedge} {net} {cell} {delay} {incr_delay} {slew} {load} {arrival} {required} {stolen} {fanout} {pin_location}
    PORT {} {dma_clk} {^} {} {} {dma_clk} {} {} {} {0.000} {0.088} {0.000} {-3.666} {} {77} {(40.50, 87.21) } 
    NET {} {} {} {} {} {dma_clk} {} {0.000} {0.000} {0.000} {0.088} {0.000} {-3.666} {} {} {} 
  END_CAP_CLK_PATH
END_PATH 44
PATH 45
  VIEW  view_slow
  CHECK_TYPE {Setup Check}
  REF {u_dma_state_reg[1]} {CK}
  ENDPT {u_dma_state_reg[1]} {D} {DFFRX2} {^} {leading} {dma_clk} {dma_clk(C)(P)(view_slow)*}
  BEGINPT {u_dma_count_reg[11]} {Q} {DFFRX2} {v} {leading} {dma_clk} {dma_clk(D)(P)(view_slow)*}
  REQ_CLC
    {} {Other End Arrival Time} {0.000}
    {-} {Setup} {0.117}
    {+} {Phase Shift} {7.000}
    {+} {CPPR Adjustment} {0.000}
    {=} {Required Time} {6.883}
  END_REQ_CLC
  SLK_CLC
    {-} {Arrival Time} {2.577}
    {=} {Slack Time} {4.306}
  END_SLK_CLC
  SLK 4.306
  ARR_CLC
    {} {Clock Rise Edge} {0.000}
    {=} {Beginpoint Arrival Time} {0.000}
  END_ARR_CLC
  LAUNCH_CLK_PATH
    COLUMNS {instance} {fpin} {fedge} {tpin} {tedge} {net} {cell} {delay} {incr_delay} {slew} {load} {arrival} {required} {stolen} {fanout} {pin_location}
    PORT {} {dma_clk} {^} {} {} {dma_clk} {} {} {} {0.000} {0.088} {0.000} {4.306} {} {77} {(40.50, 87.21) } 
    NET {} {} {} {} {} {dma_clk} {} {0.000} {0.000} {0.000} {0.088} {0.000} {4.306} {} {} {} 
  END_LAUNCH_CLK_PATH 
  DATA_PATH 
    COLUMNS {instance} {fpin} {fedge} {tpin} {tedge} {net} {cell} {delay} {incr_delay} {slew} {load} {arrival} {required} {stolen} {fanout} {pin_location} 
    INST {u_dma_count_reg[11]} {CK} {^} {Q} {v} {} {DFFRX2} {0.259} {0.000} {0.037} {} {0.259} {4.565} {} {4} {(46.70, 66.03) (47.10, 65.64)} 
    NET {} {} {} {} {} {u_dma_count[11]} {} {0.000} {0.000} {0.037} {0.002} {0.259} {4.565} {} {} {} 
    INST {g6511__5526} {A} {v} {Y} {^} {} {NOR4XL} {0.178} {0.000} {0.255} {} {0.437} {4.743} {} {1} {(48.30, 65.84) (49.30, 65.84)} 
    NET {} {} {} {} {} {n_91} {} {0.000} {0.000} {0.255} {0.001} {0.437} {4.743} {} {} {} 
    INST {g6466__4733} {D} {^} {Y} {v} {} {NAND4X1} {0.191} {0.036} {0.232} {} {0.629} {4.934} {} {1} {(52.50, 65.45) (52.10, 66.03)} 
    NET {} {} {} {} {} {n_134} {} {0.000} {0.000} {0.232} {0.002} {0.629} {4.934} {} {} {} 
    INST {g6325__6260} {D} {v} {Y} {^} {} {NOR4XL} {0.558} {0.308} {0.494} {} {1.187} {5.492} {} {1} {(52.50, 71.16) (52.70, 70.97)} 
    NET {} {} {} {} {} {n_159} {} {0.000} {0.000} {0.494} {0.004} {1.187} {5.492} {} {} {} 
    INST {g6315__6161} {C} {^} {Y} {v} {} {NAND3X1} {0.248} {0.006} {0.221} {} {1.435} {5.741} {} {1} {(44.70, 72.48) (44.50, 73.06)} 
    NET {} {} {} {} {} {n_209} {} {0.000} {0.000} {0.221} {0.002} {1.435} {5.741} {} {} {} 
    INST {g6298__1705} {D} {v} {Y} {^} {} {NOR4XL} {0.491} {0.170} {0.609} {} {1.926} {6.231} {} {2} {(51.10, 71.16) (51.30, 70.97)} 
    NET {} {} {} {} {} {n_224} {} {0.000} {0.000} {0.609} {0.005} {1.926} {6.232} {} {} {} 
    INST {g7195} {AN} {^} {Y} {^} {} {NOR3BX1} {0.330} {0.000} {0.155} {} {2.256} {6.562} {} {2} {(36.70, 71.16) (35.90, 71.34)} 
    NET {} {} {} {} {} {n_400} {} {0.000} {0.000} {0.155} {0.002} {2.256} {6.562} {} {} {} 
    INST {g6272__6161} {C} {^} {Y} {v} {} {NAND3BXL} {0.222} {0.010} {0.310} {} {2.478} {6.784} {} {2} {(33.42, 69.05) (33.30, 69.45)} 
    NET {} {} {} {} {} {n_257} {} {0.000} {0.000} {0.310} {0.003} {2.478} {6.784} {} {} {} 
    INST {g6269} {A} {v} {Y} {^} {} {INVX1} {0.099} {0.001} {0.034} {} {2.577} {6.883} {} {1} {(28.91, 69.16) (29.09, 69.16)} 
    NET {} {} {} {} {} {n_258} {} {0.000} {0.000} {0.034} {0.001} {2.577} {6.883} {} {} {} 
  END_DATA_PATH
  OTHER_ARR_CLC
    {} {Clock Rise Edge} {0.000}
    {=} {Beginpoint Arrival Time} {0.000}
  END_OTHER_ARR_CLC
  CAP_CLK_PATH
    COLUMNS {instance} {fpin} {fedge} {tpin} {tedge} {net} {cell} {delay} {incr_delay} {slew} {load} {arrival} {required} {stolen} {fanout} {pin_location}
    PORT {} {dma_clk} {^} {} {} {dma_clk} {} {} {} {0.000} {0.088} {0.000} {-4.306} {} {77} {(40.50, 87.21) } 
    NET {} {} {} {} {} {dma_clk} {} {0.000} {0.000} {0.000} {0.088} {0.000} {-4.306} {} {} {} 
  END_CAP_CLK_PATH
END_PATH 45
PATH 46
  VIEW  view_slow
  CHECK_TYPE {Setup Check}
  REF {u_dma_done_reg} {CK}
  ENDPT {u_dma_done_reg} {D} {DFFRHQX2} {^} {leading} {dma_clk} {dma_clk(C)(P)(view_slow)*}
  BEGINPT {u_dma_count_reg[11]} {Q} {DFFRX2} {v} {leading} {dma_clk} {dma_clk(D)(P)(view_slow)*}
  REQ_CLC
    {} {Other End Arrival Time} {0.000}
    {-} {Setup} {0.108}
    {+} {Phase Shift} {7.000}
    {+} {CPPR Adjustment} {0.000}
    {=} {Required Time} {6.892}
  END_REQ_CLC
  SLK_CLC
    {-} {Arrival Time} {2.583}
    {=} {Slack Time} {4.309}
  END_SLK_CLC
  SLK 4.309
  ARR_CLC
    {} {Clock Rise Edge} {0.000}
    {=} {Beginpoint Arrival Time} {0.000}
  END_ARR_CLC
  LAUNCH_CLK_PATH
    COLUMNS {instance} {fpin} {fedge} {tpin} {tedge} {net} {cell} {delay} {incr_delay} {slew} {load} {arrival} {required} {stolen} {fanout} {pin_location}
    PORT {} {dma_clk} {^} {} {} {dma_clk} {} {} {} {0.000} {0.088} {0.000} {4.309} {} {77} {(40.50, 87.21) } 
    NET {} {} {} {} {} {dma_clk} {} {0.000} {0.000} {0.000} {0.088} {0.000} {4.309} {} {} {} 
  END_LAUNCH_CLK_PATH 
  DATA_PATH 
    COLUMNS {instance} {fpin} {fedge} {tpin} {tedge} {net} {cell} {delay} {incr_delay} {slew} {load} {arrival} {required} {stolen} {fanout} {pin_location} 
    INST {u_dma_count_reg[11]} {CK} {^} {Q} {v} {} {DFFRX2} {0.259} {0.000} {0.037} {} {0.259} {4.568} {} {4} {(46.70, 66.03) (47.10, 65.64)} 
    NET {} {} {} {} {} {u_dma_count[11]} {} {0.000} {0.000} {0.037} {0.002} {0.259} {4.568} {} {} {} 
    INST {g6511__5526} {A} {v} {Y} {^} {} {NOR4XL} {0.178} {0.000} {0.255} {} {0.437} {4.746} {} {1} {(48.30, 65.84) (49.30, 65.84)} 
    NET {} {} {} {} {} {n_91} {} {0.000} {0.000} {0.255} {0.001} {0.437} {4.746} {} {} {} 
    INST {g6466__4733} {D} {^} {Y} {v} {} {NAND4X1} {0.191} {0.036} {0.232} {} {0.629} {4.937} {} {1} {(52.50, 65.45) (52.10, 66.03)} 
    NET {} {} {} {} {} {n_134} {} {0.000} {0.000} {0.232} {0.002} {0.629} {4.937} {} {} {} 
    INST {g6325__6260} {D} {v} {Y} {^} {} {NOR4XL} {0.558} {0.308} {0.494} {} {1.187} {5.495} {} {1} {(52.50, 71.16) (52.70, 70.97)} 
    NET {} {} {} {} {} {n_159} {} {0.000} {0.000} {0.494} {0.004} {1.187} {5.495} {} {} {} 
    INST {g6315__6161} {C} {^} {Y} {v} {} {NAND3X1} {0.248} {0.006} {0.221} {} {1.435} {5.744} {} {1} {(44.70, 72.48) (44.50, 73.06)} 
    NET {} {} {} {} {} {n_209} {} {0.000} {0.000} {0.221} {0.002} {1.435} {5.744} {} {} {} 
    INST {g6298__1705} {D} {v} {Y} {^} {} {NOR4XL} {0.491} {0.170} {0.609} {} {1.926} {6.235} {} {2} {(51.10, 71.16) (51.30, 70.97)} 
    NET {} {} {} {} {} {n_224} {} {0.000} {0.000} {0.609} {0.005} {1.926} {6.235} {} {} {} 
    INST {g7195} {AN} {^} {Y} {^} {} {NOR3BX1} {0.330} {0.000} {0.155} {} {2.256} {6.565} {} {2} {(36.70, 71.16) (35.90, 71.34)} 
    NET {} {} {} {} {} {n_400} {} {0.000} {0.000} {0.155} {0.002} {2.256} {6.565} {} {} {} 
    INST {g6272__6161} {C} {^} {Y} {v} {} {NAND3BXL} {0.222} {0.010} {0.310} {} {2.478} {6.787} {} {2} {(33.42, 69.05) (33.30, 69.45)} 
    NET {} {} {} {} {} {n_257} {} {0.000} {0.000} {0.310} {0.003} {2.478} {6.787} {} {} {} 
    INST {g6261__7098} {B} {v} {Y} {^} {} {NAND2BX1} {0.105} {0.002} {0.044} {} {2.583} {6.892} {} {1} {(29.50, 69.06) (29.50, 69.45)} 
    NET {} {} {} {} {} {n_262} {} {0.000} {0.000} {0.044} {0.001} {2.583} {6.892} {} {} {} 
  END_DATA_PATH
  OTHER_ARR_CLC
    {} {Clock Rise Edge} {0.000}
    {=} {Beginpoint Arrival Time} {0.000}
  END_OTHER_ARR_CLC
  CAP_CLK_PATH
    COLUMNS {instance} {fpin} {fedge} {tpin} {tedge} {net} {cell} {delay} {incr_delay} {slew} {load} {arrival} {required} {stolen} {fanout} {pin_location}
    PORT {} {dma_clk} {^} {} {} {dma_clk} {} {} {} {0.000} {0.088} {0.000} {-4.309} {} {77} {(40.50, 87.21) } 
    NET {} {} {} {} {} {dma_clk} {} {0.000} {0.000} {0.000} {0.088} {0.000} {-4.309} {} {} {} 
  END_CAP_CLK_PATH
END_PATH 46
PATH 47
  VIEW  view_slow
  CHECK_TYPE {Setup Check}
  REF {u_dma_fifo_rd_en_reg} {CK}
  ENDPT {u_dma_fifo_rd_en_reg} {D} {DFFRX2} {v} {leading} {dma_clk} {dma_clk(C)(P)(view_slow)*}
  BEGINPT {u_dma_count_reg[11]} {Q} {DFFRX2} {v} {leading} {dma_clk} {dma_clk(D)(P)(view_slow)*}
  REQ_CLC
    {} {Other End Arrival Time} {0.000}
    {-} {Setup} {0.054}
    {+} {Phase Shift} {7.000}
    {+} {CPPR Adjustment} {0.000}
    {=} {Required Time} {6.946}
  END_REQ_CLC
  SLK_CLC
    {-} {Arrival Time} {2.539}
    {=} {Slack Time} {4.408}
  END_SLK_CLC
  SLK 4.408
  ARR_CLC
    {} {Clock Rise Edge} {0.000}
    {=} {Beginpoint Arrival Time} {0.000}
  END_ARR_CLC
  LAUNCH_CLK_PATH
    COLUMNS {instance} {fpin} {fedge} {tpin} {tedge} {net} {cell} {delay} {incr_delay} {slew} {load} {arrival} {required} {stolen} {fanout} {pin_location}
    PORT {} {dma_clk} {^} {} {} {dma_clk} {} {} {} {0.000} {0.088} {0.000} {4.408} {} {77} {(40.50, 87.21) } 
    NET {} {} {} {} {} {dma_clk} {} {0.000} {0.000} {0.000} {0.088} {0.000} {4.408} {} {} {} 
  END_LAUNCH_CLK_PATH 
  DATA_PATH 
    COLUMNS {instance} {fpin} {fedge} {tpin} {tedge} {net} {cell} {delay} {incr_delay} {slew} {load} {arrival} {required} {stolen} {fanout} {pin_location} 
    INST {u_dma_count_reg[11]} {CK} {^} {Q} {v} {} {DFFRX2} {0.259} {0.000} {0.037} {} {0.259} {4.667} {} {4} {(46.70, 66.03) (47.10, 65.64)} 
    NET {} {} {} {} {} {u_dma_count[11]} {} {0.000} {0.000} {0.037} {0.002} {0.259} {4.667} {} {} {} 
    INST {g6511__5526} {A} {v} {Y} {^} {} {NOR4XL} {0.178} {0.000} {0.255} {} {0.437} {4.845} {} {1} {(48.30, 65.84) (49.30, 65.84)} 
    NET {} {} {} {} {} {n_91} {} {0.000} {0.000} {0.255} {0.001} {0.437} {4.845} {} {} {} 
    INST {g6466__4733} {D} {^} {Y} {v} {} {NAND4X1} {0.191} {0.036} {0.232} {} {0.629} {5.036} {} {1} {(52.50, 65.45) (52.10, 66.03)} 
    NET {} {} {} {} {} {n_134} {} {0.000} {0.000} {0.232} {0.002} {0.629} {5.036} {} {} {} 
    INST {g6325__6260} {D} {v} {Y} {^} {} {NOR4XL} {0.558} {0.308} {0.494} {} {1.187} {5.594} {} {1} {(52.50, 71.16) (52.70, 70.97)} 
    NET {} {} {} {} {} {n_159} {} {0.000} {0.000} {0.494} {0.004} {1.187} {5.594} {} {} {} 
    INST {g6315__6161} {C} {^} {Y} {v} {} {NAND3X1} {0.248} {0.006} {0.221} {} {1.435} {5.843} {} {1} {(44.70, 72.48) (44.50, 73.06)} 
    NET {} {} {} {} {} {n_209} {} {0.000} {0.000} {0.221} {0.002} {1.435} {5.843} {} {} {} 
    INST {g6298__1705} {D} {v} {Y} {^} {} {NOR4XL} {0.491} {0.170} {0.609} {} {1.926} {6.333} {} {2} {(51.10, 71.16) (51.30, 70.97)} 
    NET {} {} {} {} {} {n_224} {} {0.000} {0.000} {0.609} {0.005} {1.926} {6.334} {} {} {} 
    INST {g6284__8428} {A1} {^} {Y} {v} {} {AOI21XL} {0.443} {0.036} {0.367} {} {2.369} {6.777} {} {2} {(37.70, 71.53) (38.10, 71.16)} 
    NET {} {} {} {} {} {n_234} {} {0.000} {0.000} {0.367} {0.005} {2.369} {6.777} {} {} {} 
    INST {g7194} {AN} {v} {Y} {v} {} {NOR2BX1} {0.169} {0.009} {0.052} {} {2.539} {6.946} {} {1} {(31.70, 69.25) (31.30, 68.88)} 
    NET {} {} {} {} {} {n_399} {} {0.000} {0.000} {0.052} {0.002} {2.539} {6.946} {} {} {} 
  END_DATA_PATH
  OTHER_ARR_CLC
    {} {Clock Rise Edge} {0.000}
    {=} {Beginpoint Arrival Time} {0.000}
  END_OTHER_ARR_CLC
  CAP_CLK_PATH
    COLUMNS {instance} {fpin} {fedge} {tpin} {tedge} {net} {cell} {delay} {incr_delay} {slew} {load} {arrival} {required} {stolen} {fanout} {pin_location}
    PORT {} {dma_clk} {^} {} {} {dma_clk} {} {} {} {0.000} {0.088} {0.000} {-4.408} {} {77} {(40.50, 87.21) } 
    NET {} {} {} {} {} {dma_clk} {} {0.000} {0.000} {0.000} {0.088} {0.000} {-4.408} {} {} {} 
  END_CAP_CLK_PATH
END_PATH 47
PATH 48
  VIEW  view_slow
  CHECK_TYPE {Setup Check}
  REF {u_dma_state_reg[0]} {CK}
  ENDPT {u_dma_state_reg[0]} {D} {DFFRX2} {v} {leading} {dma_clk} {dma_clk(C)(P)(view_slow)*}
  BEGINPT {u_dma_count_reg[11]} {Q} {DFFRX2} {v} {leading} {dma_clk} {dma_clk(D)(P)(view_slow)*}
  REQ_CLC
    {} {Other End Arrival Time} {0.000}
    {-} {Setup} {0.050}
    {+} {Phase Shift} {7.000}
    {+} {CPPR Adjustment} {0.000}
    {=} {Required Time} {6.950}
  END_REQ_CLC
  SLK_CLC
    {-} {Arrival Time} {2.497}
    {=} {Slack Time} {4.453}
  END_SLK_CLC
  SLK 4.453
  ARR_CLC
    {} {Clock Rise Edge} {0.000}
    {=} {Beginpoint Arrival Time} {0.000}
  END_ARR_CLC
  LAUNCH_CLK_PATH
    COLUMNS {instance} {fpin} {fedge} {tpin} {tedge} {net} {cell} {delay} {incr_delay} {slew} {load} {arrival} {required} {stolen} {fanout} {pin_location}
    PORT {} {dma_clk} {^} {} {} {dma_clk} {} {} {} {0.000} {0.088} {0.000} {4.453} {} {77} {(40.50, 87.21) } 
    NET {} {} {} {} {} {dma_clk} {} {0.000} {0.000} {0.000} {0.088} {0.000} {4.453} {} {} {} 
  END_LAUNCH_CLK_PATH 
  DATA_PATH 
    COLUMNS {instance} {fpin} {fedge} {tpin} {tedge} {net} {cell} {delay} {incr_delay} {slew} {load} {arrival} {required} {stolen} {fanout} {pin_location} 
    INST {u_dma_count_reg[11]} {CK} {^} {Q} {v} {} {DFFRX2} {0.259} {0.000} {0.037} {} {0.259} {4.712} {} {4} {(46.70, 66.03) (47.10, 65.64)} 
    NET {} {} {} {} {} {u_dma_count[11]} {} {0.000} {0.000} {0.037} {0.002} {0.259} {4.712} {} {} {} 
    INST {g6511__5526} {A} {v} {Y} {^} {} {NOR4XL} {0.178} {0.000} {0.255} {} {0.437} {4.890} {} {1} {(48.30, 65.84) (49.30, 65.84)} 
    NET {} {} {} {} {} {n_91} {} {0.000} {0.000} {0.255} {0.001} {0.437} {4.890} {} {} {} 
    INST {g6466__4733} {D} {^} {Y} {v} {} {NAND4X1} {0.191} {0.036} {0.232} {} {0.629} {5.082} {} {1} {(52.50, 65.45) (52.10, 66.03)} 
    NET {} {} {} {} {} {n_134} {} {0.000} {0.000} {0.232} {0.002} {0.629} {5.082} {} {} {} 
    INST {g6325__6260} {D} {v} {Y} {^} {} {NOR4XL} {0.558} {0.308} {0.494} {} {1.186} {5.640} {} {1} {(52.50, 71.16) (52.70, 70.97)} 
    NET {} {} {} {} {} {n_159} {} {0.000} {0.000} {0.494} {0.004} {1.186} {5.640} {} {} {} 
    INST {g6315__6161} {C} {^} {Y} {v} {} {NAND3X1} {0.248} {0.006} {0.221} {} {1.435} {5.888} {} {1} {(44.70, 72.48) (44.50, 73.06)} 
    NET {} {} {} {} {} {n_209} {} {0.000} {0.000} {0.221} {0.002} {1.435} {5.888} {} {} {} 
    INST {g6298__1705} {D} {v} {Y} {^} {} {NOR4XL} {0.491} {0.170} {0.609} {} {1.926} {6.379} {} {2} {(51.10, 71.16) (51.30, 70.97)} 
    NET {} {} {} {} {} {n_224} {} {0.000} {0.000} {0.609} {0.005} {1.926} {6.379} {} {} {} 
    INST {g7195} {AN} {^} {Y} {^} {} {NOR3BX1} {0.330} {0.000} {0.155} {} {2.256} {6.709} {} {2} {(36.70, 71.16) (35.90, 71.34)} 
    NET {} {} {} {} {} {n_400} {} {0.000} {0.000} {0.155} {0.002} {2.256} {6.709} {} {} {} 
    INST {g6283} {A} {^} {Y} {v} {} {INVX1} {0.065} {0.002} {0.043} {} {2.321} {6.774} {} {1} {(35.11, 71.06) (35.30, 71.06)} 
    NET {} {} {} {} {} {n_242} {} {0.000} {0.000} {0.043} {0.001} {2.321} {6.774} {} {} {} 
    INST {g6247__8428} {A2} {v} {Y} {^} {} {AOI31X1} {0.104} {0.004} {0.144} {} {2.425} {6.879} {} {2} {(35.50, 69.06) (35.90, 69.06)} 
    NET {} {} {} {} {} {n_285} {} {0.000} {0.000} {0.144} {0.003} {2.426} {6.879} {} {} {} 
    INST {g6245} {A} {^} {Y} {v} {} {INVX1} {0.071} {0.000} {0.039} {} {2.497} {6.950} {} {1} {(30.71, 69.16) (30.89, 69.16)} 
    NET {} {} {} {} {} {n_286} {} {0.000} {0.000} {0.039} {0.001} {2.497} {6.950} {} {} {} 
  END_DATA_PATH
  OTHER_ARR_CLC
    {} {Clock Rise Edge} {0.000}
    {=} {Beginpoint Arrival Time} {0.000}
  END_OTHER_ARR_CLC
  CAP_CLK_PATH
    COLUMNS {instance} {fpin} {fedge} {tpin} {tedge} {net} {cell} {delay} {incr_delay} {slew} {load} {arrival} {required} {stolen} {fanout} {pin_location}
    PORT {} {dma_clk} {^} {} {} {dma_clk} {} {} {} {0.000} {0.088} {0.000} {-4.453} {} {77} {(40.50, 87.21) } 
    NET {} {} {} {} {} {dma_clk} {} {0.000} {0.000} {0.000} {0.088} {0.000} {-4.453} {} {} {} 
  END_CAP_CLK_PATH
END_PATH 48
PATH 49
  VIEW  view_slow
  CHECK_TYPE {Setup Check}
  REF {u_fifo_rgray_reg[2]} {CK}
  ENDPT {u_fifo_rgray_reg[2]} {SI} {SDFFRHQX1} {^} {leading} {dma_clk} {dma_clk(C)(P)(view_slow)*}
  BEGINPT {u_fifo_rgray_reg[2]} {Q} {SDFFRHQX1} {v} {leading} {dma_clk} {dma_clk(D)(P)(view_slow)*}
  REQ_CLC
    {} {Other End Arrival Time} {0.000}
    {-} {Setup} {0.203}
    {+} {Phase Shift} {7.000}
    {+} {CPPR Adjustment} {0.000}
    {=} {Required Time} {6.797}
  END_REQ_CLC
  SLK_CLC
    {-} {Arrival Time} {1.745}
    {=} {Slack Time} {5.051}
  END_SLK_CLC
  SLK 5.051
  ARR_CLC
    {} {Clock Rise Edge} {0.000}
    {=} {Beginpoint Arrival Time} {0.000}
  END_ARR_CLC
  LAUNCH_CLK_PATH
    COLUMNS {instance} {fpin} {fedge} {tpin} {tedge} {net} {cell} {delay} {incr_delay} {slew} {load} {arrival} {required} {stolen} {fanout} {pin_location}
    PORT {} {dma_clk} {^} {} {} {dma_clk} {} {} {} {0.000} {0.088} {0.000} {5.051} {} {77} {(40.50, 87.21) } 
    NET {} {} {} {} {} {dma_clk} {} {0.000} {0.000} {0.000} {0.088} {0.000} {5.051} {} {} {} 
  END_LAUNCH_CLK_PATH 
  DATA_PATH 
    COLUMNS {instance} {fpin} {fedge} {tpin} {tedge} {net} {cell} {delay} {incr_delay} {slew} {load} {arrival} {required} {stolen} {fanout} {pin_location} 
    INST {u_fifo_rgray_reg[2]} {CK} {^} {Q} {v} {} {SDFFRHQX1} {0.263} {0.003} {0.062} {} {0.263} {5.315} {} {2} {(15.50, 60.70) (15.10, 61.09)} 
    NET {} {} {} {} {} {u_fifo_rgray[2]} {} {0.000} {0.000} {0.062} {0.003} {0.263} {5.315} {} {} {} 
    INST {g6951} {A} {v} {Y} {^} {} {XNOR2X1} {0.201} {0.000} {0.058} {} {0.464} {5.515} {} {1} {(15.90, 59.00) (15.50, 58.62)} 
    NET {} {} {} {} {} {n_396} {} {0.000} {0.000} {0.058} {0.002} {0.464} {5.516} {} {} {} 
    INST {g6512__9945} {C0} {^} {Y} {v} {} {OAI221X1} {0.151} {0.008} {0.208} {} {0.616} {5.667} {} {1} {(13.10, 62.04) (12.70, 62.80)} 
    NET {} {} {} {} {} {n_130} {} {0.000} {0.000} {0.208} {0.002} {0.616} {5.667} {} {} {} 
    INST {g6427__4733} {C} {v} {Y} {^} {} {NOR3X1} {0.250} {0.052} {0.303} {} {0.866} {5.917} {} {3} {(22.90, 62.41) (23.10, 62.41)} 
    NET {} {} {} {} {} {n_230} {} {0.000} {0.000} {0.303} {0.005} {0.866} {5.917} {} {} {} 
    INST {g6371__5122} {B} {^} {Y} {v} {} {NOR2XL} {0.161} {0.013} {0.119} {} {1.027} {6.078} {} {2} {(22.70, 69.25) (22.70, 68.88)} 
    NET {} {} {} {} {} {n_220} {} {0.000} {0.000} {0.119} {0.003} {1.027} {6.078} {} {} {} 
    INST {g6336__6783} {B} {v} {Y} {v} {} {AND2X1} {0.108} {0.000} {0.049} {} {1.135} {6.186} {} {2} {(17.50, 69.25) (18.30, 69.06)} 
    NET {} {} {} {} {} {n_231} {} {0.000} {0.000} {0.049} {0.002} {1.135} {6.186} {} {} {} 
    INST {g6311} {A} {v} {Y} {^} {} {INVX1} {0.038} {0.000} {0.038} {} {1.173} {6.224} {} {2} {(19.11, 69.16) (19.30, 69.16)} 
    NET {} {} {} {} {} {n_244} {} {0.000} {0.000} {0.038} {0.002} {1.173} {6.224} {} {} {} 
    INST {g6308__7410} {B} {^} {Y} {v} {} {NOR2XL} {0.053} {0.000} {0.079} {} {1.226} {6.277} {} {2} {(21.10, 69.25) (21.10, 68.88)} 
    NET {} {} {} {} {} {n_251} {} {0.000} {0.000} {0.079} {0.002} {1.226} {6.277} {} {} {} 
    INST {g6293} {A} {v} {Y} {^} {} {INVX1} {0.052} {0.000} {0.045} {} {1.278} {6.329} {} {2} {(20.91, 67.64) (21.09, 67.64)} 
    NET {} {} {} {} {} {n_254} {} {0.000} {0.000} {0.045} {0.002} {1.278} {6.329} {} {} {} 
    INST {g6287__6131} {A1} {^} {Y} {v} {} {OAI22XL} {0.278} {0.000} {0.457} {} {1.556} {6.608} {} {4} {(19.50, 67.73) (19.70, 67.73)} 
    NET {} {} {} {} {} {n_287} {} {0.000} {0.000} {0.457} {0.007} {1.557} {6.608} {} {} {} 
    INST {g6274} {A} {v} {Y} {^} {} {INVX1} {0.189} {0.000} {0.111} {} {1.745} {6.797} {} {1} {(20.71, 58.90) (20.89, 58.90)} 
    NET {} {} {} {} {} {n_265} {} {0.000} {0.000} {0.111} {0.001} {1.745} {6.797} {} {} {} 
  END_DATA_PATH
  OTHER_ARR_CLC
    {} {Clock Rise Edge} {0.000}
    {=} {Beginpoint Arrival Time} {0.000}
  END_OTHER_ARR_CLC
  CAP_CLK_PATH
    COLUMNS {instance} {fpin} {fedge} {tpin} {tedge} {net} {cell} {delay} {incr_delay} {slew} {load} {arrival} {required} {stolen} {fanout} {pin_location}
    PORT {} {dma_clk} {^} {} {} {dma_clk} {} {} {} {0.000} {0.088} {0.000} {-5.051} {} {77} {(40.50, 87.21) } 
    NET {} {} {} {} {} {dma_clk} {} {0.000} {0.000} {0.000} {0.088} {0.000} {-5.051} {} {} {} 
  END_CAP_CLK_PATH
END_PATH 49
PATH 50
  VIEW  view_slow
  CHECK_TYPE {Setup Check}
  REF {u_fifo_rgray_reg[3]} {CK}
  ENDPT {u_fifo_rgray_reg[3]} {SE} {SDFFRXL} {v} {leading} {dma_clk} {dma_clk(C)(P)(view_slow)*}
  BEGINPT {u_fifo_rgray_reg[2]} {Q} {SDFFRHQX1} {v} {leading} {dma_clk} {dma_clk(D)(P)(view_slow)*}
  REQ_CLC
    {} {Other End Arrival Time} {0.000}
    {-} {Setup} {0.307}
    {+} {Phase Shift} {7.000}
    {+} {CPPR Adjustment} {0.000}
    {=} {Required Time} {6.693}
  END_REQ_CLC
  SLK_CLC
    {-} {Arrival Time} {1.621}
    {=} {Slack Time} {5.072}
  END_SLK_CLC
  SLK 5.072
  ARR_CLC
    {} {Clock Rise Edge} {0.000}
    {=} {Beginpoint Arrival Time} {0.000}
  END_ARR_CLC
  LAUNCH_CLK_PATH
    COLUMNS {instance} {fpin} {fedge} {tpin} {tedge} {net} {cell} {delay} {incr_delay} {slew} {load} {arrival} {required} {stolen} {fanout} {pin_location}
    PORT {} {dma_clk} {^} {} {} {dma_clk} {} {} {} {0.000} {0.088} {0.000} {5.072} {} {77} {(40.50, 87.21) } 
    NET {} {} {} {} {} {dma_clk} {} {0.000} {0.000} {0.000} {0.088} {0.000} {5.072} {} {} {} 
  END_LAUNCH_CLK_PATH 
  DATA_PATH 
    COLUMNS {instance} {fpin} {fedge} {tpin} {tedge} {net} {cell} {delay} {incr_delay} {slew} {load} {arrival} {required} {stolen} {fanout} {pin_location} 
    INST {u_fifo_rgray_reg[2]} {CK} {^} {Q} {v} {} {SDFFRHQX1} {0.263} {0.003} {0.062} {} {0.263} {5.335} {} {2} {(15.50, 60.70) (15.10, 61.09)} 
    NET {} {} {} {} {} {u_fifo_rgray[2]} {} {0.000} {0.000} {0.062} {0.003} {0.263} {5.335} {} {} {} 
    INST {g6951} {A} {v} {Y} {^} {} {XNOR2X1} {0.201} {0.000} {0.058} {} {0.464} {5.536} {} {1} {(15.90, 59.00) (15.50, 58.62)} 
    NET {} {} {} {} {} {n_396} {} {0.000} {0.000} {0.058} {0.002} {0.464} {5.536} {} {} {} 
    INST {g6512__9945} {C0} {^} {Y} {v} {} {OAI221X1} {0.151} {0.008} {0.208} {} {0.616} {5.688} {} {1} {(13.10, 62.04) (12.70, 62.80)} 
    NET {} {} {} {} {} {n_130} {} {0.000} {0.000} {0.208} {0.002} {0.616} {5.688} {} {} {} 
    INST {g6427__4733} {C} {v} {Y} {^} {} {NOR3X1} {0.250} {0.052} {0.303} {} {0.866} {5.938} {} {3} {(22.90, 62.41) (23.10, 62.41)} 
    NET {} {} {} {} {} {n_230} {} {0.000} {0.000} {0.303} {0.005} {0.866} {5.938} {} {} {} 
    INST {g6371__5122} {B} {^} {Y} {v} {} {NOR2XL} {0.161} {0.013} {0.119} {} {1.027} {6.099} {} {2} {(22.70, 69.25) (22.70, 68.88)} 
    NET {} {} {} {} {} {n_220} {} {0.000} {0.000} {0.119} {0.003} {1.027} {6.099} {} {} {} 
    INST {g6336__6783} {B} {v} {Y} {v} {} {AND2X1} {0.108} {0.000} {0.049} {} {1.135} {6.207} {} {2} {(17.50, 69.25) (18.30, 69.06)} 
    NET {} {} {} {} {} {n_231} {} {0.000} {0.000} {0.049} {0.002} {1.135} {6.207} {} {} {} 
    INST {g6311} {A} {v} {Y} {^} {} {INVX1} {0.038} {0.000} {0.038} {} {1.173} {6.245} {} {2} {(19.11, 69.16) (19.30, 69.16)} 
    NET {} {} {} {} {} {n_244} {} {0.000} {0.000} {0.038} {0.002} {1.173} {6.245} {} {} {} 
    INST {g6308__7410} {B} {^} {Y} {v} {} {NOR2XL} {0.053} {0.000} {0.079} {} {1.226} {6.298} {} {2} {(21.10, 69.25) (21.10, 68.88)} 
    NET {} {} {} {} {} {n_251} {} {0.000} {0.000} {0.079} {0.002} {1.226} {6.298} {} {} {} 
    INST {g6293} {A} {v} {Y} {^} {} {INVX1} {0.052} {0.000} {0.045} {} {1.278} {6.350} {} {2} {(20.91, 67.64) (21.09, 67.64)} 
    NET {} {} {} {} {} {n_254} {} {0.000} {0.000} {0.045} {0.002} {1.278} {6.350} {} {} {} 
    INST {g6288__7482} {B} {^} {Y} {v} {} {NOR2XL} {0.068} {0.003} {0.095} {} {1.346} {6.418} {} {2} {(22.10, 65.84) (22.10, 65.45)} 
    NET {} {} {} {} {} {n_272} {} {0.000} {0.000} {0.095} {0.002} {1.346} {6.418} {} {} {} 
    INST {g7193} {B} {v} {Y} {v} {} {AND2X1} {0.100} {0.002} {0.047} {} {1.446} {6.518} {} {1} {(24.90, 65.84) (25.70, 65.64)} 
    NET {} {} {} {} {} {n_398} {} {0.000} {0.000} {0.047} {0.002} {1.446} {6.518} {} {} {} 
    INST {g6242__5477} {S0} {v} {Y} {v} {} {MXI2XL} {0.175} {0.012} {0.211} {} {1.621} {6.693} {} {2} {(25.90, 62.41) (25.50, 62.23)} 
    NET {} {} {} {} {} {n_306} {} {0.000} {0.000} {0.211} {0.003} {1.621} {6.693} {} {} {} 
  END_DATA_PATH
  OTHER_ARR_CLC
    {} {Clock Rise Edge} {0.000}
    {=} {Beginpoint Arrival Time} {0.000}
  END_OTHER_ARR_CLC
  CAP_CLK_PATH
    COLUMNS {instance} {fpin} {fedge} {tpin} {tedge} {net} {cell} {delay} {incr_delay} {slew} {load} {arrival} {required} {stolen} {fanout} {pin_location}
    PORT {} {dma_clk} {^} {} {} {dma_clk} {} {} {} {0.000} {0.088} {0.000} {-5.072} {} {77} {(40.50, 87.21) } 
    NET {} {} {} {} {} {dma_clk} {} {0.000} {0.000} {0.000} {0.088} {0.000} {-5.072} {} {} {} 
  END_CAP_CLK_PATH
END_PATH 50
PATH 51
  VIEW  view_slow
  CHECK_TYPE {Setup Check}
  REF {u_fifo_rgray_reg[1]} {CK}
  ENDPT {u_fifo_rgray_reg[1]} {SE} {SDFFRHQX1} {v} {leading} {dma_clk} {dma_clk(C)(P)(view_slow)*}
  BEGINPT {u_fifo_rgray_reg[2]} {Q} {SDFFRHQX1} {v} {leading} {dma_clk} {dma_clk(D)(P)(view_slow)*}
  REQ_CLC
    {} {Other End Arrival Time} {0.000}
    {-} {Setup} {0.329}
    {+} {Phase Shift} {7.000}
    {+} {CPPR Adjustment} {0.000}
    {=} {Required Time} {6.671}
  END_REQ_CLC
  SLK_CLC
    {-} {Arrival Time} {1.557}
    {=} {Slack Time} {5.114}
  END_SLK_CLC
  SLK 5.114
  ARR_CLC
    {} {Clock Rise Edge} {0.000}
    {=} {Beginpoint Arrival Time} {0.000}
  END_ARR_CLC
  LAUNCH_CLK_PATH
    COLUMNS {instance} {fpin} {fedge} {tpin} {tedge} {net} {cell} {delay} {incr_delay} {slew} {load} {arrival} {required} {stolen} {fanout} {pin_location}
    PORT {} {dma_clk} {^} {} {} {dma_clk} {} {} {} {0.000} {0.088} {0.000} {5.114} {} {77} {(40.50, 87.21) } 
    NET {} {} {} {} {} {dma_clk} {} {0.000} {0.000} {0.000} {0.088} {0.000} {5.114} {} {} {} 
  END_LAUNCH_CLK_PATH 
  DATA_PATH 
    COLUMNS {instance} {fpin} {fedge} {tpin} {tedge} {net} {cell} {delay} {incr_delay} {slew} {load} {arrival} {required} {stolen} {fanout} {pin_location} 
    INST {u_fifo_rgray_reg[2]} {CK} {^} {Q} {v} {} {SDFFRHQX1} {0.263} {0.003} {0.062} {} {0.263} {5.378} {} {2} {(15.50, 60.70) (15.10, 61.09)} 
    NET {} {} {} {} {} {u_fifo_rgray[2]} {} {0.000} {0.000} {0.062} {0.003} {0.263} {5.378} {} {} {} 
    INST {g6951} {A} {v} {Y} {^} {} {XNOR2X1} {0.201} {0.000} {0.058} {} {0.464} {5.579} {} {1} {(15.90, 59.00) (15.50, 58.62)} 
    NET {} {} {} {} {} {n_396} {} {0.000} {0.000} {0.058} {0.002} {0.464} {5.579} {} {} {} 
    INST {g6512__9945} {C0} {^} {Y} {v} {} {OAI221X1} {0.151} {0.008} {0.208} {} {0.616} {5.730} {} {1} {(13.10, 62.04) (12.70, 62.80)} 
    NET {} {} {} {} {} {n_130} {} {0.000} {0.000} {0.208} {0.002} {0.616} {5.730} {} {} {} 
    INST {g6427__4733} {C} {v} {Y} {^} {} {NOR3X1} {0.250} {0.052} {0.303} {} {0.866} {5.980} {} {3} {(22.90, 62.41) (23.10, 62.41)} 
    NET {} {} {} {} {} {n_230} {} {0.000} {0.000} {0.303} {0.005} {0.866} {5.980} {} {} {} 
    INST {g6371__5122} {B} {^} {Y} {v} {} {NOR2XL} {0.161} {0.013} {0.119} {} {1.027} {6.141} {} {2} {(22.70, 69.25) (22.70, 68.88)} 
    NET {} {} {} {} {} {n_220} {} {0.000} {0.000} {0.119} {0.003} {1.027} {6.141} {} {} {} 
    INST {g6336__6783} {B} {v} {Y} {v} {} {AND2X1} {0.108} {0.000} {0.049} {} {1.135} {6.250} {} {2} {(17.50, 69.25) (18.30, 69.06)} 
    NET {} {} {} {} {} {n_231} {} {0.000} {0.000} {0.049} {0.002} {1.135} {6.250} {} {} {} 
    INST {g6311} {A} {v} {Y} {^} {} {INVX1} {0.038} {0.000} {0.038} {} {1.173} {6.287} {} {2} {(19.11, 69.16) (19.30, 69.16)} 
    NET {} {} {} {} {} {n_244} {} {0.000} {0.000} {0.038} {0.002} {1.173} {6.287} {} {} {} 
    INST {g6308__7410} {B} {^} {Y} {v} {} {NOR2XL} {0.053} {0.000} {0.079} {} {1.226} {6.341} {} {2} {(21.10, 69.25) (21.10, 68.88)} 
    NET {} {} {} {} {} {n_251} {} {0.000} {0.000} {0.079} {0.002} {1.226} {6.341} {} {} {} 
    INST {g6293} {A} {v} {Y} {^} {} {INVX1} {0.052} {0.000} {0.045} {} {1.278} {6.393} {} {2} {(20.91, 67.64) (21.09, 67.64)} 
    NET {} {} {} {} {} {n_254} {} {0.000} {0.000} {0.045} {0.002} {1.278} {6.393} {} {} {} 
    INST {g6287__6131} {A1} {^} {Y} {v} {} {OAI22XL} {0.278} {0.000} {0.457} {} {1.556} {6.671} {} {4} {(19.50, 67.73) (19.70, 67.73)} 
    NET {} {} {} {} {} {n_287} {} {0.000} {0.000} {0.457} {0.007} {1.557} {6.671} {} {} {} 
  END_DATA_PATH
  OTHER_ARR_CLC
    {} {Clock Rise Edge} {0.000}
    {=} {Beginpoint Arrival Time} {0.000}
  END_OTHER_ARR_CLC
  CAP_CLK_PATH
    COLUMNS {instance} {fpin} {fedge} {tpin} {tedge} {net} {cell} {delay} {incr_delay} {slew} {load} {arrival} {required} {stolen} {fanout} {pin_location}
    PORT {} {dma_clk} {^} {} {} {dma_clk} {} {} {} {0.000} {0.088} {0.000} {-5.114} {} {77} {(40.50, 87.21) } 
    NET {} {} {} {} {} {dma_clk} {} {0.000} {0.000} {0.000} {0.088} {0.000} {-5.114} {} {} {} 
  END_CAP_CLK_PATH
END_PATH 51
PATH 52
  VIEW  view_slow
  CHECK_TYPE {Setup Check}
  REF {u_fifo_rgray_reg[3]} {CK}
  ENDPT {u_fifo_rgray_reg[3]} {SI} {SDFFRXL} {^} {leading} {dma_clk} {dma_clk(C)(P)(view_slow)*}
  BEGINPT {u_fifo_rgray_reg[2]} {Q} {SDFFRHQX1} {^} {leading} {dma_clk} {dma_clk(D)(P)(view_slow)*}
  REQ_CLC
    {} {Other End Arrival Time} {0.000}
    {-} {Setup} {0.231}
    {+} {Phase Shift} {7.000}
    {+} {CPPR Adjustment} {0.000}
    {=} {Required Time} {6.769}
  END_REQ_CLC
  SLK_CLC
    {-} {Arrival Time} {1.622}
    {=} {Slack Time} {5.147}
  END_SLK_CLC
  SLK 5.147
  ARR_CLC
    {} {Clock Rise Edge} {0.000}
    {=} {Beginpoint Arrival Time} {0.000}
  END_ARR_CLC
  LAUNCH_CLK_PATH
    COLUMNS {instance} {fpin} {fedge} {tpin} {tedge} {net} {cell} {delay} {incr_delay} {slew} {load} {arrival} {required} {stolen} {fanout} {pin_location}
    PORT {} {dma_clk} {^} {} {} {dma_clk} {} {} {} {0.000} {0.088} {0.000} {5.147} {} {77} {(40.50, 87.21) } 
    NET {} {} {} {} {} {dma_clk} {} {0.000} {0.000} {0.000} {0.088} {0.000} {5.147} {} {} {} 
  END_LAUNCH_CLK_PATH 
  DATA_PATH 
    COLUMNS {instance} {fpin} {fedge} {tpin} {tedge} {net} {cell} {delay} {incr_delay} {slew} {load} {arrival} {required} {stolen} {fanout} {pin_location} 
    INST {u_fifo_rgray_reg[2]} {CK} {^} {Q} {^} {} {SDFFRHQX1} {0.274} {0.003} {0.068} {} {0.274} {5.421} {} {2} {(15.50, 60.70) (15.10, 61.09)} 
    NET {} {} {} {} {} {u_fifo_rgray[2]} {} {0.000} {0.000} {0.068} {0.003} {0.274} {5.421} {} {} {} 
    INST {g6951} {A} {^} {Y} {v} {} {XNOR2X1} {0.199} {0.000} {0.060} {} {0.473} {5.620} {} {1} {(15.90, 59.00) (15.50, 58.62)} 
    NET {} {} {} {} {} {n_396} {} {0.000} {0.000} {0.060} {0.002} {0.473} {5.620} {} {} {} 
    INST {g6512__9945} {C0} {v} {Y} {^} {} {OAI221X1} {0.052} {0.003} {0.149} {} {0.525} {5.672} {} {1} {(13.10, 62.04) (12.70, 62.80)} 
    NET {} {} {} {} {} {n_130} {} {0.000} {0.000} {0.149} {0.002} {0.525} {5.672} {} {} {} 
    INST {g6427__4733} {C} {^} {Y} {v} {} {NOR3X1} {0.121} {0.018} {0.120} {} {0.647} {5.794} {} {3} {(22.90, 62.41) (23.10, 62.41)} 
    NET {} {} {} {} {} {n_230} {} {0.000} {0.000} {0.120} {0.005} {0.647} {5.794} {} {} {} 
    INST {g6371__5122} {B} {v} {Y} {^} {} {NOR2XL} {0.158} {0.021} {0.195} {} {0.805} {5.952} {} {2} {(22.70, 69.25) (22.70, 68.88)} 
    NET {} {} {} {} {} {n_220} {} {0.000} {0.000} {0.195} {0.003} {0.805} {5.952} {} {} {} 
    INST {g6336__6783} {B} {^} {Y} {^} {} {AND2X1} {0.174} {0.000} {0.054} {} {0.979} {6.126} {} {2} {(17.50, 69.25) (18.30, 69.06)} 
    NET {} {} {} {} {} {n_231} {} {0.000} {0.000} {0.054} {0.002} {0.979} {6.126} {} {} {} 
    INST {g6311} {A} {^} {Y} {v} {} {INVX1} {0.043} {0.000} {0.041} {} {1.022} {6.169} {} {2} {(19.11, 69.16) (19.30, 69.16)} 
    NET {} {} {} {} {} {n_244} {} {0.000} {0.000} {0.041} {0.002} {1.022} {6.169} {} {} {} 
    INST {g6308__7410} {B} {v} {Y} {^} {} {NOR2XL} {0.081} {0.000} {0.138} {} {1.102} {6.249} {} {2} {(21.10, 69.25) (21.10, 68.88)} 
    NET {} {} {} {} {} {n_251} {} {0.000} {0.000} {0.138} {0.002} {1.102} {6.249} {} {} {} 
    INST {g6293} {A} {^} {Y} {v} {} {INVX1} {0.079} {0.000} {0.057} {} {1.181} {6.328} {} {2} {(20.91, 67.64) (21.09, 67.64)} 
    NET {} {} {} {} {} {n_254} {} {0.000} {0.000} {0.057} {0.002} {1.181} {6.328} {} {} {} 
    INST {g6288__7482} {B} {v} {Y} {^} {} {NOR2XL} {0.107} {0.007} {0.161} {} {1.287} {6.434} {} {2} {(22.10, 65.84) (22.10, 65.45)} 
    NET {} {} {} {} {} {n_272} {} {0.000} {0.000} {0.161} {0.002} {1.287} {6.434} {} {} {} 
    INST {g6943} {B} {^} {Y} {v} {} {XOR2X1} {0.265} {0.008} {0.149} {} {1.552} {6.699} {} {4} {(23.50, 64.12) (22.70, 64.31)} 
    NET {} {} {} {} {} {n_388} {} {0.000} {0.000} {0.149} {0.007} {1.552} {6.699} {} {} {} 
    INST {g6250} {A} {v} {Y} {^} {} {INVX1} {0.070} {0.000} {0.039} {} {1.622} {6.769} {} {1} {(24.11, 62.32) (24.30, 62.32)} 
    NET {} {} {} {} {} {n_280} {} {0.000} {0.000} {0.039} {0.001} {1.622} {6.769} {} {} {} 
  END_DATA_PATH
  OTHER_ARR_CLC
    {} {Clock Rise Edge} {0.000}
    {=} {Beginpoint Arrival Time} {0.000}
  END_OTHER_ARR_CLC
  CAP_CLK_PATH
    COLUMNS {instance} {fpin} {fedge} {tpin} {tedge} {net} {cell} {delay} {incr_delay} {slew} {load} {arrival} {required} {stolen} {fanout} {pin_location}
    PORT {} {dma_clk} {^} {} {} {dma_clk} {} {} {} {0.000} {0.088} {0.000} {-5.147} {} {77} {(40.50, 87.21) } 
    NET {} {} {} {} {} {dma_clk} {} {0.000} {0.000} {0.000} {0.088} {0.000} {-5.147} {} {} {} 
  END_CAP_CLK_PATH
END_PATH 52
PATH 53
  VIEW  view_slow
  CHECK_TYPE {Setup Check}
  REF {u_fifo_rgray_reg[3]} {CK}
  ENDPT {u_fifo_rgray_reg[3]} {D} {SDFFRXL} {^} {leading} {dma_clk} {dma_clk(C)(P)(view_slow)*}
  BEGINPT {u_fifo_rgray_reg[2]} {Q} {SDFFRHQX1} {v} {leading} {dma_clk} {dma_clk(D)(P)(view_slow)*}
  REQ_CLC
    {} {Other End Arrival Time} {0.000}
    {-} {Setup} {0.268}
    {+} {Phase Shift} {7.000}
    {+} {CPPR Adjustment} {0.000}
    {=} {Required Time} {6.732}
  END_REQ_CLC
  SLK_CLC
    {-} {Arrival Time} {1.554}
    {=} {Slack Time} {5.178}
  END_SLK_CLC
  SLK 5.178
  ARR_CLC
    {} {Clock Rise Edge} {0.000}
    {=} {Beginpoint Arrival Time} {0.000}
  END_ARR_CLC
  LAUNCH_CLK_PATH
    COLUMNS {instance} {fpin} {fedge} {tpin} {tedge} {net} {cell} {delay} {incr_delay} {slew} {load} {arrival} {required} {stolen} {fanout} {pin_location}
    PORT {} {dma_clk} {^} {} {} {dma_clk} {} {} {} {0.000} {0.088} {0.000} {5.178} {} {77} {(40.50, 87.21) } 
    NET {} {} {} {} {} {dma_clk} {} {0.000} {0.000} {0.000} {0.088} {0.000} {5.178} {} {} {} 
  END_LAUNCH_CLK_PATH 
  DATA_PATH 
    COLUMNS {instance} {fpin} {fedge} {tpin} {tedge} {net} {cell} {delay} {incr_delay} {slew} {load} {arrival} {required} {stolen} {fanout} {pin_location} 
    INST {u_fifo_rgray_reg[2]} {CK} {^} {Q} {v} {} {SDFFRHQX1} {0.263} {0.003} {0.062} {} {0.263} {5.442} {} {2} {(15.50, 60.70) (15.10, 61.09)} 
    NET {} {} {} {} {} {u_fifo_rgray[2]} {} {0.000} {0.000} {0.062} {0.003} {0.263} {5.442} {} {} {} 
    INST {g6951} {A} {v} {Y} {^} {} {XNOR2X1} {0.201} {0.000} {0.058} {} {0.464} {5.643} {} {1} {(15.90, 59.00) (15.50, 58.62)} 
    NET {} {} {} {} {} {n_396} {} {0.000} {0.000} {0.058} {0.002} {0.464} {5.643} {} {} {} 
    INST {g6512__9945} {C0} {^} {Y} {v} {} {OAI221X1} {0.151} {0.008} {0.208} {} {0.616} {5.794} {} {1} {(13.10, 62.04) (12.70, 62.80)} 
    NET {} {} {} {} {} {n_130} {} {0.000} {0.000} {0.208} {0.002} {0.616} {5.794} {} {} {} 
    INST {g6427__4733} {C} {v} {Y} {^} {} {NOR3X1} {0.250} {0.052} {0.303} {} {0.866} {6.044} {} {3} {(22.90, 62.41) (23.10, 62.41)} 
    NET {} {} {} {} {} {n_230} {} {0.000} {0.000} {0.303} {0.005} {0.866} {6.044} {} {} {} 
    INST {g6371__5122} {B} {^} {Y} {v} {} {NOR2XL} {0.161} {0.013} {0.119} {} {1.027} {6.205} {} {2} {(22.70, 69.25) (22.70, 68.88)} 
    NET {} {} {} {} {} {n_220} {} {0.000} {0.000} {0.119} {0.003} {1.027} {6.205} {} {} {} 
    INST {g6336__6783} {B} {v} {Y} {v} {} {AND2X1} {0.108} {0.000} {0.049} {} {1.135} {6.313} {} {2} {(17.50, 69.25) (18.30, 69.06)} 
    NET {} {} {} {} {} {n_231} {} {0.000} {0.000} {0.049} {0.002} {1.135} {6.313} {} {} {} 
    INST {g6311} {A} {v} {Y} {^} {} {INVX1} {0.038} {0.000} {0.038} {} {1.173} {6.351} {} {2} {(19.11, 69.16) (19.30, 69.16)} 
    NET {} {} {} {} {} {n_244} {} {0.000} {0.000} {0.038} {0.002} {1.173} {6.351} {} {} {} 
    INST {g6308__7410} {B} {^} {Y} {v} {} {NOR2XL} {0.053} {0.000} {0.079} {} {1.226} {6.405} {} {2} {(21.10, 69.25) (21.10, 68.88)} 
    NET {} {} {} {} {} {n_251} {} {0.000} {0.000} {0.079} {0.002} {1.226} {6.405} {} {} {} 
    INST {g6293} {A} {v} {Y} {^} {} {INVX1} {0.052} {0.000} {0.045} {} {1.278} {6.457} {} {2} {(20.91, 67.64) (21.09, 67.64)} 
    NET {} {} {} {} {} {n_254} {} {0.000} {0.000} {0.045} {0.002} {1.278} {6.457} {} {} {} 
    INST {g6288__7482} {B} {^} {Y} {v} {} {NOR2XL} {0.068} {0.003} {0.095} {} {1.346} {6.524} {} {2} {(22.10, 65.84) (22.10, 65.45)} 
    NET {} {} {} {} {} {n_272} {} {0.000} {0.000} {0.095} {0.002} {1.346} {6.524} {} {} {} 
    INST {g6943} {B} {v} {Y} {^} {} {XOR2X1} {0.208} {0.008} {0.137} {} {1.554} {6.732} {} {4} {(23.50, 64.12) (22.70, 64.31)} 
    NET {} {} {} {} {} {n_388} {} {0.000} {0.000} {0.137} {0.007} {1.554} {6.732} {} {} {} 
  END_DATA_PATH
  OTHER_ARR_CLC
    {} {Clock Rise Edge} {0.000}
    {=} {Beginpoint Arrival Time} {0.000}
  END_OTHER_ARR_CLC
  CAP_CLK_PATH
    COLUMNS {instance} {fpin} {fedge} {tpin} {tedge} {net} {cell} {delay} {incr_delay} {slew} {load} {arrival} {required} {stolen} {fanout} {pin_location}
    PORT {} {dma_clk} {^} {} {} {dma_clk} {} {} {} {0.000} {0.088} {0.000} {-5.178} {} {77} {(40.50, 87.21) } 
    NET {} {} {} {} {} {dma_clk} {} {0.000} {0.000} {0.000} {0.088} {0.000} {-5.178} {} {} {} 
  END_CAP_CLK_PATH
END_PATH 53
PATH 54
  VIEW  view_slow
  CHECK_TYPE {Setup Check}
  REF {u_fifo_rgray_reg[1]} {CK}
  ENDPT {u_fifo_rgray_reg[1]} {SI} {SDFFRHQX1} {^} {leading} {dma_clk} {dma_clk(C)(P)(view_slow)*}
  BEGINPT {u_fifo_rgray_reg[2]} {Q} {SDFFRHQX1} {v} {leading} {dma_clk} {dma_clk(D)(P)(view_slow)*}
  REQ_CLC
    {} {Other End Arrival Time} {0.000}
    {-} {Setup} {0.200}
    {+} {Phase Shift} {7.000}
    {+} {CPPR Adjustment} {0.000}
    {=} {Required Time} {6.800}
  END_REQ_CLC
  SLK_CLC
    {-} {Arrival Time} {1.610}
    {=} {Slack Time} {5.191}
  END_SLK_CLC
  SLK 5.191
  ARR_CLC
    {} {Clock Rise Edge} {0.000}
    {=} {Beginpoint Arrival Time} {0.000}
  END_ARR_CLC
  LAUNCH_CLK_PATH
    COLUMNS {instance} {fpin} {fedge} {tpin} {tedge} {net} {cell} {delay} {incr_delay} {slew} {load} {arrival} {required} {stolen} {fanout} {pin_location}
    PORT {} {dma_clk} {^} {} {} {dma_clk} {} {} {} {0.000} {0.088} {0.000} {5.191} {} {77} {(40.50, 87.21) } 
    NET {} {} {} {} {} {dma_clk} {} {0.000} {0.000} {0.000} {0.088} {0.000} {5.191} {} {} {} 
  END_LAUNCH_CLK_PATH 
  DATA_PATH 
    COLUMNS {instance} {fpin} {fedge} {tpin} {tedge} {net} {cell} {delay} {incr_delay} {slew} {load} {arrival} {required} {stolen} {fanout} {pin_location} 
    INST {u_fifo_rgray_reg[2]} {CK} {^} {Q} {v} {} {SDFFRHQX1} {0.263} {0.003} {0.062} {} {0.263} {5.454} {} {2} {(15.50, 60.70) (15.10, 61.09)} 
    NET {} {} {} {} {} {u_fifo_rgray[2]} {} {0.000} {0.000} {0.062} {0.003} {0.263} {5.454} {} {} {} 
    INST {g6951} {A} {v} {Y} {^} {} {XNOR2X1} {0.201} {0.000} {0.058} {} {0.464} {5.655} {} {1} {(15.90, 59.00) (15.50, 58.62)} 
    NET {} {} {} {} {} {n_396} {} {0.000} {0.000} {0.058} {0.002} {0.464} {5.655} {} {} {} 
    INST {g6512__9945} {C0} {^} {Y} {v} {} {OAI221X1} {0.151} {0.008} {0.208} {} {0.616} {5.806} {} {1} {(13.10, 62.04) (12.70, 62.80)} 
    NET {} {} {} {} {} {n_130} {} {0.000} {0.000} {0.208} {0.002} {0.616} {5.806} {} {} {} 
    INST {g6427__4733} {C} {v} {Y} {^} {} {NOR3X1} {0.250} {0.052} {0.303} {} {0.866} {6.056} {} {3} {(22.90, 62.41) (23.10, 62.41)} 
    NET {} {} {} {} {} {n_230} {} {0.000} {0.000} {0.303} {0.005} {0.866} {6.056} {} {} {} 
    INST {g6371__5122} {B} {^} {Y} {v} {} {NOR2XL} {0.161} {0.013} {0.119} {} {1.027} {6.217} {} {2} {(22.70, 69.25) (22.70, 68.88)} 
    NET {} {} {} {} {} {n_220} {} {0.000} {0.000} {0.119} {0.003} {1.027} {6.218} {} {} {} 
    INST {g6336__6783} {B} {v} {Y} {v} {} {AND2X1} {0.108} {0.000} {0.049} {} {1.135} {6.326} {} {2} {(17.50, 69.25) (18.30, 69.06)} 
    NET {} {} {} {} {} {n_231} {} {0.000} {0.000} {0.049} {0.002} {1.135} {6.326} {} {} {} 
    INST {g6311} {A} {v} {Y} {^} {} {INVX1} {0.038} {0.000} {0.038} {} {1.173} {6.363} {} {2} {(19.11, 69.16) (19.30, 69.16)} 
    NET {} {} {} {} {} {n_244} {} {0.000} {0.000} {0.038} {0.002} {1.173} {6.363} {} {} {} 
    INST {g6304__9315} {A1} {^} {Y} {v} {} {OAI22XL} {0.267} {0.017} {0.409} {} {1.440} {6.630} {} {4} {(19.90, 69.06) (20.10, 69.06)} 
    NET {} {} {} {} {} {n_270} {} {0.000} {0.000} {0.409} {0.006} {1.440} {6.630} {} {} {} 
    INST {g6292} {A} {v} {Y} {^} {} {INVX1} {0.170} {0.000} {0.099} {} {1.610} {6.800} {} {1} {(19.91, 64.22) (20.09, 64.22)} 
    NET {} {} {} {} {} {n_253} {} {0.000} {0.000} {0.099} {0.001} {1.610} {6.800} {} {} {} 
  END_DATA_PATH
  OTHER_ARR_CLC
    {} {Clock Rise Edge} {0.000}
    {=} {Beginpoint Arrival Time} {0.000}
  END_OTHER_ARR_CLC
  CAP_CLK_PATH
    COLUMNS {instance} {fpin} {fedge} {tpin} {tedge} {net} {cell} {delay} {incr_delay} {slew} {load} {arrival} {required} {stolen} {fanout} {pin_location}
    PORT {} {dma_clk} {^} {} {} {dma_clk} {} {} {} {0.000} {0.088} {0.000} {-5.191} {} {77} {(40.50, 87.21) } 
    NET {} {} {} {} {} {dma_clk} {} {0.000} {0.000} {0.000} {0.088} {0.000} {-5.191} {} {} {} 
  END_CAP_CLK_PATH
END_PATH 54
PATH 55
  VIEW  view_slow
  CHECK_TYPE {Setup Check}
  REF {u_fifo_rgray_reg[0]} {CK}
  ENDPT {u_fifo_rgray_reg[0]} {SE} {SDFFRXL} {v} {leading} {dma_clk} {dma_clk(C)(P)(view_slow)*}
  BEGINPT {u_fifo_rgray_reg[2]} {Q} {SDFFRHQX1} {v} {leading} {dma_clk} {dma_clk(D)(P)(view_slow)*}
  REQ_CLC
    {} {Other End Arrival Time} {0.000}
    {-} {Setup} {0.360}
    {+} {Phase Shift} {7.000}
    {+} {CPPR Adjustment} {0.000}
    {=} {Required Time} {6.640}
  END_REQ_CLC
  SLK_CLC
    {-} {Arrival Time} {1.440}
    {=} {Slack Time} {5.200}
  END_SLK_CLC
  SLK 5.200
  ARR_CLC
    {} {Clock Rise Edge} {0.000}
    {=} {Beginpoint Arrival Time} {0.000}
  END_ARR_CLC
  LAUNCH_CLK_PATH
    COLUMNS {instance} {fpin} {fedge} {tpin} {tedge} {net} {cell} {delay} {incr_delay} {slew} {load} {arrival} {required} {stolen} {fanout} {pin_location}
    PORT {} {dma_clk} {^} {} {} {dma_clk} {} {} {} {0.000} {0.088} {0.000} {5.200} {} {77} {(40.50, 87.21) } 
    NET {} {} {} {} {} {dma_clk} {} {0.000} {0.000} {0.000} {0.088} {0.000} {5.200} {} {} {} 
  END_LAUNCH_CLK_PATH 
  DATA_PATH 
    COLUMNS {instance} {fpin} {fedge} {tpin} {tedge} {net} {cell} {delay} {incr_delay} {slew} {load} {arrival} {required} {stolen} {fanout} {pin_location} 
    INST {u_fifo_rgray_reg[2]} {CK} {^} {Q} {v} {} {SDFFRHQX1} {0.263} {0.003} {0.062} {} {0.263} {5.464} {} {2} {(15.50, 60.70) (15.10, 61.09)} 
    NET {} {} {} {} {} {u_fifo_rgray[2]} {} {0.000} {0.000} {0.062} {0.003} {0.263} {5.464} {} {} {} 
    INST {g6951} {A} {v} {Y} {^} {} {XNOR2X1} {0.201} {0.000} {0.058} {} {0.464} {5.665} {} {1} {(15.90, 59.00) (15.50, 58.62)} 
    NET {} {} {} {} {} {n_396} {} {0.000} {0.000} {0.058} {0.002} {0.464} {5.665} {} {} {} 
    INST {g6512__9945} {C0} {^} {Y} {v} {} {OAI221X1} {0.151} {0.008} {0.208} {} {0.616} {5.816} {} {1} {(13.10, 62.04) (12.70, 62.80)} 
    NET {} {} {} {} {} {n_130} {} {0.000} {0.000} {0.208} {0.002} {0.616} {5.816} {} {} {} 
    INST {g6427__4733} {C} {v} {Y} {^} {} {NOR3X1} {0.250} {0.052} {0.303} {} {0.866} {6.066} {} {3} {(22.90, 62.41) (23.10, 62.41)} 
    NET {} {} {} {} {} {n_230} {} {0.000} {0.000} {0.303} {0.005} {0.866} {6.066} {} {} {} 
    INST {g6371__5122} {B} {^} {Y} {v} {} {NOR2XL} {0.161} {0.013} {0.119} {} {1.027} {6.227} {} {2} {(22.70, 69.25) (22.70, 68.88)} 
    NET {} {} {} {} {} {n_220} {} {0.000} {0.000} {0.119} {0.003} {1.027} {6.227} {} {} {} 
    INST {g6336__6783} {B} {v} {Y} {v} {} {AND2X1} {0.108} {0.000} {0.049} {} {1.135} {6.335} {} {2} {(17.50, 69.25) (18.30, 69.06)} 
    NET {} {} {} {} {} {n_231} {} {0.000} {0.000} {0.049} {0.002} {1.135} {6.335} {} {} {} 
    INST {g6311} {A} {v} {Y} {^} {} {INVX1} {0.038} {0.000} {0.038} {} {1.173} {6.373} {} {2} {(19.11, 69.16) (19.30, 69.16)} 
    NET {} {} {} {} {} {n_244} {} {0.000} {0.000} {0.038} {0.002} {1.173} {6.373} {} {} {} 
    INST {g6304__9315} {A1} {^} {Y} {v} {} {OAI22XL} {0.267} {0.017} {0.409} {} {1.440} {6.640} {} {4} {(19.90, 69.06) (20.10, 69.06)} 
    NET {} {} {} {} {} {n_270} {} {0.000} {0.000} {0.409} {0.006} {1.440} {6.640} {} {} {} 
  END_DATA_PATH
  OTHER_ARR_CLC
    {} {Clock Rise Edge} {0.000}
    {=} {Beginpoint Arrival Time} {0.000}
  END_OTHER_ARR_CLC
  CAP_CLK_PATH
    COLUMNS {instance} {fpin} {fedge} {tpin} {tedge} {net} {cell} {delay} {incr_delay} {slew} {load} {arrival} {required} {stolen} {fanout} {pin_location}
    PORT {} {dma_clk} {^} {} {} {dma_clk} {} {} {} {0.000} {0.088} {0.000} {-5.200} {} {77} {(40.50, 87.21) } 
    NET {} {} {} {} {} {dma_clk} {} {0.000} {0.000} {0.000} {0.088} {0.000} {-5.200} {} {} {} 
  END_CAP_CLK_PATH
END_PATH 55
PATH 56
  VIEW  view_slow
  CHECK_TYPE {Setup Check}
  REF {u_fifo_rgray_reg[2]} {CK}
  ENDPT {u_fifo_rgray_reg[2]} {SE} {SDFFRHQX1} {v} {leading} {dma_clk} {dma_clk(C)(P)(view_slow)*}
  BEGINPT {u_fifo_rgray_reg[2]} {Q} {SDFFRHQX1} {^} {leading} {dma_clk} {dma_clk(D)(P)(view_slow)*}
  REQ_CLC
    {} {Other End Arrival Time} {0.000}
    {-} {Setup} {0.247}
    {+} {Phase Shift} {7.000}
    {+} {CPPR Adjustment} {0.000}
    {=} {Required Time} {6.753}
  END_REQ_CLC
  SLK_CLC
    {-} {Arrival Time} {1.552}
    {=} {Slack Time} {5.201}
  END_SLK_CLC
  SLK 5.201
  ARR_CLC
    {} {Clock Rise Edge} {0.000}
    {=} {Beginpoint Arrival Time} {0.000}
  END_ARR_CLC
  LAUNCH_CLK_PATH
    COLUMNS {instance} {fpin} {fedge} {tpin} {tedge} {net} {cell} {delay} {incr_delay} {slew} {load} {arrival} {required} {stolen} {fanout} {pin_location}
    PORT {} {dma_clk} {^} {} {} {dma_clk} {} {} {} {0.000} {0.088} {0.000} {5.201} {} {77} {(40.50, 87.21) } 
    NET {} {} {} {} {} {dma_clk} {} {0.000} {0.000} {0.000} {0.088} {0.000} {5.201} {} {} {} 
  END_LAUNCH_CLK_PATH 
  DATA_PATH 
    COLUMNS {instance} {fpin} {fedge} {tpin} {tedge} {net} {cell} {delay} {incr_delay} {slew} {load} {arrival} {required} {stolen} {fanout} {pin_location} 
    INST {u_fifo_rgray_reg[2]} {CK} {^} {Q} {^} {} {SDFFRHQX1} {0.274} {0.003} {0.068} {} {0.274} {5.476} {} {2} {(15.50, 60.70) (15.10, 61.09)} 
    NET {} {} {} {} {} {u_fifo_rgray[2]} {} {0.000} {0.000} {0.068} {0.003} {0.274} {5.476} {} {} {} 
    INST {g6951} {A} {^} {Y} {v} {} {XNOR2X1} {0.199} {0.000} {0.060} {} {0.473} {5.674} {} {1} {(15.90, 59.00) (15.50, 58.62)} 
    NET {} {} {} {} {} {n_396} {} {0.000} {0.000} {0.060} {0.002} {0.473} {5.674} {} {} {} 
    INST {g6512__9945} {C0} {v} {Y} {^} {} {OAI221X1} {0.052} {0.003} {0.149} {} {0.525} {5.726} {} {1} {(13.10, 62.04) (12.70, 62.80)} 
    NET {} {} {} {} {} {n_130} {} {0.000} {0.000} {0.149} {0.002} {0.525} {5.727} {} {} {} 
    INST {g6427__4733} {C} {^} {Y} {v} {} {NOR3X1} {0.121} {0.018} {0.120} {} {0.647} {5.848} {} {3} {(22.90, 62.41) (23.10, 62.41)} 
    NET {} {} {} {} {} {n_230} {} {0.000} {0.000} {0.120} {0.005} {0.647} {5.848} {} {} {} 
    INST {g6371__5122} {B} {v} {Y} {^} {} {NOR2XL} {0.158} {0.021} {0.195} {} {0.805} {6.006} {} {2} {(22.70, 69.25) (22.70, 68.88)} 
    NET {} {} {} {} {} {n_220} {} {0.000} {0.000} {0.195} {0.003} {0.805} {6.006} {} {} {} 
    INST {g6336__6783} {B} {^} {Y} {^} {} {AND2X1} {0.174} {0.000} {0.054} {} {0.979} {6.180} {} {2} {(17.50, 69.25) (18.30, 69.06)} 
    NET {} {} {} {} {} {n_231} {} {0.000} {0.000} {0.054} {0.002} {0.979} {6.180} {} {} {} 
    INST {g6311} {A} {^} {Y} {v} {} {INVX1} {0.043} {0.000} {0.041} {} {1.022} {6.223} {} {2} {(19.11, 69.16) (19.30, 69.16)} 
    NET {} {} {} {} {} {n_244} {} {0.000} {0.000} {0.041} {0.002} {1.022} {6.223} {} {} {} 
    INST {g6308__7410} {B} {v} {Y} {^} {} {NOR2XL} {0.081} {0.000} {0.138} {} {1.102} {6.303} {} {2} {(21.10, 69.25) (21.10, 68.88)} 
    NET {} {} {} {} {} {n_251} {} {0.000} {0.000} {0.138} {0.002} {1.102} {6.303} {} {} {} 
    INST {g6293} {A} {^} {Y} {v} {} {INVX1} {0.079} {0.000} {0.057} {} {1.181} {6.382} {} {2} {(20.91, 67.64) (21.09, 67.64)} 
    NET {} {} {} {} {} {n_254} {} {0.000} {0.000} {0.057} {0.002} {1.181} {6.382} {} {} {} 
    INST {g6288__7482} {B} {v} {Y} {^} {} {NOR2XL} {0.107} {0.007} {0.161} {} {1.287} {6.489} {} {2} {(22.10, 65.84) (22.10, 65.45)} 
    NET {} {} {} {} {} {n_272} {} {0.000} {0.000} {0.161} {0.002} {1.287} {6.489} {} {} {} 
    INST {g6943} {B} {^} {Y} {v} {} {XOR2X1} {0.265} {0.008} {0.149} {} {1.552} {6.753} {} {4} {(23.50, 64.12) (22.70, 64.31)} 
    NET {} {} {} {} {} {n_388} {} {0.000} {0.000} {0.149} {0.007} {1.552} {6.753} {} {} {} 
  END_DATA_PATH
  OTHER_ARR_CLC
    {} {Clock Rise Edge} {0.000}
    {=} {Beginpoint Arrival Time} {0.000}
  END_OTHER_ARR_CLC
  CAP_CLK_PATH
    COLUMNS {instance} {fpin} {fedge} {tpin} {tedge} {net} {cell} {delay} {incr_delay} {slew} {load} {arrival} {required} {stolen} {fanout} {pin_location}
    PORT {} {dma_clk} {^} {} {} {dma_clk} {} {} {} {0.000} {0.088} {0.000} {-5.201} {} {77} {(40.50, 87.21) } 
    NET {} {} {} {} {} {dma_clk} {} {0.000} {0.000} {0.000} {0.088} {0.000} {-5.201} {} {} {} 
  END_CAP_CLK_PATH
END_PATH 56
PATH 57
  VIEW  view_slow
  CHECK_TYPE {Setup Check}
  REF {u_fifo_rbin_reg[4]} {CK}
  ENDPT {u_fifo_rbin_reg[4]} {D} {DFFRX2} {^} {leading} {dma_clk} {dma_clk(C)(P)(view_slow)*}
  BEGINPT {u_fifo_rgray_reg[2]} {Q} {SDFFRHQX1} {^} {leading} {dma_clk} {dma_clk(D)(P)(view_slow)*}
  REQ_CLC
    {} {Other End Arrival Time} {0.000}
    {-} {Setup} {0.170}
    {+} {Phase Shift} {7.000}
    {+} {CPPR Adjustment} {0.000}
    {=} {Required Time} {6.830}
  END_REQ_CLC
  SLK_CLC
    {-} {Arrival Time} {1.614}
    {=} {Slack Time} {5.216}
  END_SLK_CLC
  SLK 5.216
  ARR_CLC
    {} {Clock Rise Edge} {0.000}
    {=} {Beginpoint Arrival Time} {0.000}
  END_ARR_CLC
  LAUNCH_CLK_PATH
    COLUMNS {instance} {fpin} {fedge} {tpin} {tedge} {net} {cell} {delay} {incr_delay} {slew} {load} {arrival} {required} {stolen} {fanout} {pin_location}
    PORT {} {dma_clk} {^} {} {} {dma_clk} {} {} {} {0.000} {0.088} {0.000} {5.216} {} {77} {(40.50, 87.21) } 
    NET {} {} {} {} {} {dma_clk} {} {0.000} {0.000} {0.000} {0.088} {0.000} {5.216} {} {} {} 
  END_LAUNCH_CLK_PATH 
  DATA_PATH 
    COLUMNS {instance} {fpin} {fedge} {tpin} {tedge} {net} {cell} {delay} {incr_delay} {slew} {load} {arrival} {required} {stolen} {fanout} {pin_location} 
    INST {u_fifo_rgray_reg[2]} {CK} {^} {Q} {^} {} {SDFFRHQX1} {0.274} {0.003} {0.068} {} {0.274} {5.491} {} {2} {(15.50, 60.70) (15.10, 61.09)} 
    NET {} {} {} {} {} {u_fifo_rgray[2]} {} {0.000} {0.000} {0.068} {0.003} {0.274} {5.491} {} {} {} 
    INST {g6951} {A} {^} {Y} {v} {} {XNOR2X1} {0.199} {0.000} {0.060} {} {0.473} {5.689} {} {1} {(15.90, 59.00) (15.50, 58.62)} 
    NET {} {} {} {} {} {n_396} {} {0.000} {0.000} {0.060} {0.002} {0.473} {5.690} {} {} {} 
    INST {g6512__9945} {C0} {v} {Y} {^} {} {OAI221X1} {0.052} {0.003} {0.149} {} {0.525} {5.742} {} {1} {(13.10, 62.04) (12.70, 62.80)} 
    NET {} {} {} {} {} {n_130} {} {0.000} {0.000} {0.149} {0.002} {0.525} {5.742} {} {} {} 
    INST {g6427__4733} {C} {^} {Y} {v} {} {NOR3X1} {0.121} {0.018} {0.120} {} {0.647} {5.863} {} {3} {(22.90, 62.41) (23.10, 62.41)} 
    NET {} {} {} {} {} {n_230} {} {0.000} {0.000} {0.120} {0.005} {0.647} {5.863} {} {} {} 
    INST {g6371__5122} {B} {v} {Y} {^} {} {NOR2XL} {0.158} {0.021} {0.195} {} {0.805} {6.021} {} {2} {(22.70, 69.25) (22.70, 68.88)} 
    NET {} {} {} {} {} {n_220} {} {0.000} {0.000} {0.195} {0.003} {0.805} {6.021} {} {} {} 
    INST {g6336__6783} {B} {^} {Y} {^} {} {AND2X1} {0.174} {0.000} {0.054} {} {0.979} {6.195} {} {2} {(17.50, 69.25) (18.30, 69.06)} 
    NET {} {} {} {} {} {n_231} {} {0.000} {0.000} {0.054} {0.002} {0.979} {6.195} {} {} {} 
    INST {g6311} {A} {^} {Y} {v} {} {INVX1} {0.043} {0.000} {0.041} {} {1.022} {6.238} {} {2} {(19.11, 69.16) (19.30, 69.16)} 
    NET {} {} {} {} {} {n_244} {} {0.000} {0.000} {0.041} {0.002} {1.022} {6.238} {} {} {} 
    INST {g6308__7410} {B} {v} {Y} {^} {} {NOR2XL} {0.081} {0.000} {0.138} {} {1.102} {6.318} {} {2} {(21.10, 69.25) (21.10, 68.88)} 
    NET {} {} {} {} {} {n_251} {} {0.000} {0.000} {0.138} {0.002} {1.102} {6.318} {} {} {} 
    INST {g6293} {A} {^} {Y} {v} {} {INVX1} {0.079} {0.000} {0.057} {} {1.181} {6.397} {} {2} {(20.91, 67.64) (21.09, 67.64)} 
    NET {} {} {} {} {} {n_254} {} {0.000} {0.000} {0.057} {0.002} {1.181} {6.397} {} {} {} 
    INST {g6288__7482} {B} {v} {Y} {^} {} {NOR2XL} {0.107} {0.007} {0.161} {} {1.287} {6.504} {} {2} {(22.10, 65.84) (22.10, 65.45)} 
    NET {} {} {} {} {} {n_272} {} {0.000} {0.000} {0.161} {0.002} {1.287} {6.504} {} {} {} 
    INST {g7193} {B} {^} {Y} {^} {} {AND2X1} {0.164} {0.003} {0.052} {} {1.452} {6.668} {} {1} {(24.90, 65.84) (25.70, 65.64)} 
    NET {} {} {} {} {} {n_398} {} {0.000} {0.000} {0.052} {0.002} {1.452} {6.668} {} {} {} 
    INST {g6242__5477} {S0} {^} {Y} {^} {} {MXI2XL} {0.162} {0.011} {0.188} {} {1.614} {6.830} {} {2} {(25.90, 62.41) (25.50, 62.23)} 
    NET {} {} {} {} {} {n_306} {} {0.000} {0.000} {0.188} {0.003} {1.614} {6.830} {} {} {} 
  END_DATA_PATH
  OTHER_ARR_CLC
    {} {Clock Rise Edge} {0.000}
    {=} {Beginpoint Arrival Time} {0.000}
  END_OTHER_ARR_CLC
  CAP_CLK_PATH
    COLUMNS {instance} {fpin} {fedge} {tpin} {tedge} {net} {cell} {delay} {incr_delay} {slew} {load} {arrival} {required} {stolen} {fanout} {pin_location}
    PORT {} {dma_clk} {^} {} {} {dma_clk} {} {} {} {0.000} {0.088} {0.000} {-5.216} {} {77} {(40.50, 87.21) } 
    NET {} {} {} {} {} {dma_clk} {} {0.000} {0.000} {0.000} {0.088} {0.000} {-5.216} {} {} {} 
  END_CAP_CLK_PATH
END_PATH 57
PATH 58
  VIEW  view_slow
  CHECK_TYPE {Setup Check}
  REF {u_fifo_rgray_reg[2]} {CK}
  ENDPT {u_fifo_rgray_reg[2]} {D} {SDFFRHQX1} {v} {leading} {dma_clk} {dma_clk(C)(P)(view_slow)*}
  BEGINPT {u_fifo_rgray_reg[2]} {Q} {SDFFRHQX1} {v} {leading} {dma_clk} {dma_clk(D)(P)(view_slow)*}
  REQ_CLC
    {} {Other End Arrival Time} {0.000}
    {-} {Setup} {0.216}
    {+} {Phase Shift} {7.000}
    {+} {CPPR Adjustment} {0.000}
    {=} {Required Time} {6.784}
  END_REQ_CLC
  SLK_CLC
    {-} {Arrival Time} {1.557}
    {=} {Slack Time} {5.227}
  END_SLK_CLC
  SLK 5.227
  ARR_CLC
    {} {Clock Rise Edge} {0.000}
    {=} {Beginpoint Arrival Time} {0.000}
  END_ARR_CLC
  LAUNCH_CLK_PATH
    COLUMNS {instance} {fpin} {fedge} {tpin} {tedge} {net} {cell} {delay} {incr_delay} {slew} {load} {arrival} {required} {stolen} {fanout} {pin_location}
    PORT {} {dma_clk} {^} {} {} {dma_clk} {} {} {} {0.000} {0.088} {0.000} {5.227} {} {77} {(40.50, 87.21) } 
    NET {} {} {} {} {} {dma_clk} {} {0.000} {0.000} {0.000} {0.088} {0.000} {5.227} {} {} {} 
  END_LAUNCH_CLK_PATH 
  DATA_PATH 
    COLUMNS {instance} {fpin} {fedge} {tpin} {tedge} {net} {cell} {delay} {incr_delay} {slew} {load} {arrival} {required} {stolen} {fanout} {pin_location} 
    INST {u_fifo_rgray_reg[2]} {CK} {^} {Q} {v} {} {SDFFRHQX1} {0.263} {0.003} {0.062} {} {0.263} {5.490} {} {2} {(15.50, 60.70) (15.10, 61.09)} 
    NET {} {} {} {} {} {u_fifo_rgray[2]} {} {0.000} {0.000} {0.062} {0.003} {0.263} {5.490} {} {} {} 
    INST {g6951} {A} {v} {Y} {^} {} {XNOR2X1} {0.201} {0.000} {0.058} {} {0.464} {5.691} {} {1} {(15.90, 59.00) (15.50, 58.62)} 
    NET {} {} {} {} {} {n_396} {} {0.000} {0.000} {0.058} {0.002} {0.464} {5.691} {} {} {} 
    INST {g6512__9945} {C0} {^} {Y} {v} {} {OAI221X1} {0.151} {0.008} {0.208} {} {0.616} {5.843} {} {1} {(13.10, 62.04) (12.70, 62.80)} 
    NET {} {} {} {} {} {n_130} {} {0.000} {0.000} {0.208} {0.002} {0.616} {5.843} {} {} {} 
    INST {g6427__4733} {C} {v} {Y} {^} {} {NOR3X1} {0.250} {0.052} {0.303} {} {0.866} {6.093} {} {3} {(22.90, 62.41) (23.10, 62.41)} 
    NET {} {} {} {} {} {n_230} {} {0.000} {0.000} {0.303} {0.005} {0.866} {6.093} {} {} {} 
    INST {g6371__5122} {B} {^} {Y} {v} {} {NOR2XL} {0.161} {0.013} {0.119} {} {1.027} {6.254} {} {2} {(22.70, 69.25) (22.70, 68.88)} 
    NET {} {} {} {} {} {n_220} {} {0.000} {0.000} {0.119} {0.003} {1.027} {6.254} {} {} {} 
    INST {g6336__6783} {B} {v} {Y} {v} {} {AND2X1} {0.108} {0.000} {0.049} {} {1.135} {6.362} {} {2} {(17.50, 69.25) (18.30, 69.06)} 
    NET {} {} {} {} {} {n_231} {} {0.000} {0.000} {0.049} {0.002} {1.135} {6.362} {} {} {} 
    INST {g6311} {A} {v} {Y} {^} {} {INVX1} {0.038} {0.000} {0.038} {} {1.173} {6.400} {} {2} {(19.11, 69.16) (19.30, 69.16)} 
    NET {} {} {} {} {} {n_244} {} {0.000} {0.000} {0.038} {0.002} {1.173} {6.400} {} {} {} 
    INST {g6308__7410} {B} {^} {Y} {v} {} {NOR2XL} {0.053} {0.000} {0.079} {} {1.226} {6.453} {} {2} {(21.10, 69.25) (21.10, 68.88)} 
    NET {} {} {} {} {} {n_251} {} {0.000} {0.000} {0.079} {0.002} {1.226} {6.453} {} {} {} 
    INST {g6293} {A} {v} {Y} {^} {} {INVX1} {0.052} {0.000} {0.045} {} {1.278} {6.505} {} {2} {(20.91, 67.64) (21.09, 67.64)} 
    NET {} {} {} {} {} {n_254} {} {0.000} {0.000} {0.045} {0.002} {1.278} {6.505} {} {} {} 
    INST {g6287__6131} {A1} {^} {Y} {v} {} {OAI22XL} {0.278} {0.000} {0.457} {} {1.556} {6.783} {} {4} {(19.50, 67.73) (19.70, 67.73)} 
    NET {} {} {} {} {} {n_287} {} {0.000} {0.000} {0.457} {0.007} {1.557} {6.784} {} {} {} 
  END_DATA_PATH
  OTHER_ARR_CLC
    {} {Clock Rise Edge} {0.000}
    {=} {Beginpoint Arrival Time} {0.000}
  END_OTHER_ARR_CLC
  CAP_CLK_PATH
    COLUMNS {instance} {fpin} {fedge} {tpin} {tedge} {net} {cell} {delay} {incr_delay} {slew} {load} {arrival} {required} {stolen} {fanout} {pin_location}
    PORT {} {dma_clk} {^} {} {} {dma_clk} {} {} {} {0.000} {0.088} {0.000} {-5.227} {} {77} {(40.50, 87.21) } 
    NET {} {} {} {} {} {dma_clk} {} {0.000} {0.000} {0.000} {0.088} {0.000} {-5.227} {} {} {} 
  END_CAP_CLK_PATH
END_PATH 58
PATH 59
  VIEW  view_slow
  CHECK_TYPE {Setup Check}
  REF {u_fifo_rbin_reg[2]} {CK}
  ENDPT {u_fifo_rbin_reg[2]} {D} {DFFRX2} {v} {leading} {dma_clk} {dma_clk(C)(P)(view_slow)*}
  BEGINPT {u_fifo_rgray_reg[2]} {Q} {SDFFRHQX1} {v} {leading} {dma_clk} {dma_clk(D)(P)(view_slow)*}
  REQ_CLC
    {} {Other End Arrival Time} {0.000}
    {-} {Setup} {0.192}
    {+} {Phase Shift} {7.000}
    {+} {CPPR Adjustment} {0.000}
    {=} {Required Time} {6.808}
  END_REQ_CLC
  SLK_CLC
    {-} {Arrival Time} {1.557}
    {=} {Slack Time} {5.251}
  END_SLK_CLC
  SLK 5.251
  ARR_CLC
    {} {Clock Rise Edge} {0.000}
    {=} {Beginpoint Arrival Time} {0.000}
  END_ARR_CLC
  LAUNCH_CLK_PATH
    COLUMNS {instance} {fpin} {fedge} {tpin} {tedge} {net} {cell} {delay} {incr_delay} {slew} {load} {arrival} {required} {stolen} {fanout} {pin_location}
    PORT {} {dma_clk} {^} {} {} {dma_clk} {} {} {} {0.000} {0.088} {0.000} {5.251} {} {77} {(40.50, 87.21) } 
    NET {} {} {} {} {} {dma_clk} {} {0.000} {0.000} {0.000} {0.088} {0.000} {5.251} {} {} {} 
  END_LAUNCH_CLK_PATH 
  DATA_PATH 
    COLUMNS {instance} {fpin} {fedge} {tpin} {tedge} {net} {cell} {delay} {incr_delay} {slew} {load} {arrival} {required} {stolen} {fanout} {pin_location} 
    INST {u_fifo_rgray_reg[2]} {CK} {^} {Q} {v} {} {SDFFRHQX1} {0.263} {0.003} {0.062} {} {0.263} {5.514} {} {2} {(15.50, 60.70) (15.10, 61.09)} 
    NET {} {} {} {} {} {u_fifo_rgray[2]} {} {0.000} {0.000} {0.062} {0.003} {0.263} {5.514} {} {} {} 
    INST {g6951} {A} {v} {Y} {^} {} {XNOR2X1} {0.201} {0.000} {0.058} {} {0.464} {5.715} {} {1} {(15.90, 59.00) (15.50, 58.62)} 
    NET {} {} {} {} {} {n_396} {} {0.000} {0.000} {0.058} {0.002} {0.464} {5.715} {} {} {} 
    INST {g6512__9945} {C0} {^} {Y} {v} {} {OAI221X1} {0.151} {0.008} {0.208} {} {0.616} {5.867} {} {1} {(13.10, 62.04) (12.70, 62.80)} 
    NET {} {} {} {} {} {n_130} {} {0.000} {0.000} {0.208} {0.002} {0.616} {5.867} {} {} {} 
    INST {g6427__4733} {C} {v} {Y} {^} {} {NOR3X1} {0.250} {0.052} {0.303} {} {0.866} {6.117} {} {3} {(22.90, 62.41) (23.10, 62.41)} 
    NET {} {} {} {} {} {n_230} {} {0.000} {0.000} {0.303} {0.005} {0.866} {6.117} {} {} {} 
    INST {g6371__5122} {B} {^} {Y} {v} {} {NOR2XL} {0.161} {0.013} {0.119} {} {1.027} {6.278} {} {2} {(22.70, 69.25) (22.70, 68.88)} 
    NET {} {} {} {} {} {n_220} {} {0.000} {0.000} {0.119} {0.003} {1.027} {6.278} {} {} {} 
    INST {g6336__6783} {B} {v} {Y} {v} {} {AND2X1} {0.108} {0.000} {0.049} {} {1.135} {6.386} {} {2} {(17.50, 69.25) (18.30, 69.06)} 
    NET {} {} {} {} {} {n_231} {} {0.000} {0.000} {0.049} {0.002} {1.135} {6.386} {} {} {} 
    INST {g6311} {A} {v} {Y} {^} {} {INVX1} {0.038} {0.000} {0.038} {} {1.173} {6.424} {} {2} {(19.11, 69.16) (19.30, 69.16)} 
    NET {} {} {} {} {} {n_244} {} {0.000} {0.000} {0.038} {0.002} {1.173} {6.424} {} {} {} 
    INST {g6308__7410} {B} {^} {Y} {v} {} {NOR2XL} {0.053} {0.000} {0.079} {} {1.226} {6.477} {} {2} {(21.10, 69.25) (21.10, 68.88)} 
    NET {} {} {} {} {} {n_251} {} {0.000} {0.000} {0.079} {0.002} {1.226} {6.477} {} {} {} 
    INST {g6293} {A} {v} {Y} {^} {} {INVX1} {0.052} {0.000} {0.045} {} {1.278} {6.529} {} {2} {(20.91, 67.64) (21.09, 67.64)} 
    NET {} {} {} {} {} {n_254} {} {0.000} {0.000} {0.045} {0.002} {1.278} {6.529} {} {} {} 
    INST {g6287__6131} {A1} {^} {Y} {v} {} {OAI22XL} {0.278} {0.000} {0.457} {} {1.556} {6.807} {} {4} {(19.50, 67.73) (19.70, 67.73)} 
    NET {} {} {} {} {} {n_287} {} {0.000} {0.000} {0.457} {0.007} {1.557} {6.808} {} {} {} 
  END_DATA_PATH
  OTHER_ARR_CLC
    {} {Clock Rise Edge} {0.000}
    {=} {Beginpoint Arrival Time} {0.000}
  END_OTHER_ARR_CLC
  CAP_CLK_PATH
    COLUMNS {instance} {fpin} {fedge} {tpin} {tedge} {net} {cell} {delay} {incr_delay} {slew} {load} {arrival} {required} {stolen} {fanout} {pin_location}
    PORT {} {dma_clk} {^} {} {} {dma_clk} {} {} {} {0.000} {0.088} {0.000} {-5.251} {} {77} {(40.50, 87.21) } 
    NET {} {} {} {} {} {dma_clk} {} {0.000} {0.000} {0.000} {0.088} {0.000} {-5.251} {} {} {} 
  END_CAP_CLK_PATH
END_PATH 59
PATH 60
  VIEW  view_slow
  CHECK_TYPE {Setup Check}
  REF {u_fifo_rbin_reg[3]} {CK}
  ENDPT {u_fifo_rbin_reg[3]} {D} {DFFRHQX2} {^} {leading} {dma_clk} {dma_clk(C)(P)(view_slow)*}
  BEGINPT {u_fifo_rgray_reg[2]} {Q} {SDFFRHQX1} {v} {leading} {dma_clk} {dma_clk(D)(P)(view_slow)*}
  REQ_CLC
    {} {Other End Arrival Time} {0.000}
    {-} {Setup} {0.137}
    {+} {Phase Shift} {7.000}
    {+} {CPPR Adjustment} {0.000}
    {=} {Required Time} {6.863}
  END_REQ_CLC
  SLK_CLC
    {-} {Arrival Time} {1.554}
    {=} {Slack Time} {5.310}
  END_SLK_CLC
  SLK 5.310
  ARR_CLC
    {} {Clock Rise Edge} {0.000}
    {=} {Beginpoint Arrival Time} {0.000}
  END_ARR_CLC
  LAUNCH_CLK_PATH
    COLUMNS {instance} {fpin} {fedge} {tpin} {tedge} {net} {cell} {delay} {incr_delay} {slew} {load} {arrival} {required} {stolen} {fanout} {pin_location}
    PORT {} {dma_clk} {^} {} {} {dma_clk} {} {} {} {0.000} {0.088} {0.000} {5.310} {} {77} {(40.50, 87.21) } 
    NET {} {} {} {} {} {dma_clk} {} {0.000} {0.000} {0.000} {0.088} {0.000} {5.310} {} {} {} 
  END_LAUNCH_CLK_PATH 
  DATA_PATH 
    COLUMNS {instance} {fpin} {fedge} {tpin} {tedge} {net} {cell} {delay} {incr_delay} {slew} {load} {arrival} {required} {stolen} {fanout} {pin_location} 
    INST {u_fifo_rgray_reg[2]} {CK} {^} {Q} {v} {} {SDFFRHQX1} {0.263} {0.003} {0.062} {} {0.263} {5.573} {} {2} {(15.50, 60.70) (15.10, 61.09)} 
    NET {} {} {} {} {} {u_fifo_rgray[2]} {} {0.000} {0.000} {0.062} {0.003} {0.263} {5.573} {} {} {} 
    INST {g6951} {A} {v} {Y} {^} {} {XNOR2X1} {0.201} {0.000} {0.058} {} {0.464} {5.774} {} {1} {(15.90, 59.00) (15.50, 58.62)} 
    NET {} {} {} {} {} {n_396} {} {0.000} {0.000} {0.058} {0.002} {0.464} {5.774} {} {} {} 
    INST {g6512__9945} {C0} {^} {Y} {v} {} {OAI221X1} {0.151} {0.008} {0.208} {} {0.616} {5.925} {} {1} {(13.10, 62.04) (12.70, 62.80)} 
    NET {} {} {} {} {} {n_130} {} {0.000} {0.000} {0.208} {0.002} {0.616} {5.925} {} {} {} 
    INST {g6427__4733} {C} {v} {Y} {^} {} {NOR3X1} {0.250} {0.052} {0.303} {} {0.866} {6.176} {} {3} {(22.90, 62.41) (23.10, 62.41)} 
    NET {} {} {} {} {} {n_230} {} {0.000} {0.000} {0.303} {0.005} {0.866} {6.176} {} {} {} 
    INST {g6371__5122} {B} {^} {Y} {v} {} {NOR2XL} {0.161} {0.013} {0.119} {} {1.027} {6.337} {} {2} {(22.70, 69.25) (22.70, 68.88)} 
    NET {} {} {} {} {} {n_220} {} {0.000} {0.000} {0.119} {0.003} {1.027} {6.337} {} {} {} 
    INST {g6336__6783} {B} {v} {Y} {v} {} {AND2X1} {0.108} {0.000} {0.049} {} {1.135} {6.445} {} {2} {(17.50, 69.25) (18.30, 69.06)} 
    NET {} {} {} {} {} {n_231} {} {0.000} {0.000} {0.049} {0.002} {1.135} {6.445} {} {} {} 
    INST {g6311} {A} {v} {Y} {^} {} {INVX1} {0.038} {0.000} {0.038} {} {1.173} {6.482} {} {2} {(19.11, 69.16) (19.30, 69.16)} 
    NET {} {} {} {} {} {n_244} {} {0.000} {0.000} {0.038} {0.002} {1.173} {6.482} {} {} {} 
    INST {g6308__7410} {B} {^} {Y} {v} {} {NOR2XL} {0.053} {0.000} {0.079} {} {1.226} {6.536} {} {2} {(21.10, 69.25) (21.10, 68.88)} 
    NET {} {} {} {} {} {n_251} {} {0.000} {0.000} {0.079} {0.002} {1.226} {6.536} {} {} {} 
    INST {g6293} {A} {v} {Y} {^} {} {INVX1} {0.052} {0.000} {0.045} {} {1.278} {6.588} {} {2} {(20.91, 67.64) (21.09, 67.64)} 
    NET {} {} {} {} {} {n_254} {} {0.000} {0.000} {0.045} {0.002} {1.278} {6.588} {} {} {} 
    INST {g6288__7482} {B} {^} {Y} {v} {} {NOR2XL} {0.068} {0.003} {0.095} {} {1.346} {6.655} {} {2} {(22.10, 65.84) (22.10, 65.45)} 
    NET {} {} {} {} {} {n_272} {} {0.000} {0.000} {0.095} {0.002} {1.346} {6.655} {} {} {} 
    INST {g6943} {B} {v} {Y} {^} {} {XOR2X1} {0.208} {0.008} {0.137} {} {1.554} {6.863} {} {4} {(23.50, 64.12) (22.70, 64.31)} 
    NET {} {} {} {} {} {n_388} {} {0.000} {0.000} {0.137} {0.007} {1.554} {6.863} {} {} {} 
  END_DATA_PATH
  OTHER_ARR_CLC
    {} {Clock Rise Edge} {0.000}
    {=} {Beginpoint Arrival Time} {0.000}
  END_OTHER_ARR_CLC
  CAP_CLK_PATH
    COLUMNS {instance} {fpin} {fedge} {tpin} {tedge} {net} {cell} {delay} {incr_delay} {slew} {load} {arrival} {required} {stolen} {fanout} {pin_location}
    PORT {} {dma_clk} {^} {} {} {dma_clk} {} {} {} {0.000} {0.088} {0.000} {-5.310} {} {77} {(40.50, 87.21) } 
    NET {} {} {} {} {} {dma_clk} {} {0.000} {0.000} {0.000} {0.088} {0.000} {-5.310} {} {} {} 
  END_CAP_CLK_PATH
END_PATH 60
PATH 61
  VIEW  view_slow
  CHECK_TYPE {Setup Check}
  REF {u_fifo_rgray_reg[1]} {CK}
  ENDPT {u_fifo_rgray_reg[1]} {D} {SDFFRHQX1} {v} {leading} {dma_clk} {dma_clk(C)(P)(view_slow)*}
  BEGINPT {u_fifo_rgray_reg[2]} {Q} {SDFFRHQX1} {v} {leading} {dma_clk} {dma_clk(D)(P)(view_slow)*}
  REQ_CLC
    {} {Other End Arrival Time} {0.000}
    {-} {Setup} {0.204}
    {+} {Phase Shift} {7.000}
    {+} {CPPR Adjustment} {0.000}
    {=} {Required Time} {6.796}
  END_REQ_CLC
  SLK_CLC
    {-} {Arrival Time} {1.440}
    {=} {Slack Time} {5.357}
  END_SLK_CLC
  SLK 5.357
  ARR_CLC
    {} {Clock Rise Edge} {0.000}
    {=} {Beginpoint Arrival Time} {0.000}
  END_ARR_CLC
  LAUNCH_CLK_PATH
    COLUMNS {instance} {fpin} {fedge} {tpin} {tedge} {net} {cell} {delay} {incr_delay} {slew} {load} {arrival} {required} {stolen} {fanout} {pin_location}
    PORT {} {dma_clk} {^} {} {} {dma_clk} {} {} {} {0.000} {0.088} {0.000} {5.357} {} {77} {(40.50, 87.21) } 
    NET {} {} {} {} {} {dma_clk} {} {0.000} {0.000} {0.000} {0.088} {0.000} {5.357} {} {} {} 
  END_LAUNCH_CLK_PATH 
  DATA_PATH 
    COLUMNS {instance} {fpin} {fedge} {tpin} {tedge} {net} {cell} {delay} {incr_delay} {slew} {load} {arrival} {required} {stolen} {fanout} {pin_location} 
    INST {u_fifo_rgray_reg[2]} {CK} {^} {Q} {v} {} {SDFFRHQX1} {0.263} {0.003} {0.062} {} {0.263} {5.620} {} {2} {(15.50, 60.70) (15.10, 61.09)} 
    NET {} {} {} {} {} {u_fifo_rgray[2]} {} {0.000} {0.000} {0.062} {0.003} {0.263} {5.620} {} {} {} 
    INST {g6951} {A} {v} {Y} {^} {} {XNOR2X1} {0.201} {0.000} {0.058} {} {0.464} {5.821} {} {1} {(15.90, 59.00) (15.50, 58.62)} 
    NET {} {} {} {} {} {n_396} {} {0.000} {0.000} {0.058} {0.002} {0.464} {5.821} {} {} {} 
    INST {g6512__9945} {C0} {^} {Y} {v} {} {OAI221X1} {0.151} {0.008} {0.208} {} {0.616} {5.972} {} {1} {(13.10, 62.04) (12.70, 62.80)} 
    NET {} {} {} {} {} {n_130} {} {0.000} {0.000} {0.208} {0.002} {0.616} {5.972} {} {} {} 
    INST {g6427__4733} {C} {v} {Y} {^} {} {NOR3X1} {0.250} {0.052} {0.303} {} {0.866} {6.222} {} {3} {(22.90, 62.41) (23.10, 62.41)} 
    NET {} {} {} {} {} {n_230} {} {0.000} {0.000} {0.303} {0.005} {0.866} {6.222} {} {} {} 
    INST {g6371__5122} {B} {^} {Y} {v} {} {NOR2XL} {0.161} {0.013} {0.119} {} {1.027} {6.383} {} {2} {(22.70, 69.25) (22.70, 68.88)} 
    NET {} {} {} {} {} {n_220} {} {0.000} {0.000} {0.119} {0.003} {1.027} {6.384} {} {} {} 
    INST {g6336__6783} {B} {v} {Y} {v} {} {AND2X1} {0.108} {0.000} {0.049} {} {1.135} {6.492} {} {2} {(17.50, 69.25) (18.30, 69.06)} 
    NET {} {} {} {} {} {n_231} {} {0.000} {0.000} {0.049} {0.002} {1.135} {6.492} {} {} {} 
    INST {g6311} {A} {v} {Y} {^} {} {INVX1} {0.038} {0.000} {0.038} {} {1.173} {6.529} {} {2} {(19.11, 69.16) (19.30, 69.16)} 
    NET {} {} {} {} {} {n_244} {} {0.000} {0.000} {0.038} {0.002} {1.173} {6.529} {} {} {} 
    INST {g6304__9315} {A1} {^} {Y} {v} {} {OAI22XL} {0.267} {0.017} {0.409} {} {1.440} {6.796} {} {4} {(19.90, 69.06) (20.10, 69.06)} 
    NET {} {} {} {} {} {n_270} {} {0.000} {0.000} {0.409} {0.006} {1.440} {6.796} {} {} {} 
  END_DATA_PATH
  OTHER_ARR_CLC
    {} {Clock Rise Edge} {0.000}
    {=} {Beginpoint Arrival Time} {0.000}
  END_OTHER_ARR_CLC
  CAP_CLK_PATH
    COLUMNS {instance} {fpin} {fedge} {tpin} {tedge} {net} {cell} {delay} {incr_delay} {slew} {load} {arrival} {required} {stolen} {fanout} {pin_location}
    PORT {} {dma_clk} {^} {} {} {dma_clk} {} {} {} {0.000} {0.088} {0.000} {-5.357} {} {77} {(40.50, 87.21) } 
    NET {} {} {} {} {} {dma_clk} {} {0.000} {0.000} {0.000} {0.088} {0.000} {-5.357} {} {} {} 
  END_CAP_CLK_PATH
END_PATH 61
PATH 62
  VIEW  view_slow
  CHECK_TYPE {Setup Check}
  REF {u_fifo_rbin_reg[1]} {CK}
  ENDPT {u_fifo_rbin_reg[1]} {D} {DFFRX2} {v} {leading} {dma_clk} {dma_clk(C)(P)(view_slow)*}
  BEGINPT {u_fifo_rgray_reg[2]} {Q} {SDFFRHQX1} {v} {leading} {dma_clk} {dma_clk(D)(P)(view_slow)*}
  REQ_CLC
    {} {Other End Arrival Time} {0.000}
    {-} {Setup} {0.174}
    {+} {Phase Shift} {7.000}
    {+} {CPPR Adjustment} {0.000}
    {=} {Required Time} {6.826}
  END_REQ_CLC
  SLK_CLC
    {-} {Arrival Time} {1.440}
    {=} {Slack Time} {5.386}
  END_SLK_CLC
  SLK 5.386
  ARR_CLC
    {} {Clock Rise Edge} {0.000}
    {=} {Beginpoint Arrival Time} {0.000}
  END_ARR_CLC
  LAUNCH_CLK_PATH
    COLUMNS {instance} {fpin} {fedge} {tpin} {tedge} {net} {cell} {delay} {incr_delay} {slew} {load} {arrival} {required} {stolen} {fanout} {pin_location}
    PORT {} {dma_clk} {^} {} {} {dma_clk} {} {} {} {0.000} {0.088} {0.000} {5.386} {} {77} {(40.50, 87.21) } 
    NET {} {} {} {} {} {dma_clk} {} {0.000} {0.000} {0.000} {0.088} {0.000} {5.386} {} {} {} 
  END_LAUNCH_CLK_PATH 
  DATA_PATH 
    COLUMNS {instance} {fpin} {fedge} {tpin} {tedge} {net} {cell} {delay} {incr_delay} {slew} {load} {arrival} {required} {stolen} {fanout} {pin_location} 
    INST {u_fifo_rgray_reg[2]} {CK} {^} {Q} {v} {} {SDFFRHQX1} {0.263} {0.003} {0.062} {} {0.263} {5.649} {} {2} {(15.50, 60.70) (15.10, 61.09)} 
    NET {} {} {} {} {} {u_fifo_rgray[2]} {} {0.000} {0.000} {0.062} {0.003} {0.263} {5.649} {} {} {} 
    INST {g6951} {A} {v} {Y} {^} {} {XNOR2X1} {0.201} {0.000} {0.058} {} {0.464} {5.850} {} {1} {(15.90, 59.00) (15.50, 58.62)} 
    NET {} {} {} {} {} {n_396} {} {0.000} {0.000} {0.058} {0.002} {0.464} {5.850} {} {} {} 
    INST {g6512__9945} {C0} {^} {Y} {v} {} {OAI221X1} {0.151} {0.008} {0.208} {} {0.616} {6.002} {} {1} {(13.10, 62.04) (12.70, 62.80)} 
    NET {} {} {} {} {} {n_130} {} {0.000} {0.000} {0.208} {0.002} {0.616} {6.002} {} {} {} 
    INST {g6427__4733} {C} {v} {Y} {^} {} {NOR3X1} {0.250} {0.052} {0.303} {} {0.866} {6.252} {} {3} {(22.90, 62.41) (23.10, 62.41)} 
    NET {} {} {} {} {} {n_230} {} {0.000} {0.000} {0.303} {0.005} {0.866} {6.252} {} {} {} 
    INST {g6371__5122} {B} {^} {Y} {v} {} {NOR2XL} {0.161} {0.013} {0.119} {} {1.027} {6.413} {} {2} {(22.70, 69.25) (22.70, 68.88)} 
    NET {} {} {} {} {} {n_220} {} {0.000} {0.000} {0.119} {0.003} {1.027} {6.413} {} {} {} 
    INST {g6336__6783} {B} {v} {Y} {v} {} {AND2X1} {0.108} {0.000} {0.049} {} {1.135} {6.521} {} {2} {(17.50, 69.25) (18.30, 69.06)} 
    NET {} {} {} {} {} {n_231} {} {0.000} {0.000} {0.049} {0.002} {1.135} {6.521} {} {} {} 
    INST {g6311} {A} {v} {Y} {^} {} {INVX1} {0.038} {0.000} {0.038} {} {1.173} {6.559} {} {2} {(19.11, 69.16) (19.30, 69.16)} 
    NET {} {} {} {} {} {n_244} {} {0.000} {0.000} {0.038} {0.002} {1.173} {6.559} {} {} {} 
    INST {g6304__9315} {A1} {^} {Y} {v} {} {OAI22XL} {0.267} {0.017} {0.409} {} {1.440} {6.826} {} {4} {(19.90, 69.06) (20.10, 69.06)} 
    NET {} {} {} {} {} {n_270} {} {0.000} {0.000} {0.409} {0.006} {1.440} {6.826} {} {} {} 
  END_DATA_PATH
  OTHER_ARR_CLC
    {} {Clock Rise Edge} {0.000}
    {=} {Beginpoint Arrival Time} {0.000}
  END_OTHER_ARR_CLC
  CAP_CLK_PATH
    COLUMNS {instance} {fpin} {fedge} {tpin} {tedge} {net} {cell} {delay} {incr_delay} {slew} {load} {arrival} {required} {stolen} {fanout} {pin_location}
    PORT {} {dma_clk} {^} {} {} {dma_clk} {} {} {} {0.000} {0.088} {0.000} {-5.386} {} {77} {(40.50, 87.21) } 
    NET {} {} {} {} {} {dma_clk} {} {0.000} {0.000} {0.000} {0.088} {0.000} {-5.386} {} {} {} 
  END_CAP_CLK_PATH
END_PATH 62
PATH 63
  VIEW  view_slow
  CHECK_TYPE {Setup Check}
  REF {u_fifo_rgray_reg[0]} {CK}
  ENDPT {u_fifo_rgray_reg[0]} {SI} {SDFFRXL} {^} {leading} {dma_clk} {dma_clk(C)(P)(view_slow)*}
  BEGINPT {u_fifo_rgray_reg[2]} {Q} {SDFFRHQX1} {v} {leading} {dma_clk} {dma_clk(D)(P)(view_slow)*}
  REQ_CLC
    {} {Other End Arrival Time} {0.000}
    {-} {Setup} {0.228}
    {+} {Phase Shift} {7.000}
    {+} {CPPR Adjustment} {0.000}
    {=} {Required Time} {6.772}
  END_REQ_CLC
  SLK_CLC
    {-} {Arrival Time} {1.243}
    {=} {Slack Time} {5.529}
  END_SLK_CLC
  SLK 5.529
  ARR_CLC
    {} {Clock Rise Edge} {0.000}
    {=} {Beginpoint Arrival Time} {0.000}
  END_ARR_CLC
  LAUNCH_CLK_PATH
    COLUMNS {instance} {fpin} {fedge} {tpin} {tedge} {net} {cell} {delay} {incr_delay} {slew} {load} {arrival} {required} {stolen} {fanout} {pin_location}
    PORT {} {dma_clk} {^} {} {} {dma_clk} {} {} {} {0.000} {0.088} {0.000} {5.529} {} {77} {(40.50, 87.21) } 
    NET {} {} {} {} {} {dma_clk} {} {0.000} {0.000} {0.000} {0.088} {0.000} {5.529} {} {} {} 
  END_LAUNCH_CLK_PATH 
  DATA_PATH 
    COLUMNS {instance} {fpin} {fedge} {tpin} {tedge} {net} {cell} {delay} {incr_delay} {slew} {load} {arrival} {required} {stolen} {fanout} {pin_location} 
    INST {u_fifo_rgray_reg[2]} {CK} {^} {Q} {v} {} {SDFFRHQX1} {0.263} {0.003} {0.062} {} {0.263} {5.792} {} {2} {(15.50, 60.70) (15.10, 61.09)} 
    NET {} {} {} {} {} {u_fifo_rgray[2]} {} {0.000} {0.000} {0.062} {0.003} {0.263} {5.792} {} {} {} 
    INST {g6951} {A} {v} {Y} {^} {} {XNOR2X1} {0.201} {0.000} {0.058} {} {0.464} {5.993} {} {1} {(15.90, 59.00) (15.50, 58.62)} 
    NET {} {} {} {} {} {n_396} {} {0.000} {0.000} {0.058} {0.002} {0.464} {5.993} {} {} {} 
    INST {g6512__9945} {C0} {^} {Y} {v} {} {OAI221X1} {0.151} {0.008} {0.208} {} {0.616} {6.144} {} {1} {(13.10, 62.04) (12.70, 62.80)} 
    NET {} {} {} {} {} {n_130} {} {0.000} {0.000} {0.208} {0.002} {0.616} {6.144} {} {} {} 
    INST {g6427__4733} {C} {v} {Y} {^} {} {NOR3X1} {0.250} {0.052} {0.303} {} {0.866} {6.394} {} {3} {(22.90, 62.41) (23.10, 62.41)} 
    NET {} {} {} {} {} {n_230} {} {0.000} {0.000} {0.303} {0.005} {0.866} {6.394} {} {} {} 
    INST {g6371__5122} {B} {^} {Y} {v} {} {NOR2XL} {0.161} {0.013} {0.119} {} {1.027} {6.555} {} {2} {(22.70, 69.25) (22.70, 68.88)} 
    NET {} {} {} {} {} {n_220} {} {0.000} {0.000} {0.119} {0.003} {1.027} {6.556} {} {} {} 
    INST {g6944} {B} {v} {Y} {v} {} {XOR2X1} {0.168} {0.005} {0.083} {} {1.195} {6.724} {} {3} {(16.10, 67.55) (15.30, 67.73)} 
    NET {} {} {} {} {} {n_389} {} {0.000} {0.000} {0.083} {0.003} {1.195} {6.724} {} {} {} 
    INST {g6310} {A} {v} {Y} {^} {} {INVX1} {0.048} {0.002} {0.031} {} {1.243} {6.772} {} {1} {(12.51, 65.74) (12.70, 65.74)} 
    NET {} {} {} {} {} {n_246} {} {0.000} {0.000} {0.031} {0.001} {1.243} {6.772} {} {} {} 
  END_DATA_PATH
  OTHER_ARR_CLC
    {} {Clock Rise Edge} {0.000}
    {=} {Beginpoint Arrival Time} {0.000}
  END_OTHER_ARR_CLC
  CAP_CLK_PATH
    COLUMNS {instance} {fpin} {fedge} {tpin} {tedge} {net} {cell} {delay} {incr_delay} {slew} {load} {arrival} {required} {stolen} {fanout} {pin_location}
    PORT {} {dma_clk} {^} {} {} {dma_clk} {} {} {} {0.000} {0.088} {0.000} {-5.529} {} {77} {(40.50, 87.21) } 
    NET {} {} {} {} {} {dma_clk} {} {0.000} {0.000} {0.000} {0.088} {0.000} {-5.529} {} {} {} 
  END_CAP_CLK_PATH
END_PATH 63
PATH 64
  VIEW  view_slow
  CHECK_TYPE {Setup Check}
  REF {u_fifo_rgray_reg[0]} {CK}
  ENDPT {u_fifo_rgray_reg[0]} {D} {SDFFRXL} {^} {leading} {dma_clk} {dma_clk(C)(P)(view_slow)*}
  BEGINPT {u_fifo_rgray_reg[2]} {Q} {SDFFRHQX1} {v} {leading} {dma_clk} {dma_clk(D)(P)(view_slow)*}
  REQ_CLC
    {} {Other End Arrival Time} {0.000}
    {-} {Setup} {0.250}
    {+} {Phase Shift} {7.000}
    {+} {CPPR Adjustment} {0.000}
    {=} {Required Time} {6.750}
  END_REQ_CLC
  SLK_CLC
    {-} {Arrival Time} {1.210}
    {=} {Slack Time} {5.540}
  END_SLK_CLC
  SLK 5.540
  ARR_CLC
    {} {Clock Rise Edge} {0.000}
    {=} {Beginpoint Arrival Time} {0.000}
  END_ARR_CLC
  LAUNCH_CLK_PATH
    COLUMNS {instance} {fpin} {fedge} {tpin} {tedge} {net} {cell} {delay} {incr_delay} {slew} {load} {arrival} {required} {stolen} {fanout} {pin_location}
    PORT {} {dma_clk} {^} {} {} {dma_clk} {} {} {} {0.000} {0.088} {0.000} {5.540} {} {77} {(40.50, 87.21) } 
    NET {} {} {} {} {} {dma_clk} {} {0.000} {0.000} {0.000} {0.088} {0.000} {5.540} {} {} {} 
  END_LAUNCH_CLK_PATH 
  DATA_PATH 
    COLUMNS {instance} {fpin} {fedge} {tpin} {tedge} {net} {cell} {delay} {incr_delay} {slew} {load} {arrival} {required} {stolen} {fanout} {pin_location} 
    INST {u_fifo_rgray_reg[2]} {CK} {^} {Q} {v} {} {SDFFRHQX1} {0.263} {0.003} {0.062} {} {0.263} {5.803} {} {2} {(15.50, 60.70) (15.10, 61.09)} 
    NET {} {} {} {} {} {u_fifo_rgray[2]} {} {0.000} {0.000} {0.062} {0.003} {0.263} {5.803} {} {} {} 
    INST {g6951} {A} {v} {Y} {^} {} {XNOR2X1} {0.201} {0.000} {0.058} {} {0.464} {6.004} {} {1} {(15.90, 59.00) (15.50, 58.62)} 
    NET {} {} {} {} {} {n_396} {} {0.000} {0.000} {0.058} {0.002} {0.464} {6.004} {} {} {} 
    INST {g6512__9945} {C0} {^} {Y} {v} {} {OAI221X1} {0.151} {0.008} {0.208} {} {0.616} {6.155} {} {1} {(13.10, 62.04) (12.70, 62.80)} 
    NET {} {} {} {} {} {n_130} {} {0.000} {0.000} {0.208} {0.002} {0.616} {6.156} {} {} {} 
    INST {g6427__4733} {C} {v} {Y} {^} {} {NOR3X1} {0.250} {0.052} {0.303} {} {0.866} {6.406} {} {3} {(22.90, 62.41) (23.10, 62.41)} 
    NET {} {} {} {} {} {n_230} {} {0.000} {0.000} {0.303} {0.005} {0.866} {6.406} {} {} {} 
    INST {g6371__5122} {B} {^} {Y} {v} {} {NOR2XL} {0.161} {0.013} {0.119} {} {1.027} {6.567} {} {2} {(22.70, 69.25) (22.70, 68.88)} 
    NET {} {} {} {} {} {n_220} {} {0.000} {0.000} {0.119} {0.003} {1.027} {6.567} {} {} {} 
    INST {g6944} {B} {v} {Y} {^} {} {XOR2X1} {0.183} {0.005} {0.078} {} {1.210} {6.750} {} {3} {(16.10, 67.55) (15.30, 67.73)} 
    NET {} {} {} {} {} {n_389} {} {0.000} {0.000} {0.078} {0.003} {1.210} {6.750} {} {} {} 
  END_DATA_PATH
  OTHER_ARR_CLC
    {} {Clock Rise Edge} {0.000}
    {=} {Beginpoint Arrival Time} {0.000}
  END_OTHER_ARR_CLC
  CAP_CLK_PATH
    COLUMNS {instance} {fpin} {fedge} {tpin} {tedge} {net} {cell} {delay} {incr_delay} {slew} {load} {arrival} {required} {stolen} {fanout} {pin_location}
    PORT {} {dma_clk} {^} {} {} {dma_clk} {} {} {} {0.000} {0.088} {0.000} {-5.540} {} {77} {(40.50, 87.21) } 
    NET {} {} {} {} {} {dma_clk} {} {0.000} {0.000} {0.000} {0.088} {0.000} {-5.540} {} {} {} 
  END_CAP_CLK_PATH
END_PATH 64
PATH 65
  VIEW  view_slow
  CHECK_TYPE {Setup Check}
  REF {u_fifo_rbin_reg[0]} {CK}
  ENDPT {u_fifo_rbin_reg[0]} {D} {DFFRHQX2} {^} {leading} {dma_clk} {dma_clk(C)(P)(view_slow)*}
  BEGINPT {u_fifo_rgray_reg[2]} {Q} {SDFFRHQX1} {v} {leading} {dma_clk} {dma_clk(D)(P)(view_slow)*}
  REQ_CLC
    {} {Other End Arrival Time} {0.000}
    {-} {Setup} {0.118}
    {+} {Phase Shift} {7.000}
    {+} {CPPR Adjustment} {0.000}
    {=} {Required Time} {6.882}
  END_REQ_CLC
  SLK_CLC
    {-} {Arrival Time} {1.210}
    {=} {Slack Time} {5.672}
  END_SLK_CLC
  SLK 5.672
  ARR_CLC
    {} {Clock Rise Edge} {0.000}
    {=} {Beginpoint Arrival Time} {0.000}
  END_ARR_CLC
  LAUNCH_CLK_PATH
    COLUMNS {instance} {fpin} {fedge} {tpin} {tedge} {net} {cell} {delay} {incr_delay} {slew} {load} {arrival} {required} {stolen} {fanout} {pin_location}
    PORT {} {dma_clk} {^} {} {} {dma_clk} {} {} {} {0.000} {0.088} {0.000} {5.672} {} {77} {(40.50, 87.21) } 
    NET {} {} {} {} {} {dma_clk} {} {0.000} {0.000} {0.000} {0.088} {0.000} {5.672} {} {} {} 
  END_LAUNCH_CLK_PATH 
  DATA_PATH 
    COLUMNS {instance} {fpin} {fedge} {tpin} {tedge} {net} {cell} {delay} {incr_delay} {slew} {load} {arrival} {required} {stolen} {fanout} {pin_location} 
    INST {u_fifo_rgray_reg[2]} {CK} {^} {Q} {v} {} {SDFFRHQX1} {0.263} {0.003} {0.062} {} {0.263} {5.935} {} {2} {(15.50, 60.70) (15.10, 61.09)} 
    NET {} {} {} {} {} {u_fifo_rgray[2]} {} {0.000} {0.000} {0.062} {0.003} {0.263} {5.935} {} {} {} 
    INST {g6951} {A} {v} {Y} {^} {} {XNOR2X1} {0.201} {0.000} {0.058} {} {0.464} {6.136} {} {1} {(15.90, 59.00) (15.50, 58.62)} 
    NET {} {} {} {} {} {n_396} {} {0.000} {0.000} {0.058} {0.002} {0.464} {6.136} {} {} {} 
    INST {g6512__9945} {C0} {^} {Y} {v} {} {OAI221X1} {0.151} {0.008} {0.208} {} {0.616} {6.287} {} {1} {(13.10, 62.04) (12.70, 62.80)} 
    NET {} {} {} {} {} {n_130} {} {0.000} {0.000} {0.208} {0.002} {0.616} {6.287} {} {} {} 
    INST {g6427__4733} {C} {v} {Y} {^} {} {NOR3X1} {0.250} {0.052} {0.303} {} {0.866} {6.537} {} {3} {(22.90, 62.41) (23.10, 62.41)} 
    NET {} {} {} {} {} {n_230} {} {0.000} {0.000} {0.303} {0.005} {0.866} {6.537} {} {} {} 
    INST {g6371__5122} {B} {^} {Y} {v} {} {NOR2XL} {0.161} {0.013} {0.119} {} {1.027} {6.698} {} {2} {(22.70, 69.25) (22.70, 68.88)} 
    NET {} {} {} {} {} {n_220} {} {0.000} {0.000} {0.119} {0.003} {1.027} {6.699} {} {} {} 
    INST {g6944} {B} {v} {Y} {^} {} {XOR2X1} {0.183} {0.005} {0.078} {} {1.210} {6.882} {} {3} {(16.10, 67.55) (15.30, 67.73)} 
    NET {} {} {} {} {} {n_389} {} {0.000} {0.000} {0.078} {0.003} {1.210} {6.882} {} {} {} 
  END_DATA_PATH
  OTHER_ARR_CLC
    {} {Clock Rise Edge} {0.000}
    {=} {Beginpoint Arrival Time} {0.000}
  END_OTHER_ARR_CLC
  CAP_CLK_PATH
    COLUMNS {instance} {fpin} {fedge} {tpin} {tedge} {net} {cell} {delay} {incr_delay} {slew} {load} {arrival} {required} {stolen} {fanout} {pin_location}
    PORT {} {dma_clk} {^} {} {} {dma_clk} {} {} {} {0.000} {0.088} {0.000} {-5.672} {} {77} {(40.50, 87.21) } 
    NET {} {} {} {} {} {dma_clk} {} {0.000} {0.000} {0.000} {0.088} {0.000} {-5.672} {} {} {} 
  END_CAP_CLK_PATH
END_PATH 65
PATH 66
  VIEW  view_slow
  CHECK_TYPE {Setup Check}
  REF {u_dma_done_cnt_reg[1]} {CK}
  ENDPT {u_dma_done_cnt_reg[1]} {D} {DFFRHQX2} {^} {leading} {dma_clk} {dma_clk(C)(P)(view_slow)*}
  BEGINPT {u_dma_done_cnt_reg[0]} {Q} {DFFRHQX2} {^} {leading} {dma_clk} {dma_clk(D)(P)(view_slow)*}
  REQ_CLC
    {} {Other End Arrival Time} {0.000}
    {-} {Setup} {0.114}
    {+} {Phase Shift} {7.000}
    {+} {CPPR Adjustment} {0.000}
    {=} {Required Time} {6.886}
  END_REQ_CLC
  SLK_CLC
    {-} {Arrival Time} {0.683}
    {=} {Slack Time} {6.203}
  END_SLK_CLC
  SLK 6.203
  ARR_CLC
    {} {Clock Rise Edge} {0.000}
    {=} {Beginpoint Arrival Time} {0.000}
  END_ARR_CLC
  LAUNCH_CLK_PATH
    COLUMNS {instance} {fpin} {fedge} {tpin} {tedge} {net} {cell} {delay} {incr_delay} {slew} {load} {arrival} {required} {stolen} {fanout} {pin_location}
    PORT {} {dma_clk} {^} {} {} {dma_clk} {} {} {} {0.000} {0.088} {0.000} {6.203} {} {77} {(40.50, 87.21) } 
    NET {} {} {} {} {} {dma_clk} {} {0.000} {0.000} {0.000} {0.088} {0.000} {6.203} {} {} {} 
  END_LAUNCH_CLK_PATH 
  DATA_PATH 
    COLUMNS {instance} {fpin} {fedge} {tpin} {tedge} {net} {cell} {delay} {incr_delay} {slew} {load} {arrival} {required} {stolen} {fanout} {pin_location} 
    INST {u_dma_done_cnt_reg[0]} {CK} {^} {Q} {^} {} {DFFRHQX2} {0.285} {0.000} {0.061} {} {0.285} {6.489} {} {3} {(22.90, 74.39) (22.50, 74.58)} 
    NET {} {} {} {} {} {u_dma_done_cnt[0]} {} {0.000} {0.000} {0.061} {0.004} {0.285} {6.489} {} {} {} 
    INST {g6616__8246} {B} {^} {Y} {v} {} {NOR2XL} {0.066} {0.000} {0.087} {} {0.352} {6.555} {} {2} {(25.10, 72.67) (25.10, 72.30)} 
    NET {} {} {} {} {} {n_92} {} {0.000} {0.000} {0.087} {0.002} {0.352} {6.555} {} {} {} 
    INST {g6493__2398} {B} {v} {Y} {v} {} {AND2X1} {0.109} {0.005} {0.064} {} {0.461} {6.664} {} {2} {(29.70, 72.67) (30.50, 72.48)} 
    NET {} {} {} {} {} {n_145} {} {0.000} {0.000} {0.064} {0.003} {0.461} {6.664} {} {} {} 
    INST {g6462} {A} {v} {Y} {^} {} {INVX1} {0.051} {0.002} {0.049} {} {0.511} {6.715} {} {2} {(28.91, 71.06) (29.09, 71.06)} 
    NET {} {} {} {} {} {n_161} {} {0.000} {0.000} {0.049} {0.003} {0.511} {6.715} {} {} {} 
    INST {g6945} {C} {^} {Y} {^} {} {AND3XL} {0.171} {0.002} {0.064} {} {0.683} {6.886} {} {1} {(27.30, 72.48) (28.30, 72.30)} 
    NET {} {} {} {} {} {n_390} {} {0.000} {0.000} {0.064} {0.001} {0.683} {6.886} {} {} {} 
  END_DATA_PATH
  OTHER_ARR_CLC
    {} {Clock Rise Edge} {0.000}
    {=} {Beginpoint Arrival Time} {0.000}
  END_OTHER_ARR_CLC
  CAP_CLK_PATH
    COLUMNS {instance} {fpin} {fedge} {tpin} {tedge} {net} {cell} {delay} {incr_delay} {slew} {load} {arrival} {required} {stolen} {fanout} {pin_location}
    PORT {} {dma_clk} {^} {} {} {dma_clk} {} {} {} {0.000} {0.088} {0.000} {-6.203} {} {77} {(40.50, 87.21) } 
    NET {} {} {} {} {} {dma_clk} {} {0.000} {0.000} {0.000} {0.088} {0.000} {-6.203} {} {} {} 
  END_CAP_CLK_PATH
END_PATH 66
PATH 67
  VIEW  view_slow
  CHECK_TYPE {Setup Check}
  REF {u_dma_done_cnt_reg[0]} {CK}
  ENDPT {u_dma_done_cnt_reg[0]} {D} {DFFRHQX2} {^} {leading} {dma_clk} {dma_clk(C)(P)(view_slow)*}
  BEGINPT {u_dma_state_reg[0]} {QN} {DFFRX2} {v} {leading} {dma_clk} {dma_clk(D)(P)(view_slow)*}
  REQ_CLC
    {} {Other End Arrival Time} {0.000}
    {-} {Setup} {0.124}
    {+} {Phase Shift} {7.000}
    {+} {CPPR Adjustment} {0.000}
    {=} {Required Time} {6.876}
  END_REQ_CLC
  SLK_CLC
    {-} {Arrival Time} {0.548}
    {=} {Slack Time} {6.327}
  END_SLK_CLC
  SLK 6.327
  ARR_CLC
    {} {Clock Rise Edge} {0.000}
    {=} {Beginpoint Arrival Time} {0.000}
  END_ARR_CLC
  LAUNCH_CLK_PATH
    COLUMNS {instance} {fpin} {fedge} {tpin} {tedge} {net} {cell} {delay} {incr_delay} {slew} {load} {arrival} {required} {stolen} {fanout} {pin_location}
    PORT {} {dma_clk} {^} {} {} {dma_clk} {} {} {} {0.000} {0.088} {0.000} {6.327} {} {77} {(40.50, 87.21) } 
    NET {} {} {} {} {} {dma_clk} {} {0.000} {0.000} {0.000} {0.088} {0.000} {6.327} {} {} {} 
  END_LAUNCH_CLK_PATH 
  DATA_PATH 
    COLUMNS {instance} {fpin} {fedge} {tpin} {tedge} {net} {cell} {delay} {incr_delay} {slew} {load} {arrival} {required} {stolen} {fanout} {pin_location} 
    INST {u_dma_state_reg[0]} {CK} {^} {QN} {v} {} {DFFRX2} {0.354} {0.002} {0.061} {} {0.354} {6.682} {} {5} {(32.90, 70.78) (33.90, 70.78)} 
    NET {} {} {} {} {} {n_84} {} {0.000} {0.000} {0.061} {0.005} {0.354} {6.682} {} {} {} 
    INST {g6615__1617} {B} {v} {Y} {^} {} {NAND2X1} {0.064} {0.006} {0.073} {} {0.418} {6.746} {} {3} {(32.70, 69.06) (32.90, 69.25)} 
    NET {} {} {} {} {} {n_157} {} {0.000} {0.000} {0.073} {0.004} {0.418} {6.746} {} {} {} 
    INST {g6947} {AN} {^} {Y} {^} {} {NOR3BX1} {0.130} {0.000} {0.097} {} {0.548} {6.876} {} {1} {(28.10, 74.58) (27.30, 74.77)} 
    NET {} {} {} {} {} {n_392} {} {0.000} {0.000} {0.097} {0.001} {0.548} {6.876} {} {} {} 
  END_DATA_PATH
  OTHER_ARR_CLC
    {} {Clock Rise Edge} {0.000}
    {=} {Beginpoint Arrival Time} {0.000}
  END_OTHER_ARR_CLC
  CAP_CLK_PATH
    COLUMNS {instance} {fpin} {fedge} {tpin} {tedge} {net} {cell} {delay} {incr_delay} {slew} {load} {arrival} {required} {stolen} {fanout} {pin_location}
    PORT {} {dma_clk} {^} {} {} {dma_clk} {} {} {} {0.000} {0.088} {0.000} {-6.327} {} {77} {(40.50, 87.21) } 
    NET {} {} {} {} {} {dma_clk} {} {0.000} {0.000} {0.000} {0.088} {0.000} {-6.327} {} {} {} 
  END_CAP_CLK_PATH
END_PATH 67
PATH 68
  VIEW  view_slow
  CHECK_TYPE {Setup Check}
  REF {u_dma_done_cnt_reg[2]} {CK}
  ENDPT {u_dma_done_cnt_reg[2]} {D} {DFFRX2} {^} {leading} {dma_clk} {dma_clk(C)(P)(view_slow)*}
  BEGINPT {u_dma_done_cnt_reg[0]} {Q} {DFFRHQX2} {^} {leading} {dma_clk} {dma_clk(D)(P)(view_slow)*}
  REQ_CLC
    {} {Other End Arrival Time} {0.000}
    {-} {Setup} {0.122}
    {+} {Phase Shift} {7.000}
    {+} {CPPR Adjustment} {0.000}
    {=} {Required Time} {6.878}
  END_REQ_CLC
  SLK_CLC
    {-} {Arrival Time} {0.538}
    {=} {Slack Time} {6.339}
  END_SLK_CLC
  SLK 6.339
  ARR_CLC
    {} {Clock Rise Edge} {0.000}
    {=} {Beginpoint Arrival Time} {0.000}
  END_ARR_CLC
  LAUNCH_CLK_PATH
    COLUMNS {instance} {fpin} {fedge} {tpin} {tedge} {net} {cell} {delay} {incr_delay} {slew} {load} {arrival} {required} {stolen} {fanout} {pin_location}
    PORT {} {dma_clk} {^} {} {} {dma_clk} {} {} {} {0.000} {0.088} {0.000} {6.339} {} {77} {(40.50, 87.21) } 
    NET {} {} {} {} {} {dma_clk} {} {0.000} {0.000} {0.000} {0.088} {0.000} {6.339} {} {} {} 
  END_LAUNCH_CLK_PATH 
  DATA_PATH 
    COLUMNS {instance} {fpin} {fedge} {tpin} {tedge} {net} {cell} {delay} {incr_delay} {slew} {load} {arrival} {required} {stolen} {fanout} {pin_location} 
    INST {u_dma_done_cnt_reg[0]} {CK} {^} {Q} {^} {} {DFFRHQX2} {0.285} {0.000} {0.061} {} {0.285} {6.625} {} {3} {(22.90, 74.39) (22.50, 74.58)} 
    NET {} {} {} {} {} {u_dma_done_cnt[0]} {} {0.000} {0.000} {0.061} {0.004} {0.286} {6.625} {} {} {} 
    INST {g6616__8246} {B} {^} {Y} {v} {} {NOR2XL} {0.066} {0.000} {0.087} {} {0.352} {6.691} {} {2} {(25.10, 72.67) (25.10, 72.30)} 
    NET {} {} {} {} {} {n_92} {} {0.000} {0.000} {0.087} {0.002} {0.352} {6.691} {} {} {} 
    INST {g6596} {A} {v} {Y} {^} {} {INVX1} {0.056} {0.001} {0.047} {} {0.408} {6.747} {} {2} {(29.11, 72.58) (29.30, 72.58)} 
    NET {} {} {} {} {} {n_85} {} {0.000} {0.000} {0.047} {0.002} {0.408} {6.748} {} {} {} 
    INST {g6946} {A1N} {^} {Y} {^} {} {OAI2BB1X1} {0.130} {0.005} {0.051} {} {0.538} {6.878} {} {1} {(32.10, 72.86) (31.10, 72.30)} 
    NET {} {} {} {} {} {n_391} {} {0.000} {0.000} {0.051} {0.001} {0.538} {6.878} {} {} {} 
  END_DATA_PATH
  OTHER_ARR_CLC
    {} {Clock Rise Edge} {0.000}
    {=} {Beginpoint Arrival Time} {0.000}
  END_OTHER_ARR_CLC
  CAP_CLK_PATH
    COLUMNS {instance} {fpin} {fedge} {tpin} {tedge} {net} {cell} {delay} {incr_delay} {slew} {load} {arrival} {required} {stolen} {fanout} {pin_location}
    PORT {} {dma_clk} {^} {} {} {dma_clk} {} {} {} {0.000} {0.088} {0.000} {-6.339} {} {77} {(40.50, 87.21) } 
    NET {} {} {} {} {} {dma_clk} {} {0.000} {0.000} {0.000} {0.088} {0.000} {-6.339} {} {} {} 
  END_CAP_CLK_PATH
END_PATH 68
PATH 69
  VIEW  view_slow
  CHECK_TYPE {Setup Check}
  REF {stog_s3_reg} {CK}
  ENDPT {stog_s3_reg} {D} {DFFRX2} {^} {leading} {dma_clk} {dma_clk(C)(P)(view_slow)*}
  BEGINPT {stog_s2_reg} {Q} {DFFRX2} {^} {leading} {dma_clk} {dma_clk(D)(P)(view_slow)*}
  REQ_CLC
    {} {Other End Arrival Time} {0.000}
    {-} {Setup} {0.126}
    {+} {Phase Shift} {7.000}
    {+} {CPPR Adjustment} {0.000}
    {=} {Required Time} {6.874}
  END_REQ_CLC
  SLK_CLC
    {-} {Arrival Time} {0.303}
    {=} {Slack Time} {6.571}
  END_SLK_CLC
  SLK 6.571
  ARR_CLC
    {} {Clock Rise Edge} {0.000}
    {=} {Beginpoint Arrival Time} {0.000}
  END_ARR_CLC
  LAUNCH_CLK_PATH
    COLUMNS {instance} {fpin} {fedge} {tpin} {tedge} {net} {cell} {delay} {incr_delay} {slew} {load} {arrival} {required} {stolen} {fanout} {pin_location}
    PORT {} {dma_clk} {^} {} {} {dma_clk} {} {} {} {0.000} {0.088} {0.000} {6.571} {} {77} {(40.50, 87.21) } 
    NET {} {} {} {} {} {dma_clk} {} {0.000} {0.000} {0.000} {0.088} {0.000} {6.571} {} {} {} 
  END_LAUNCH_CLK_PATH 
  DATA_PATH 
    COLUMNS {instance} {fpin} {fedge} {tpin} {tedge} {net} {cell} {delay} {incr_delay} {slew} {load} {arrival} {required} {stolen} {fanout} {pin_location} 
    INST {stog_s2_reg} {CK} {^} {Q} {^} {} {DFFRX2} {0.303} {0.006} {0.064} {} {0.303} {6.873} {} {3} {(34.10, 60.52) (34.50, 60.90)} 
    NET {} {} {} {} {} {stog_s2} {} {0.000} {0.000} {0.064} {0.003} {0.303} {6.874} {} {} {} 
  END_DATA_PATH
  OTHER_ARR_CLC
    {} {Clock Rise Edge} {0.000}
    {=} {Beginpoint Arrival Time} {0.000}
  END_OTHER_ARR_CLC
  CAP_CLK_PATH
    COLUMNS {instance} {fpin} {fedge} {tpin} {tedge} {net} {cell} {delay} {incr_delay} {slew} {load} {arrival} {required} {stolen} {fanout} {pin_location}
    PORT {} {dma_clk} {^} {} {} {dma_clk} {} {} {} {0.000} {0.088} {0.000} {-6.571} {} {77} {(40.50, 87.21) } 
    NET {} {} {} {} {} {dma_clk} {} {0.000} {0.000} {0.000} {0.088} {0.000} {-6.571} {} {} {} 
  END_CAP_CLK_PATH
END_PATH 69
PATH 70
  VIEW  view_slow
  CHECK_TYPE {Setup Check}
  REF {len_s2_reg[15]} {CK}
  ENDPT {len_s2_reg[15]} {D} {DFFRX2} {^} {leading} {dma_clk} {dma_clk(C)(P)(view_slow)*}
  BEGINPT {len_s1_reg[15]} {Q} {DFFRHQX2} {^} {leading} {dma_clk} {dma_clk(D)(P)(view_slow)*}
  REQ_CLC
    {} {Other End Arrival Time} {0.000}
    {-} {Setup} {0.123}
    {+} {Phase Shift} {7.000}
    {+} {CPPR Adjustment} {0.000}
    {=} {Required Time} {6.877}
  END_REQ_CLC
  SLK_CLC
    {-} {Arrival Time} {0.294}
    {=} {Slack Time} {6.583}
  END_SLK_CLC
  SLK 6.583
  ARR_CLC
    {} {Clock Rise Edge} {0.000}
    {=} {Beginpoint Arrival Time} {0.000}
  END_ARR_CLC
  LAUNCH_CLK_PATH
    COLUMNS {instance} {fpin} {fedge} {tpin} {tedge} {net} {cell} {delay} {incr_delay} {slew} {load} {arrival} {required} {stolen} {fanout} {pin_location}
    PORT {} {dma_clk} {^} {} {} {dma_clk} {} {} {} {0.000} {0.088} {0.000} {6.583} {} {77} {(40.50, 87.21) } 
    NET {} {} {} {} {} {dma_clk} {} {0.000} {0.000} {0.000} {0.088} {0.000} {6.583} {} {} {} 
  END_LAUNCH_CLK_PATH 
  DATA_PATH 
    COLUMNS {instance} {fpin} {fedge} {tpin} {tedge} {net} {cell} {delay} {incr_delay} {slew} {load} {arrival} {required} {stolen} {fanout} {pin_location} 
    INST {len_s1_reg[15]} {CK} {^} {Q} {^} {} {DFFRHQX2} {0.294} {0.013} {0.053} {} {0.294} {6.877} {} {1} {(32.50, 55.58) (32.10, 55.38)} 
    NET {} {} {} {} {} {len_s1[15]} {} {0.000} {0.000} {0.053} {0.002} {0.294} {6.877} {} {} {} 
  END_DATA_PATH
  OTHER_ARR_CLC
    {} {Clock Rise Edge} {0.000}
    {=} {Beginpoint Arrival Time} {0.000}
  END_OTHER_ARR_CLC
  CAP_CLK_PATH
    COLUMNS {instance} {fpin} {fedge} {tpin} {tedge} {net} {cell} {delay} {incr_delay} {slew} {load} {arrival} {required} {stolen} {fanout} {pin_location}
    PORT {} {dma_clk} {^} {} {} {dma_clk} {} {} {} {0.000} {0.088} {0.000} {-6.583} {} {77} {(40.50, 87.21) } 
    NET {} {} {} {} {} {dma_clk} {} {0.000} {0.000} {0.000} {0.088} {0.000} {-6.583} {} {} {} 
  END_CAP_CLK_PATH
END_PATH 70
PATH 71
  VIEW  view_slow
  CHECK_TYPE {Setup Check}
  REF {len_s2_reg[9]} {CK}
  ENDPT {len_s2_reg[9]} {D} {DFFRX2} {^} {leading} {dma_clk} {dma_clk(C)(P)(view_slow)*}
  BEGINPT {len_s1_reg[9]} {Q} {DFFRHQX2} {^} {leading} {dma_clk} {dma_clk(D)(P)(view_slow)*}
  REQ_CLC
    {} {Other End Arrival Time} {0.000}
    {-} {Setup} {0.124}
    {+} {Phase Shift} {7.000}
    {+} {CPPR Adjustment} {0.000}
    {=} {Required Time} {6.876}
  END_REQ_CLC
  SLK_CLC
    {-} {Arrival Time} {0.286}
    {=} {Slack Time} {6.590}
  END_SLK_CLC
  SLK 6.590
  ARR_CLC
    {} {Clock Rise Edge} {0.000}
    {=} {Beginpoint Arrival Time} {0.000}
  END_ARR_CLC
  LAUNCH_CLK_PATH
    COLUMNS {instance} {fpin} {fedge} {tpin} {tedge} {net} {cell} {delay} {incr_delay} {slew} {load} {arrival} {required} {stolen} {fanout} {pin_location}
    PORT {} {dma_clk} {^} {} {} {dma_clk} {} {} {} {0.000} {0.088} {0.000} {6.590} {} {77} {(40.50, 87.21) } 
    NET {} {} {} {} {} {dma_clk} {} {0.000} {0.000} {0.000} {0.088} {0.000} {6.590} {} {} {} 
  END_LAUNCH_CLK_PATH 
  DATA_PATH 
    COLUMNS {instance} {fpin} {fedge} {tpin} {tedge} {net} {cell} {delay} {incr_delay} {slew} {load} {arrival} {required} {stolen} {fanout} {pin_location} 
    INST {len_s1_reg[9]} {CK} {^} {Q} {^} {} {DFFRHQX2} {0.285} {0.003} {0.056} {} {0.286} {6.876} {} {1} {(56.10, 52.16) (55.70, 51.97)} 
    NET {} {} {} {} {} {len_s1[9]} {} {0.000} {0.000} {0.056} {0.003} {0.286} {6.876} {} {} {} 
  END_DATA_PATH
  OTHER_ARR_CLC
    {} {Clock Rise Edge} {0.000}
    {=} {Beginpoint Arrival Time} {0.000}
  END_OTHER_ARR_CLC
  CAP_CLK_PATH
    COLUMNS {instance} {fpin} {fedge} {tpin} {tedge} {net} {cell} {delay} {incr_delay} {slew} {load} {arrival} {required} {stolen} {fanout} {pin_location}
    PORT {} {dma_clk} {^} {} {} {dma_clk} {} {} {} {0.000} {0.088} {0.000} {-6.590} {} {77} {(40.50, 87.21) } 
    NET {} {} {} {} {} {dma_clk} {} {0.000} {0.000} {0.000} {0.088} {0.000} {-6.590} {} {} {} 
  END_CAP_CLK_PATH
END_PATH 71
PATH 72
  VIEW  view_slow
  CHECK_TYPE {Setup Check}
  REF {len_s2_reg[0]} {CK}
  ENDPT {len_s2_reg[0]} {D} {DFFRX2} {^} {leading} {dma_clk} {dma_clk(C)(P)(view_slow)*}
  BEGINPT {len_s1_reg[0]} {Q} {DFFRHQX2} {^} {leading} {dma_clk} {dma_clk(D)(P)(view_slow)*}
  REQ_CLC
    {} {Other End Arrival Time} {0.000}
    {-} {Setup} {0.123}
    {+} {Phase Shift} {7.000}
    {+} {CPPR Adjustment} {0.000}
    {=} {Required Time} {6.877}
  END_REQ_CLC
  SLK_CLC
    {-} {Arrival Time} {0.281}
    {=} {Slack Time} {6.597}
  END_SLK_CLC
  SLK 6.597
  ARR_CLC
    {} {Clock Rise Edge} {0.000}
    {=} {Beginpoint Arrival Time} {0.000}
  END_ARR_CLC
  LAUNCH_CLK_PATH
    COLUMNS {instance} {fpin} {fedge} {tpin} {tedge} {net} {cell} {delay} {incr_delay} {slew} {load} {arrival} {required} {stolen} {fanout} {pin_location}
    PORT {} {dma_clk} {^} {} {} {dma_clk} {} {} {} {0.000} {0.088} {0.000} {6.597} {} {77} {(40.50, 87.21) } 
    NET {} {} {} {} {} {dma_clk} {} {0.000} {0.000} {0.000} {0.088} {0.000} {6.597} {} {} {} 
  END_LAUNCH_CLK_PATH 
  DATA_PATH 
    COLUMNS {instance} {fpin} {fedge} {tpin} {tedge} {net} {cell} {delay} {incr_delay} {slew} {load} {arrival} {required} {stolen} {fanout} {pin_location} 
    INST {len_s1_reg[0]} {CK} {^} {Q} {^} {} {DFFRHQX2} {0.281} {0.000} {0.052} {} {0.281} {6.877} {} {1} {(39.10, 53.87) (38.70, 54.05)} 
    NET {} {} {} {} {} {len_s1[0]} {} {0.000} {0.000} {0.052} {0.002} {0.281} {6.877} {} {} {} 
  END_DATA_PATH
  OTHER_ARR_CLC
    {} {Clock Rise Edge} {0.000}
    {=} {Beginpoint Arrival Time} {0.000}
  END_OTHER_ARR_CLC
  CAP_CLK_PATH
    COLUMNS {instance} {fpin} {fedge} {tpin} {tedge} {net} {cell} {delay} {incr_delay} {slew} {load} {arrival} {required} {stolen} {fanout} {pin_location}
    PORT {} {dma_clk} {^} {} {} {dma_clk} {} {} {} {0.000} {0.088} {0.000} {-6.597} {} {77} {(40.50, 87.21) } 
    NET {} {} {} {} {} {dma_clk} {} {0.000} {0.000} {0.000} {0.088} {0.000} {-6.597} {} {} {} 
  END_CAP_CLK_PATH
END_PATH 72
PATH 73
  VIEW  view_slow
  CHECK_TYPE {Setup Check}
  REF {len_s2_reg[7]} {CK}
  ENDPT {len_s2_reg[7]} {D} {DFFRX2} {^} {leading} {dma_clk} {dma_clk(C)(P)(view_slow)*}
  BEGINPT {len_s1_reg[7]} {Q} {DFFRHQX2} {^} {leading} {dma_clk} {dma_clk(D)(P)(view_slow)*}
  REQ_CLC
    {} {Other End Arrival Time} {0.000}
    {-} {Setup} {0.122}
    {+} {Phase Shift} {7.000}
    {+} {CPPR Adjustment} {0.000}
    {=} {Required Time} {6.878}
  END_REQ_CLC
  SLK_CLC
    {-} {Arrival Time} {0.280}
    {=} {Slack Time} {6.598}
  END_SLK_CLC
  SLK 6.598
  ARR_CLC
    {} {Clock Rise Edge} {0.000}
    {=} {Beginpoint Arrival Time} {0.000}
  END_ARR_CLC
  LAUNCH_CLK_PATH
    COLUMNS {instance} {fpin} {fedge} {tpin} {tedge} {net} {cell} {delay} {incr_delay} {slew} {load} {arrival} {required} {stolen} {fanout} {pin_location}
    PORT {} {dma_clk} {^} {} {} {dma_clk} {} {} {} {0.000} {0.088} {0.000} {6.598} {} {77} {(40.50, 87.21) } 
    NET {} {} {} {} {} {dma_clk} {} {0.000} {0.000} {0.000} {0.088} {0.000} {6.598} {} {} {} 
  END_LAUNCH_CLK_PATH 
  DATA_PATH 
    COLUMNS {instance} {fpin} {fedge} {tpin} {tedge} {net} {cell} {delay} {incr_delay} {slew} {load} {arrival} {required} {stolen} {fanout} {pin_location} 
    INST {len_s1_reg[7]} {CK} {^} {Q} {^} {} {DFFRHQX2} {0.280} {0.000} {0.051} {} {0.280} {6.878} {} {1} {(67.10, 55.58) (66.70, 55.38)} 
    NET {} {} {} {} {} {len_s1[7]} {} {0.000} {0.000} {0.051} {0.002} {0.280} {6.878} {} {} {} 
  END_DATA_PATH
  OTHER_ARR_CLC
    {} {Clock Rise Edge} {0.000}
    {=} {Beginpoint Arrival Time} {0.000}
  END_OTHER_ARR_CLC
  CAP_CLK_PATH
    COLUMNS {instance} {fpin} {fedge} {tpin} {tedge} {net} {cell} {delay} {incr_delay} {slew} {load} {arrival} {required} {stolen} {fanout} {pin_location}
    PORT {} {dma_clk} {^} {} {} {dma_clk} {} {} {} {0.000} {0.088} {0.000} {-6.598} {} {77} {(40.50, 87.21) } 
    NET {} {} {} {} {} {dma_clk} {} {0.000} {0.000} {0.000} {0.088} {0.000} {-6.598} {} {} {} 
  END_CAP_CLK_PATH
END_PATH 73
PATH 74
  VIEW  view_slow
  CHECK_TYPE {Setup Check}
  REF {len_s2_reg[13]} {CK}
  ENDPT {len_s2_reg[13]} {D} {DFFRX2} {^} {leading} {dma_clk} {dma_clk(C)(P)(view_slow)*}
  BEGINPT {len_s1_reg[13]} {Q} {DFFRHQX2} {^} {leading} {dma_clk} {dma_clk(D)(P)(view_slow)*}
  REQ_CLC
    {} {Other End Arrival Time} {0.000}
    {-} {Setup} {0.121}
    {+} {Phase Shift} {7.000}
    {+} {CPPR Adjustment} {0.000}
    {=} {Required Time} {6.879}
  END_REQ_CLC
  SLK_CLC
    {-} {Arrival Time} {0.280}
    {=} {Slack Time} {6.599}
  END_SLK_CLC
  SLK 6.599
  ARR_CLC
    {} {Clock Rise Edge} {0.000}
    {=} {Beginpoint Arrival Time} {0.000}
  END_ARR_CLC
  LAUNCH_CLK_PATH
    COLUMNS {instance} {fpin} {fedge} {tpin} {tedge} {net} {cell} {delay} {incr_delay} {slew} {load} {arrival} {required} {stolen} {fanout} {pin_location}
    PORT {} {dma_clk} {^} {} {} {dma_clk} {} {} {} {0.000} {0.088} {0.000} {6.599} {} {77} {(40.50, 87.21) } 
    NET {} {} {} {} {} {dma_clk} {} {0.000} {0.000} {0.000} {0.088} {0.000} {6.599} {} {} {} 
  END_LAUNCH_CLK_PATH 
  DATA_PATH 
    COLUMNS {instance} {fpin} {fedge} {tpin} {tedge} {net} {cell} {delay} {incr_delay} {slew} {load} {arrival} {required} {stolen} {fanout} {pin_location} 
    INST {len_s1_reg[13]} {CK} {^} {Q} {^} {} {DFFRHQX2} {0.280} {0.002} {0.047} {} {0.280} {6.879} {} {1} {(38.50, 52.16) (38.10, 51.97)} 
    NET {} {} {} {} {} {len_s1[13]} {} {0.000} {0.000} {0.047} {0.002} {0.280} {6.879} {} {} {} 
  END_DATA_PATH
  OTHER_ARR_CLC
    {} {Clock Rise Edge} {0.000}
    {=} {Beginpoint Arrival Time} {0.000}
  END_OTHER_ARR_CLC
  CAP_CLK_PATH
    COLUMNS {instance} {fpin} {fedge} {tpin} {tedge} {net} {cell} {delay} {incr_delay} {slew} {load} {arrival} {required} {stolen} {fanout} {pin_location}
    PORT {} {dma_clk} {^} {} {} {dma_clk} {} {} {} {0.000} {0.088} {0.000} {-6.599} {} {77} {(40.50, 87.21) } 
    NET {} {} {} {} {} {dma_clk} {} {0.000} {0.000} {0.000} {0.088} {0.000} {-6.599} {} {} {} 
  END_CAP_CLK_PATH
END_PATH 74
PATH 75
  VIEW  view_slow
  CHECK_TYPE {Setup Check}
  REF {len_s2_reg[4]} {CK}
  ENDPT {len_s2_reg[4]} {D} {DFFRX2} {^} {leading} {dma_clk} {dma_clk(C)(P)(view_slow)*}
  BEGINPT {len_s1_reg[4]} {Q} {DFFRHQX2} {^} {leading} {dma_clk} {dma_clk(D)(P)(view_slow)*}
  REQ_CLC
    {} {Other End Arrival Time} {0.000}
    {-} {Setup} {0.121}
    {+} {Phase Shift} {7.000}
    {+} {CPPR Adjustment} {0.000}
    {=} {Required Time} {6.879}
  END_REQ_CLC
  SLK_CLC
    {-} {Arrival Time} {0.280}
    {=} {Slack Time} {6.599}
  END_SLK_CLC
  SLK 6.599
  ARR_CLC
    {} {Clock Rise Edge} {0.000}
    {=} {Beginpoint Arrival Time} {0.000}
  END_ARR_CLC
  LAUNCH_CLK_PATH
    COLUMNS {instance} {fpin} {fedge} {tpin} {tedge} {net} {cell} {delay} {incr_delay} {slew} {load} {arrival} {required} {stolen} {fanout} {pin_location}
    PORT {} {dma_clk} {^} {} {} {dma_clk} {} {} {} {0.000} {0.088} {0.000} {6.599} {} {77} {(40.50, 87.21) } 
    NET {} {} {} {} {} {dma_clk} {} {0.000} {0.000} {0.000} {0.088} {0.000} {6.599} {} {} {} 
  END_LAUNCH_CLK_PATH 
  DATA_PATH 
    COLUMNS {instance} {fpin} {fedge} {tpin} {tedge} {net} {cell} {delay} {incr_delay} {slew} {load} {arrival} {required} {stolen} {fanout} {pin_location} 
    INST {len_s1_reg[4]} {CK} {^} {Q} {^} {} {DFFRHQX2} {0.280} {0.003} {0.045} {} {0.280} {6.879} {} {1} {(50.30, 52.16) (49.90, 51.97)} 
    NET {} {} {} {} {} {len_s1[4]} {} {0.000} {0.000} {0.045} {0.001} {0.280} {6.879} {} {} {} 
  END_DATA_PATH
  OTHER_ARR_CLC
    {} {Clock Rise Edge} {0.000}
    {=} {Beginpoint Arrival Time} {0.000}
  END_OTHER_ARR_CLC
  CAP_CLK_PATH
    COLUMNS {instance} {fpin} {fedge} {tpin} {tedge} {net} {cell} {delay} {incr_delay} {slew} {load} {arrival} {required} {stolen} {fanout} {pin_location}
    PORT {} {dma_clk} {^} {} {} {dma_clk} {} {} {} {0.000} {0.088} {0.000} {-6.599} {} {77} {(40.50, 87.21) } 
    NET {} {} {} {} {} {dma_clk} {} {0.000} {0.000} {0.000} {0.088} {0.000} {-6.599} {} {} {} 
  END_CAP_CLK_PATH
END_PATH 75
PATH 76
  VIEW  view_slow
  CHECK_TYPE {Setup Check}
  REF {len_s2_reg[8]} {CK}
  ENDPT {len_s2_reg[8]} {D} {DFFRX2} {^} {leading} {dma_clk} {dma_clk(C)(P)(view_slow)*}
  BEGINPT {len_s1_reg[8]} {Q} {DFFRHQX2} {^} {leading} {dma_clk} {dma_clk(D)(P)(view_slow)*}
  REQ_CLC
    {} {Other End Arrival Time} {0.000}
    {-} {Setup} {0.120}
    {+} {Phase Shift} {7.000}
    {+} {CPPR Adjustment} {0.000}
    {=} {Required Time} {6.880}
  END_REQ_CLC
  SLK_CLC
    {-} {Arrival Time} {0.280}
    {=} {Slack Time} {6.600}
  END_SLK_CLC
  SLK 6.600
  ARR_CLC
    {} {Clock Rise Edge} {0.000}
    {=} {Beginpoint Arrival Time} {0.000}
  END_ARR_CLC
  LAUNCH_CLK_PATH
    COLUMNS {instance} {fpin} {fedge} {tpin} {tedge} {net} {cell} {delay} {incr_delay} {slew} {load} {arrival} {required} {stolen} {fanout} {pin_location}
    PORT {} {dma_clk} {^} {} {} {dma_clk} {} {} {} {0.000} {0.088} {0.000} {6.600} {} {77} {(40.50, 87.21) } 
    NET {} {} {} {} {} {dma_clk} {} {0.000} {0.000} {0.000} {0.088} {0.000} {6.600} {} {} {} 
  END_LAUNCH_CLK_PATH 
  DATA_PATH 
    COLUMNS {instance} {fpin} {fedge} {tpin} {tedge} {net} {cell} {delay} {incr_delay} {slew} {load} {arrival} {required} {stolen} {fanout} {pin_location} 
    INST {len_s1_reg[8]} {CK} {^} {Q} {^} {} {DFFRHQX2} {0.280} {0.003} {0.045} {} {0.280} {6.880} {} {1} {(50.30, 53.87) (49.90, 54.05)} 
    NET {} {} {} {} {} {len_s1[8]} {} {0.000} {0.000} {0.045} {0.001} {0.280} {6.880} {} {} {} 
  END_DATA_PATH
  OTHER_ARR_CLC
    {} {Clock Rise Edge} {0.000}
    {=} {Beginpoint Arrival Time} {0.000}
  END_OTHER_ARR_CLC
  CAP_CLK_PATH
    COLUMNS {instance} {fpin} {fedge} {tpin} {tedge} {net} {cell} {delay} {incr_delay} {slew} {load} {arrival} {required} {stolen} {fanout} {pin_location}
    PORT {} {dma_clk} {^} {} {} {dma_clk} {} {} {} {0.000} {0.088} {0.000} {-6.600} {} {77} {(40.50, 87.21) } 
    NET {} {} {} {} {} {dma_clk} {} {0.000} {0.000} {0.000} {0.088} {0.000} {-6.600} {} {} {} 
  END_CAP_CLK_PATH
END_PATH 76
PATH 77
  VIEW  view_slow
  CHECK_TYPE {Setup Check}
  REF {len_s2_reg[2]} {CK}
  ENDPT {len_s2_reg[2]} {D} {DFFRX2} {^} {leading} {dma_clk} {dma_clk(C)(P)(view_slow)*}
  BEGINPT {len_s1_reg[2]} {Q} {DFFRHQX2} {^} {leading} {dma_clk} {dma_clk(D)(P)(view_slow)*}
  REQ_CLC
    {} {Other End Arrival Time} {0.000}
    {-} {Setup} {0.121}
    {+} {Phase Shift} {7.000}
    {+} {CPPR Adjustment} {0.000}
    {=} {Required Time} {6.879}
  END_REQ_CLC
  SLK_CLC
    {-} {Arrival Time} {0.279}
    {=} {Slack Time} {6.600}
  END_SLK_CLC
  SLK 6.600
  ARR_CLC
    {} {Clock Rise Edge} {0.000}
    {=} {Beginpoint Arrival Time} {0.000}
  END_ARR_CLC
  LAUNCH_CLK_PATH
    COLUMNS {instance} {fpin} {fedge} {tpin} {tedge} {net} {cell} {delay} {incr_delay} {slew} {load} {arrival} {required} {stolen} {fanout} {pin_location}
    PORT {} {dma_clk} {^} {} {} {dma_clk} {} {} {} {0.000} {0.088} {0.000} {6.600} {} {77} {(40.50, 87.21) } 
    NET {} {} {} {} {} {dma_clk} {} {0.000} {0.000} {0.000} {0.088} {0.000} {6.600} {} {} {} 
  END_LAUNCH_CLK_PATH 
  DATA_PATH 
    COLUMNS {instance} {fpin} {fedge} {tpin} {tedge} {net} {cell} {delay} {incr_delay} {slew} {load} {arrival} {required} {stolen} {fanout} {pin_location} 
    INST {len_s1_reg[2]} {CK} {^} {Q} {^} {} {DFFRHQX2} {0.278} {0.000} {0.048} {} {0.278} {6.879} {} {1} {(61.90, 53.87) (61.50, 54.05)} 
    NET {} {} {} {} {} {len_s1[2]} {} {0.000} {0.000} {0.048} {0.002} {0.279} {6.879} {} {} {} 
  END_DATA_PATH
  OTHER_ARR_CLC
    {} {Clock Rise Edge} {0.000}
    {=} {Beginpoint Arrival Time} {0.000}
  END_OTHER_ARR_CLC
  CAP_CLK_PATH
    COLUMNS {instance} {fpin} {fedge} {tpin} {tedge} {net} {cell} {delay} {incr_delay} {slew} {load} {arrival} {required} {stolen} {fanout} {pin_location}
    PORT {} {dma_clk} {^} {} {} {dma_clk} {} {} {} {0.000} {0.088} {0.000} {-6.600} {} {77} {(40.50, 87.21) } 
    NET {} {} {} {} {} {dma_clk} {} {0.000} {0.000} {0.000} {0.088} {0.000} {-6.600} {} {} {} 
  END_CAP_CLK_PATH
END_PATH 77
PATH 78
  VIEW  view_slow
  CHECK_TYPE {Setup Check}
  REF {len_s2_reg[14]} {CK}
  ENDPT {len_s2_reg[14]} {D} {DFFRX2} {^} {leading} {dma_clk} {dma_clk(C)(P)(view_slow)*}
  BEGINPT {len_s1_reg[14]} {Q} {DFFRHQX2} {^} {leading} {dma_clk} {dma_clk(D)(P)(view_slow)*}
  REQ_CLC
    {} {Other End Arrival Time} {0.000}
    {-} {Setup} {0.121}
    {+} {Phase Shift} {7.000}
    {+} {CPPR Adjustment} {0.000}
    {=} {Required Time} {6.879}
  END_REQ_CLC
  SLK_CLC
    {-} {Arrival Time} {0.279}
    {=} {Slack Time} {6.601}
  END_SLK_CLC
  SLK 6.601
  ARR_CLC
    {} {Clock Rise Edge} {0.000}
    {=} {Beginpoint Arrival Time} {0.000}
  END_ARR_CLC
  LAUNCH_CLK_PATH
    COLUMNS {instance} {fpin} {fedge} {tpin} {tedge} {net} {cell} {delay} {incr_delay} {slew} {load} {arrival} {required} {stolen} {fanout} {pin_location}
    PORT {} {dma_clk} {^} {} {} {dma_clk} {} {} {} {0.000} {0.088} {0.000} {6.601} {} {77} {(40.50, 87.21) } 
    NET {} {} {} {} {} {dma_clk} {} {0.000} {0.000} {0.000} {0.088} {0.000} {6.601} {} {} {} 
  END_LAUNCH_CLK_PATH 
  DATA_PATH 
    COLUMNS {instance} {fpin} {fedge} {tpin} {tedge} {net} {cell} {delay} {incr_delay} {slew} {load} {arrival} {required} {stolen} {fanout} {pin_location} 
    INST {len_s1_reg[14]} {CK} {^} {Q} {^} {} {DFFRHQX2} {0.279} {0.002} {0.046} {} {0.279} {6.879} {} {1} {(33.50, 57.29) (33.10, 57.48)} 
    NET {} {} {} {} {} {len_s1[14]} {} {0.000} {0.000} {0.046} {0.001} {0.279} {6.879} {} {} {} 
  END_DATA_PATH
  OTHER_ARR_CLC
    {} {Clock Rise Edge} {0.000}
    {=} {Beginpoint Arrival Time} {0.000}
  END_OTHER_ARR_CLC
  CAP_CLK_PATH
    COLUMNS {instance} {fpin} {fedge} {tpin} {tedge} {net} {cell} {delay} {incr_delay} {slew} {load} {arrival} {required} {stolen} {fanout} {pin_location}
    PORT {} {dma_clk} {^} {} {} {dma_clk} {} {} {} {0.000} {0.088} {0.000} {-6.601} {} {77} {(40.50, 87.21) } 
    NET {} {} {} {} {} {dma_clk} {} {0.000} {0.000} {0.000} {0.088} {0.000} {-6.601} {} {} {} 
  END_CAP_CLK_PATH
END_PATH 78
PATH 79
  VIEW  view_slow
  CHECK_TYPE {Setup Check}
  REF {len_s2_reg[6]} {CK}
  ENDPT {len_s2_reg[6]} {D} {DFFRX2} {^} {leading} {dma_clk} {dma_clk(C)(P)(view_slow)*}
  BEGINPT {len_s1_reg[6]} {Q} {DFFRHQX2} {^} {leading} {dma_clk} {dma_clk(D)(P)(view_slow)*}
  REQ_CLC
    {} {Other End Arrival Time} {0.000}
    {-} {Setup} {0.120}
    {+} {Phase Shift} {7.000}
    {+} {CPPR Adjustment} {0.000}
    {=} {Required Time} {6.880}
  END_REQ_CLC
  SLK_CLC
    {-} {Arrival Time} {0.279}
    {=} {Slack Time} {6.601}
  END_SLK_CLC
  SLK 6.601
  ARR_CLC
    {} {Clock Rise Edge} {0.000}
    {=} {Beginpoint Arrival Time} {0.000}
  END_ARR_CLC
  LAUNCH_CLK_PATH
    COLUMNS {instance} {fpin} {fedge} {tpin} {tedge} {net} {cell} {delay} {incr_delay} {slew} {load} {arrival} {required} {stolen} {fanout} {pin_location}
    PORT {} {dma_clk} {^} {} {} {dma_clk} {} {} {} {0.000} {0.088} {0.000} {6.601} {} {77} {(40.50, 87.21) } 
    NET {} {} {} {} {} {dma_clk} {} {0.000} {0.000} {0.000} {0.088} {0.000} {6.601} {} {} {} 
  END_LAUNCH_CLK_PATH 
  DATA_PATH 
    COLUMNS {instance} {fpin} {fedge} {tpin} {tedge} {net} {cell} {delay} {incr_delay} {slew} {load} {arrival} {required} {stolen} {fanout} {pin_location} 
    INST {len_s1_reg[6]} {CK} {^} {Q} {^} {} {DFFRHQX2} {0.279} {0.002} {0.045} {} {0.279} {6.880} {} {1} {(67.10, 59.00) (66.70, 58.80)} 
    NET {} {} {} {} {} {len_s1[6]} {} {0.000} {0.000} {0.045} {0.001} {0.279} {6.880} {} {} {} 
  END_DATA_PATH
  OTHER_ARR_CLC
    {} {Clock Rise Edge} {0.000}
    {=} {Beginpoint Arrival Time} {0.000}
  END_OTHER_ARR_CLC
  CAP_CLK_PATH
    COLUMNS {instance} {fpin} {fedge} {tpin} {tedge} {net} {cell} {delay} {incr_delay} {slew} {load} {arrival} {required} {stolen} {fanout} {pin_location}
    PORT {} {dma_clk} {^} {} {} {dma_clk} {} {} {} {0.000} {0.088} {0.000} {-6.601} {} {77} {(40.50, 87.21) } 
    NET {} {} {} {} {} {dma_clk} {} {0.000} {0.000} {0.000} {0.088} {0.000} {-6.601} {} {} {} 
  END_CAP_CLK_PATH
END_PATH 79
PATH 80
  VIEW  view_slow
  CHECK_TYPE {Setup Check}
  REF {len_s2_reg[1]} {CK}
  ENDPT {len_s2_reg[1]} {D} {DFFRX2} {^} {leading} {dma_clk} {dma_clk(C)(P)(view_slow)*}
  BEGINPT {len_s1_reg[1]} {Q} {DFFRHQX2} {^} {leading} {dma_clk} {dma_clk(D)(P)(view_slow)*}
  REQ_CLC
    {} {Other End Arrival Time} {0.000}
    {-} {Setup} {0.120}
    {+} {Phase Shift} {7.000}
    {+} {CPPR Adjustment} {0.000}
    {=} {Required Time} {6.880}
  END_REQ_CLC
  SLK_CLC
    {-} {Arrival Time} {0.279}
    {=} {Slack Time} {6.601}
  END_SLK_CLC
  SLK 6.601
  ARR_CLC
    {} {Clock Rise Edge} {0.000}
    {=} {Beginpoint Arrival Time} {0.000}
  END_ARR_CLC
  LAUNCH_CLK_PATH
    COLUMNS {instance} {fpin} {fedge} {tpin} {tedge} {net} {cell} {delay} {incr_delay} {slew} {load} {arrival} {required} {stolen} {fanout} {pin_location}
    PORT {} {dma_clk} {^} {} {} {dma_clk} {} {} {} {0.000} {0.088} {0.000} {6.601} {} {77} {(40.50, 87.21) } 
    NET {} {} {} {} {} {dma_clk} {} {0.000} {0.000} {0.000} {0.088} {0.000} {6.601} {} {} {} 
  END_LAUNCH_CLK_PATH 
  DATA_PATH 
    COLUMNS {instance} {fpin} {fedge} {tpin} {tedge} {net} {cell} {delay} {incr_delay} {slew} {load} {arrival} {required} {stolen} {fanout} {pin_location} 
    INST {len_s1_reg[1]} {CK} {^} {Q} {^} {} {DFFRHQX2} {0.278} {0.002} {0.045} {} {0.279} {6.880} {} {1} {(56.30, 50.45) (55.90, 50.63)} 
    NET {} {} {} {} {} {len_s1[1]} {} {0.000} {0.000} {0.045} {0.001} {0.279} {6.880} {} {} {} 
  END_DATA_PATH
  OTHER_ARR_CLC
    {} {Clock Rise Edge} {0.000}
    {=} {Beginpoint Arrival Time} {0.000}
  END_OTHER_ARR_CLC
  CAP_CLK_PATH
    COLUMNS {instance} {fpin} {fedge} {tpin} {tedge} {net} {cell} {delay} {incr_delay} {slew} {load} {arrival} {required} {stolen} {fanout} {pin_location}
    PORT {} {dma_clk} {^} {} {} {dma_clk} {} {} {} {0.000} {0.088} {0.000} {-6.601} {} {77} {(40.50, 87.21) } 
    NET {} {} {} {} {} {dma_clk} {} {0.000} {0.000} {0.000} {0.088} {0.000} {-6.601} {} {} {} 
  END_CAP_CLK_PATH
END_PATH 80
PATH 81
  VIEW  view_slow
  CHECK_TYPE {Setup Check}
  REF {u_fifo_wgray_s2_reg[0]} {CK}
  ENDPT {u_fifo_wgray_s2_reg[0]} {D} {DFFRX2} {^} {leading} {dma_clk} {dma_clk(C)(P)(view_slow)*}
  BEGINPT {u_fifo_wgray_s1_reg[0]} {Q} {DFFRHQX2} {^} {leading} {dma_clk} {dma_clk(D)(P)(view_slow)*}
  REQ_CLC
    {} {Other End Arrival Time} {0.000}
    {-} {Setup} {0.120}
    {+} {Phase Shift} {7.000}
    {+} {CPPR Adjustment} {0.000}
    {=} {Required Time} {6.880}
  END_REQ_CLC
  SLK_CLC
    {-} {Arrival Time} {0.278}
    {=} {Slack Time} {6.602}
  END_SLK_CLC
  SLK 6.602
  ARR_CLC
    {} {Clock Rise Edge} {0.000}
    {=} {Beginpoint Arrival Time} {0.000}
  END_ARR_CLC
  LAUNCH_CLK_PATH
    COLUMNS {instance} {fpin} {fedge} {tpin} {tedge} {net} {cell} {delay} {incr_delay} {slew} {load} {arrival} {required} {stolen} {fanout} {pin_location}
    PORT {} {dma_clk} {^} {} {} {dma_clk} {} {} {} {0.000} {0.088} {0.000} {6.602} {} {77} {(40.50, 87.21) } 
    NET {} {} {} {} {} {dma_clk} {} {0.000} {0.000} {0.000} {0.088} {0.000} {6.602} {} {} {} 
  END_LAUNCH_CLK_PATH 
  DATA_PATH 
    COLUMNS {instance} {fpin} {fedge} {tpin} {tedge} {net} {cell} {delay} {incr_delay} {slew} {load} {arrival} {required} {stolen} {fanout} {pin_location} 
    INST {u_fifo_wgray_s1_reg[0]} {CK} {^} {Q} {^} {} {DFFRHQX2} {0.278} {0.002} {0.044} {} {0.278} {6.880} {} {1} {(10.50, 55.58) (10.10, 55.38)} 
    NET {} {} {} {} {} {u_fifo_wgray_s1[0]} {} {0.000} {0.000} {0.044} {0.001} {0.278} {6.880} {} {} {} 
  END_DATA_PATH
  OTHER_ARR_CLC
    {} {Clock Rise Edge} {0.000}
    {=} {Beginpoint Arrival Time} {0.000}
  END_OTHER_ARR_CLC
  CAP_CLK_PATH
    COLUMNS {instance} {fpin} {fedge} {tpin} {tedge} {net} {cell} {delay} {incr_delay} {slew} {load} {arrival} {required} {stolen} {fanout} {pin_location}
    PORT {} {dma_clk} {^} {} {} {dma_clk} {} {} {} {0.000} {0.088} {0.000} {-6.602} {} {77} {(40.50, 87.21) } 
    NET {} {} {} {} {} {dma_clk} {} {0.000} {0.000} {0.000} {0.088} {0.000} {-6.602} {} {} {} 
  END_CAP_CLK_PATH
END_PATH 81
PATH 82
  VIEW  view_slow
  CHECK_TYPE {Setup Check}
  REF {len_s2_reg[3]} {CK}
  ENDPT {len_s2_reg[3]} {D} {DFFRX2} {^} {leading} {dma_clk} {dma_clk(C)(P)(view_slow)*}
  BEGINPT {len_s1_reg[3]} {Q} {DFFRHQX2} {^} {leading} {dma_clk} {dma_clk(D)(P)(view_slow)*}
  REQ_CLC
    {} {Other End Arrival Time} {0.000}
    {-} {Setup} {0.120}
    {+} {Phase Shift} {7.000}
    {+} {CPPR Adjustment} {0.000}
    {=} {Required Time} {6.880}
  END_REQ_CLC
  SLK_CLC
    {-} {Arrival Time} {0.277}
    {=} {Slack Time} {6.603}
  END_SLK_CLC
  SLK 6.603
  ARR_CLC
    {} {Clock Rise Edge} {0.000}
    {=} {Beginpoint Arrival Time} {0.000}
  END_ARR_CLC
  LAUNCH_CLK_PATH
    COLUMNS {instance} {fpin} {fedge} {tpin} {tedge} {net} {cell} {delay} {incr_delay} {slew} {load} {arrival} {required} {stolen} {fanout} {pin_location}
    PORT {} {dma_clk} {^} {} {} {dma_clk} {} {} {} {0.000} {0.088} {0.000} {6.603} {} {77} {(40.50, 87.21) } 
    NET {} {} {} {} {} {dma_clk} {} {0.000} {0.000} {0.000} {0.088} {0.000} {6.603} {} {} {} 
  END_LAUNCH_CLK_PATH 
  DATA_PATH 
    COLUMNS {instance} {fpin} {fedge} {tpin} {tedge} {net} {cell} {delay} {incr_delay} {slew} {load} {arrival} {required} {stolen} {fanout} {pin_location} 
    INST {len_s1_reg[3]} {CK} {^} {Q} {^} {} {DFFRHQX2} {0.277} {0.000} {0.045} {} {0.277} {6.880} {} {1} {(61.90, 55.58) (61.50, 55.38)} 
    NET {} {} {} {} {} {len_s1[3]} {} {0.000} {0.000} {0.045} {0.001} {0.277} {6.880} {} {} {} 
  END_DATA_PATH
  OTHER_ARR_CLC
    {} {Clock Rise Edge} {0.000}
    {=} {Beginpoint Arrival Time} {0.000}
  END_OTHER_ARR_CLC
  CAP_CLK_PATH
    COLUMNS {instance} {fpin} {fedge} {tpin} {tedge} {net} {cell} {delay} {incr_delay} {slew} {load} {arrival} {required} {stolen} {fanout} {pin_location}
    PORT {} {dma_clk} {^} {} {} {dma_clk} {} {} {} {0.000} {0.088} {0.000} {-6.603} {} {77} {(40.50, 87.21) } 
    NET {} {} {} {} {} {dma_clk} {} {0.000} {0.000} {0.000} {0.088} {0.000} {-6.603} {} {} {} 
  END_CAP_CLK_PATH
END_PATH 82
PATH 83
  VIEW  view_slow
  CHECK_TYPE {Setup Check}
  REF {len_s2_reg[11]} {CK}
  ENDPT {len_s2_reg[11]} {D} {DFFRX2} {^} {leading} {dma_clk} {dma_clk(C)(P)(view_slow)*}
  BEGINPT {len_s1_reg[11]} {Q} {DFFRHQX2} {^} {leading} {dma_clk} {dma_clk(D)(P)(view_slow)*}
  REQ_CLC
    {} {Other End Arrival Time} {0.000}
    {-} {Setup} {0.120}
    {+} {Phase Shift} {7.000}
    {+} {CPPR Adjustment} {0.000}
    {=} {Required Time} {6.880}
  END_REQ_CLC
  SLK_CLC
    {-} {Arrival Time} {0.277}
    {=} {Slack Time} {6.603}
  END_SLK_CLC
  SLK 6.603
  ARR_CLC
    {} {Clock Rise Edge} {0.000}
    {=} {Beginpoint Arrival Time} {0.000}
  END_ARR_CLC
  LAUNCH_CLK_PATH
    COLUMNS {instance} {fpin} {fedge} {tpin} {tedge} {net} {cell} {delay} {incr_delay} {slew} {load} {arrival} {required} {stolen} {fanout} {pin_location}
    PORT {} {dma_clk} {^} {} {} {dma_clk} {} {} {} {0.000} {0.088} {0.000} {6.603} {} {77} {(40.50, 87.21) } 
    NET {} {} {} {} {} {dma_clk} {} {0.000} {0.000} {0.000} {0.088} {0.000} {6.603} {} {} {} 
  END_LAUNCH_CLK_PATH 
  DATA_PATH 
    COLUMNS {instance} {fpin} {fedge} {tpin} {tedge} {net} {cell} {delay} {incr_delay} {slew} {load} {arrival} {required} {stolen} {fanout} {pin_location} 
    INST {len_s1_reg[11]} {CK} {^} {Q} {^} {} {DFFRHQX2} {0.277} {0.000} {0.045} {} {0.277} {6.880} {} {1} {(44.10, 50.45) (43.70, 50.63)} 
    NET {} {} {} {} {} {len_s1[11]} {} {0.000} {0.000} {0.045} {0.001} {0.277} {6.880} {} {} {} 
  END_DATA_PATH
  OTHER_ARR_CLC
    {} {Clock Rise Edge} {0.000}
    {=} {Beginpoint Arrival Time} {0.000}
  END_OTHER_ARR_CLC
  CAP_CLK_PATH
    COLUMNS {instance} {fpin} {fedge} {tpin} {tedge} {net} {cell} {delay} {incr_delay} {slew} {load} {arrival} {required} {stolen} {fanout} {pin_location}
    PORT {} {dma_clk} {^} {} {} {dma_clk} {} {} {} {0.000} {0.088} {0.000} {-6.603} {} {77} {(40.50, 87.21) } 
    NET {} {} {} {} {} {dma_clk} {} {0.000} {0.000} {0.000} {0.088} {0.000} {-6.603} {} {} {} 
  END_CAP_CLK_PATH
END_PATH 83
PATH 84
  VIEW  view_slow
  CHECK_TYPE {Setup Check}
  REF {len_s2_reg[5]} {CK}
  ENDPT {len_s2_reg[5]} {D} {DFFRX2} {^} {leading} {dma_clk} {dma_clk(C)(P)(view_slow)*}
  BEGINPT {len_s1_reg[5]} {Q} {DFFRHQX2} {^} {leading} {dma_clk} {dma_clk(D)(P)(view_slow)*}
  REQ_CLC
    {} {Other End Arrival Time} {0.000}
    {-} {Setup} {0.120}
    {+} {Phase Shift} {7.000}
    {+} {CPPR Adjustment} {0.000}
    {=} {Required Time} {6.880}
  END_REQ_CLC
  SLK_CLC
    {-} {Arrival Time} {0.276}
    {=} {Slack Time} {6.604}
  END_SLK_CLC
  SLK 6.604
  ARR_CLC
    {} {Clock Rise Edge} {0.000}
    {=} {Beginpoint Arrival Time} {0.000}
  END_ARR_CLC
  LAUNCH_CLK_PATH
    COLUMNS {instance} {fpin} {fedge} {tpin} {tedge} {net} {cell} {delay} {incr_delay} {slew} {load} {arrival} {required} {stolen} {fanout} {pin_location}
    PORT {} {dma_clk} {^} {} {} {dma_clk} {} {} {} {0.000} {0.088} {0.000} {6.604} {} {77} {(40.50, 87.21) } 
    NET {} {} {} {} {} {dma_clk} {} {0.000} {0.000} {0.000} {0.088} {0.000} {6.604} {} {} {} 
  END_LAUNCH_CLK_PATH 
  DATA_PATH 
    COLUMNS {instance} {fpin} {fedge} {tpin} {tedge} {net} {cell} {delay} {incr_delay} {slew} {load} {arrival} {required} {stolen} {fanout} {pin_location} 
    INST {len_s1_reg[5]} {CK} {^} {Q} {^} {} {DFFRHQX2} {0.276} {0.000} {0.043} {} {0.276} {6.880} {} {1} {(67.10, 57.29) (66.70, 57.48)} 
    NET {} {} {} {} {} {len_s1[5]} {} {0.000} {0.000} {0.043} {0.001} {0.276} {6.880} {} {} {} 
  END_DATA_PATH
  OTHER_ARR_CLC
    {} {Clock Rise Edge} {0.000}
    {=} {Beginpoint Arrival Time} {0.000}
  END_OTHER_ARR_CLC
  CAP_CLK_PATH
    COLUMNS {instance} {fpin} {fedge} {tpin} {tedge} {net} {cell} {delay} {incr_delay} {slew} {load} {arrival} {required} {stolen} {fanout} {pin_location}
    PORT {} {dma_clk} {^} {} {} {dma_clk} {} {} {} {0.000} {0.088} {0.000} {-6.604} {} {77} {(40.50, 87.21) } 
    NET {} {} {} {} {} {dma_clk} {} {0.000} {0.000} {0.000} {0.088} {0.000} {-6.604} {} {} {} 
  END_CAP_CLK_PATH
END_PATH 84
PATH 85
  VIEW  view_slow
  CHECK_TYPE {Setup Check}
  REF {u_fifo_wgray_s2_reg[3]} {CK}
  ENDPT {u_fifo_wgray_s2_reg[3]} {D} {DFFRX2} {^} {leading} {dma_clk} {dma_clk(C)(P)(view_slow)*}
  BEGINPT {u_fifo_wgray_s1_reg[3]} {Q} {DFFRHQX2} {^} {leading} {dma_clk} {dma_clk(D)(P)(view_slow)*}
  REQ_CLC
    {} {Other End Arrival Time} {0.000}
    {-} {Setup} {0.120}
    {+} {Phase Shift} {7.000}
    {+} {CPPR Adjustment} {0.000}
    {=} {Required Time} {6.880}
  END_REQ_CLC
  SLK_CLC
    {-} {Arrival Time} {0.275}
    {=} {Slack Time} {6.605}
  END_SLK_CLC
  SLK 6.605
  ARR_CLC
    {} {Clock Rise Edge} {0.000}
    {=} {Beginpoint Arrival Time} {0.000}
  END_ARR_CLC
  LAUNCH_CLK_PATH
    COLUMNS {instance} {fpin} {fedge} {tpin} {tedge} {net} {cell} {delay} {incr_delay} {slew} {load} {arrival} {required} {stolen} {fanout} {pin_location}
    PORT {} {dma_clk} {^} {} {} {dma_clk} {} {} {} {0.000} {0.088} {0.000} {6.605} {} {77} {(40.50, 87.21) } 
    NET {} {} {} {} {} {dma_clk} {} {0.000} {0.000} {0.000} {0.088} {0.000} {6.605} {} {} {} 
  END_LAUNCH_CLK_PATH 
  DATA_PATH 
    COLUMNS {instance} {fpin} {fedge} {tpin} {tedge} {net} {cell} {delay} {incr_delay} {slew} {load} {arrival} {required} {stolen} {fanout} {pin_location} 
    INST {u_fifo_wgray_s1_reg[3]} {CK} {^} {Q} {^} {} {DFFRHQX2} {0.275} {0.000} {0.042} {} {0.275} {6.880} {} {1} {(21.10, 53.87) (20.70, 54.05)} 
    NET {} {} {} {} {} {u_fifo_wgray_s1[3]} {} {0.000} {0.000} {0.042} {0.001} {0.275} {6.880} {} {} {} 
  END_DATA_PATH
  OTHER_ARR_CLC
    {} {Clock Rise Edge} {0.000}
    {=} {Beginpoint Arrival Time} {0.000}
  END_OTHER_ARR_CLC
  CAP_CLK_PATH
    COLUMNS {instance} {fpin} {fedge} {tpin} {tedge} {net} {cell} {delay} {incr_delay} {slew} {load} {arrival} {required} {stolen} {fanout} {pin_location}
    PORT {} {dma_clk} {^} {} {} {dma_clk} {} {} {} {0.000} {0.088} {0.000} {-6.605} {} {77} {(40.50, 87.21) } 
    NET {} {} {} {} {} {dma_clk} {} {0.000} {0.000} {0.000} {0.088} {0.000} {-6.605} {} {} {} 
  END_CAP_CLK_PATH
END_PATH 85
PATH 86
  VIEW  view_slow
  CHECK_TYPE {Setup Check}
  REF {len_s2_reg[10]} {CK}
  ENDPT {len_s2_reg[10]} {D} {DFFRX2} {^} {leading} {dma_clk} {dma_clk(C)(P)(view_slow)*}
  BEGINPT {len_s1_reg[10]} {Q} {DFFRHQX2} {^} {leading} {dma_clk} {dma_clk(D)(P)(view_slow)*}
  REQ_CLC
    {} {Other End Arrival Time} {0.000}
    {-} {Setup} {0.120}
    {+} {Phase Shift} {7.000}
    {+} {CPPR Adjustment} {0.000}
    {=} {Required Time} {6.880}
  END_REQ_CLC
  SLK_CLC
    {-} {Arrival Time} {0.275}
    {=} {Slack Time} {6.605}
  END_SLK_CLC
  SLK 6.605
  ARR_CLC
    {} {Clock Rise Edge} {0.000}
    {=} {Beginpoint Arrival Time} {0.000}
  END_ARR_CLC
  LAUNCH_CLK_PATH
    COLUMNS {instance} {fpin} {fedge} {tpin} {tedge} {net} {cell} {delay} {incr_delay} {slew} {load} {arrival} {required} {stolen} {fanout} {pin_location}
    PORT {} {dma_clk} {^} {} {} {dma_clk} {} {} {} {0.000} {0.088} {0.000} {6.605} {} {77} {(40.50, 87.21) } 
    NET {} {} {} {} {} {dma_clk} {} {0.000} {0.000} {0.000} {0.088} {0.000} {6.605} {} {} {} 
  END_LAUNCH_CLK_PATH 
  DATA_PATH 
    COLUMNS {instance} {fpin} {fedge} {tpin} {tedge} {net} {cell} {delay} {incr_delay} {slew} {load} {arrival} {required} {stolen} {fanout} {pin_location} 
    INST {len_s1_reg[10]} {CK} {^} {Q} {^} {} {DFFRHQX2} {0.275} {0.000} {0.042} {} {0.275} {6.880} {} {1} {(44.50, 52.16) (44.10, 51.97)} 
    NET {} {} {} {} {} {len_s1[10]} {} {0.000} {0.000} {0.042} {0.001} {0.275} {6.880} {} {} {} 
  END_DATA_PATH
  OTHER_ARR_CLC
    {} {Clock Rise Edge} {0.000}
    {=} {Beginpoint Arrival Time} {0.000}
  END_OTHER_ARR_CLC
  CAP_CLK_PATH
    COLUMNS {instance} {fpin} {fedge} {tpin} {tedge} {net} {cell} {delay} {incr_delay} {slew} {load} {arrival} {required} {stolen} {fanout} {pin_location}
    PORT {} {dma_clk} {^} {} {} {dma_clk} {} {} {} {0.000} {0.088} {0.000} {-6.605} {} {77} {(40.50, 87.21) } 
    NET {} {} {} {} {} {dma_clk} {} {0.000} {0.000} {0.000} {0.088} {0.000} {-6.605} {} {} {} 
  END_CAP_CLK_PATH
END_PATH 86
PATH 87
  VIEW  view_slow
  CHECK_TYPE {Setup Check}
  REF {len_s2_reg[12]} {CK}
  ENDPT {len_s2_reg[12]} {D} {DFFRX2} {^} {leading} {dma_clk} {dma_clk(C)(P)(view_slow)*}
  BEGINPT {len_s1_reg[12]} {Q} {DFFRHQX2} {^} {leading} {dma_clk} {dma_clk(D)(P)(view_slow)*}
  REQ_CLC
    {} {Other End Arrival Time} {0.000}
    {-} {Setup} {0.120}
    {+} {Phase Shift} {7.000}
    {+} {CPPR Adjustment} {0.000}
    {=} {Required Time} {6.880}
  END_REQ_CLC
  SLK_CLC
    {-} {Arrival Time} {0.275}
    {=} {Slack Time} {6.605}
  END_SLK_CLC
  SLK 6.605
  ARR_CLC
    {} {Clock Rise Edge} {0.000}
    {=} {Beginpoint Arrival Time} {0.000}
  END_ARR_CLC
  LAUNCH_CLK_PATH
    COLUMNS {instance} {fpin} {fedge} {tpin} {tedge} {net} {cell} {delay} {incr_delay} {slew} {load} {arrival} {required} {stolen} {fanout} {pin_location}
    PORT {} {dma_clk} {^} {} {} {dma_clk} {} {} {} {0.000} {0.088} {0.000} {6.605} {} {77} {(40.50, 87.21) } 
    NET {} {} {} {} {} {dma_clk} {} {0.000} {0.000} {0.000} {0.088} {0.000} {6.605} {} {} {} 
  END_LAUNCH_CLK_PATH 
  DATA_PATH 
    COLUMNS {instance} {fpin} {fedge} {tpin} {tedge} {net} {cell} {delay} {incr_delay} {slew} {load} {arrival} {required} {stolen} {fanout} {pin_location} 
    INST {len_s1_reg[12]} {CK} {^} {Q} {^} {} {DFFRHQX2} {0.275} {0.000} {0.042} {} {0.275} {6.880} {} {1} {(38.50, 55.58) (38.10, 55.38)} 
    NET {} {} {} {} {} {len_s1[12]} {} {0.000} {0.000} {0.042} {0.001} {0.275} {6.880} {} {} {} 
  END_DATA_PATH
  OTHER_ARR_CLC
    {} {Clock Rise Edge} {0.000}
    {=} {Beginpoint Arrival Time} {0.000}
  END_OTHER_ARR_CLC
  CAP_CLK_PATH
    COLUMNS {instance} {fpin} {fedge} {tpin} {tedge} {net} {cell} {delay} {incr_delay} {slew} {load} {arrival} {required} {stolen} {fanout} {pin_location}
    PORT {} {dma_clk} {^} {} {} {dma_clk} {} {} {} {0.000} {0.088} {0.000} {-6.605} {} {77} {(40.50, 87.21) } 
    NET {} {} {} {} {} {dma_clk} {} {0.000} {0.000} {0.000} {0.088} {0.000} {-6.605} {} {} {} 
  END_CAP_CLK_PATH
END_PATH 87
PATH 88
  VIEW  view_slow
  CHECK_TYPE {Setup Check}
  REF {stog_s2_reg} {CK}
  ENDPT {stog_s2_reg} {D} {DFFRX2} {^} {leading} {dma_clk} {dma_clk(C)(P)(view_slow)*}
  BEGINPT {stog_s1_reg} {Q} {DFFRHQX2} {^} {leading} {dma_clk} {dma_clk(D)(P)(view_slow)*}
  REQ_CLC
    {} {Other End Arrival Time} {0.000}
    {-} {Setup} {0.120}
    {+} {Phase Shift} {7.000}
    {+} {CPPR Adjustment} {0.000}
    {=} {Required Time} {6.880}
  END_REQ_CLC
  SLK_CLC
    {-} {Arrival Time} {0.275}
    {=} {Slack Time} {6.605}
  END_SLK_CLC
  SLK 6.605
  ARR_CLC
    {} {Clock Rise Edge} {0.000}
    {=} {Beginpoint Arrival Time} {0.000}
  END_ARR_CLC
  LAUNCH_CLK_PATH
    COLUMNS {instance} {fpin} {fedge} {tpin} {tedge} {net} {cell} {delay} {incr_delay} {slew} {load} {arrival} {required} {stolen} {fanout} {pin_location}
    PORT {} {dma_clk} {^} {} {} {dma_clk} {} {} {} {0.000} {0.088} {0.000} {6.605} {} {77} {(40.50, 87.21) } 
    NET {} {} {} {} {} {dma_clk} {} {0.000} {0.000} {0.000} {0.088} {0.000} {6.605} {} {} {} 
  END_LAUNCH_CLK_PATH 
  DATA_PATH 
    COLUMNS {instance} {fpin} {fedge} {tpin} {tedge} {net} {cell} {delay} {incr_delay} {slew} {load} {arrival} {required} {stolen} {fanout} {pin_location} 
    INST {stog_s1_reg} {CK} {^} {Q} {^} {} {DFFRHQX2} {0.275} {0.000} {0.042} {} {0.275} {6.880} {} {1} {(31.50, 59.00) (31.10, 58.80)} 
    NET {} {} {} {} {} {stog_s1} {} {0.000} {0.000} {0.042} {0.001} {0.275} {6.880} {} {} {} 
  END_DATA_PATH
  OTHER_ARR_CLC
    {} {Clock Rise Edge} {0.000}
    {=} {Beginpoint Arrival Time} {0.000}
  END_OTHER_ARR_CLC
  CAP_CLK_PATH
    COLUMNS {instance} {fpin} {fedge} {tpin} {tedge} {net} {cell} {delay} {incr_delay} {slew} {load} {arrival} {required} {stolen} {fanout} {pin_location}
    PORT {} {dma_clk} {^} {} {} {dma_clk} {} {} {} {0.000} {0.088} {0.000} {-6.605} {} {77} {(40.50, 87.21) } 
    NET {} {} {} {} {} {dma_clk} {} {0.000} {0.000} {0.000} {0.088} {0.000} {-6.605} {} {} {} 
  END_CAP_CLK_PATH
END_PATH 88
PATH 89
  VIEW  view_slow
  CHECK_TYPE {Setup Check}
  REF {u_fifo_wgray_s2_reg[1]} {CK}
  ENDPT {u_fifo_wgray_s2_reg[1]} {D} {DFFRHQX2} {^} {leading} {dma_clk} {dma_clk(C)(P)(view_slow)*}
  BEGINPT {u_fifo_wgray_s1_reg[1]} {Q} {DFFRHQX2} {^} {leading} {dma_clk} {dma_clk(D)(P)(view_slow)*}
  REQ_CLC
    {} {Other End Arrival Time} {0.000}
    {-} {Setup} {0.111}
    {+} {Phase Shift} {7.000}
    {+} {CPPR Adjustment} {0.000}
    {=} {Required Time} {6.889}
  END_REQ_CLC
  SLK_CLC
    {-} {Arrival Time} {0.282}
    {=} {Slack Time} {6.608}
  END_SLK_CLC
  SLK 6.608
  ARR_CLC
    {} {Clock Rise Edge} {0.000}
    {=} {Beginpoint Arrival Time} {0.000}
  END_ARR_CLC
  LAUNCH_CLK_PATH
    COLUMNS {instance} {fpin} {fedge} {tpin} {tedge} {net} {cell} {delay} {incr_delay} {slew} {load} {arrival} {required} {stolen} {fanout} {pin_location}
    PORT {} {dma_clk} {^} {} {} {dma_clk} {} {} {} {0.000} {0.088} {0.000} {6.608} {} {77} {(40.50, 87.21) } 
    NET {} {} {} {} {} {dma_clk} {} {0.000} {0.000} {0.000} {0.088} {0.000} {6.608} {} {} {} 
  END_LAUNCH_CLK_PATH 
  DATA_PATH 
    COLUMNS {instance} {fpin} {fedge} {tpin} {tedge} {net} {cell} {delay} {incr_delay} {slew} {load} {arrival} {required} {stolen} {fanout} {pin_location} 
    INST {u_fifo_wgray_s1_reg[1]} {CK} {^} {Q} {^} {} {DFFRHQX2} {0.282} {0.000} {0.054} {} {0.282} {6.889} {} {1} {(15.70, 53.87) (15.30, 54.05)} 
    NET {} {} {} {} {} {u_fifo_wgray_s1[1]} {} {0.000} {0.000} {0.054} {0.003} {0.282} {6.889} {} {} {} 
  END_DATA_PATH
  OTHER_ARR_CLC
    {} {Clock Rise Edge} {0.000}
    {=} {Beginpoint Arrival Time} {0.000}
  END_OTHER_ARR_CLC
  CAP_CLK_PATH
    COLUMNS {instance} {fpin} {fedge} {tpin} {tedge} {net} {cell} {delay} {incr_delay} {slew} {load} {arrival} {required} {stolen} {fanout} {pin_location}
    PORT {} {dma_clk} {^} {} {} {dma_clk} {} {} {} {0.000} {0.088} {0.000} {-6.608} {} {77} {(40.50, 87.21) } 
    NET {} {} {} {} {} {dma_clk} {} {0.000} {0.000} {0.000} {0.088} {0.000} {-6.608} {} {} {} 
  END_CAP_CLK_PATH
END_PATH 89
PATH 90
  VIEW  view_slow
  CHECK_TYPE {Setup Check}
  REF {u_fifo_wgray_s2_reg[4]} {CK}
  ENDPT {u_fifo_wgray_s2_reg[4]} {D} {DFFRHQX2} {^} {leading} {dma_clk} {dma_clk(C)(P)(view_slow)*}
  BEGINPT {u_fifo_wgray_s1_reg[4]} {Q} {DFFRHQX2} {^} {leading} {dma_clk} {dma_clk(D)(P)(view_slow)*}
  REQ_CLC
    {} {Other End Arrival Time} {0.000}
    {-} {Setup} {0.110}
    {+} {Phase Shift} {7.000}
    {+} {CPPR Adjustment} {0.000}
    {=} {Required Time} {6.890}
  END_REQ_CLC
  SLK_CLC
    {-} {Arrival Time} {0.280}
    {=} {Slack Time} {6.610}
  END_SLK_CLC
  SLK 6.610
  ARR_CLC
    {} {Clock Rise Edge} {0.000}
    {=} {Beginpoint Arrival Time} {0.000}
  END_ARR_CLC
  LAUNCH_CLK_PATH
    COLUMNS {instance} {fpin} {fedge} {tpin} {tedge} {net} {cell} {delay} {incr_delay} {slew} {load} {arrival} {required} {stolen} {fanout} {pin_location}
    PORT {} {dma_clk} {^} {} {} {dma_clk} {} {} {} {0.000} {0.088} {0.000} {6.610} {} {77} {(40.50, 87.21) } 
    NET {} {} {} {} {} {dma_clk} {} {0.000} {0.000} {0.000} {0.088} {0.000} {6.610} {} {} {} 
  END_LAUNCH_CLK_PATH 
  DATA_PATH 
    COLUMNS {instance} {fpin} {fedge} {tpin} {tedge} {net} {cell} {delay} {incr_delay} {slew} {load} {arrival} {required} {stolen} {fanout} {pin_location} 
    INST {u_fifo_wgray_s1_reg[4]} {CK} {^} {Q} {^} {} {DFFRHQX2} {0.280} {0.000} {0.052} {} {0.280} {6.890} {} {1} {(26.90, 55.58) (26.50, 55.38)} 
    NET {} {} {} {} {} {u_fifo_wgray_s1[4]} {} {0.000} {0.000} {0.052} {0.002} {0.280} {6.890} {} {} {} 
  END_DATA_PATH
  OTHER_ARR_CLC
    {} {Clock Rise Edge} {0.000}
    {=} {Beginpoint Arrival Time} {0.000}
  END_OTHER_ARR_CLC
  CAP_CLK_PATH
    COLUMNS {instance} {fpin} {fedge} {tpin} {tedge} {net} {cell} {delay} {incr_delay} {slew} {load} {arrival} {required} {stolen} {fanout} {pin_location}
    PORT {} {dma_clk} {^} {} {} {dma_clk} {} {} {} {0.000} {0.088} {0.000} {-6.610} {} {77} {(40.50, 87.21) } 
    NET {} {} {} {} {} {dma_clk} {} {0.000} {0.000} {0.000} {0.088} {0.000} {-6.610} {} {} {} 
  END_CAP_CLK_PATH
END_PATH 90
PATH 91
  VIEW  view_slow
  CHECK_TYPE {Setup Check}
  REF {u_fifo_wgray_s2_reg[2]} {CK}
  ENDPT {u_fifo_wgray_s2_reg[2]} {D} {DFFRHQX2} {^} {leading} {dma_clk} {dma_clk(C)(P)(view_slow)*}
  BEGINPT {u_fifo_wgray_s1_reg[2]} {Q} {DFFRHQX2} {^} {leading} {dma_clk} {dma_clk(D)(P)(view_slow)*}
  REQ_CLC
    {} {Other End Arrival Time} {0.000}
    {-} {Setup} {0.109}
    {+} {Phase Shift} {7.000}
    {+} {CPPR Adjustment} {0.000}
    {=} {Required Time} {6.891}
  END_REQ_CLC
  SLK_CLC
    {-} {Arrival Time} {0.280}
    {=} {Slack Time} {6.611}
  END_SLK_CLC
  SLK 6.611
  ARR_CLC
    {} {Clock Rise Edge} {0.000}
    {=} {Beginpoint Arrival Time} {0.000}
  END_ARR_CLC
  LAUNCH_CLK_PATH
    COLUMNS {instance} {fpin} {fedge} {tpin} {tedge} {net} {cell} {delay} {incr_delay} {slew} {load} {arrival} {required} {stolen} {fanout} {pin_location}
    PORT {} {dma_clk} {^} {} {} {dma_clk} {} {} {} {0.000} {0.088} {0.000} {6.611} {} {77} {(40.50, 87.21) } 
    NET {} {} {} {} {} {dma_clk} {} {0.000} {0.000} {0.000} {0.088} {0.000} {6.611} {} {} {} 
  END_LAUNCH_CLK_PATH 
  DATA_PATH 
    COLUMNS {instance} {fpin} {fedge} {tpin} {tedge} {net} {cell} {delay} {incr_delay} {slew} {load} {arrival} {required} {stolen} {fanout} {pin_location} 
    INST {u_fifo_wgray_s1_reg[2]} {CK} {^} {Q} {^} {} {DFFRHQX2} {0.279} {0.000} {0.050} {} {0.279} {6.890} {} {1} {(10.50, 53.87) (10.10, 54.05)} 
    NET {} {} {} {} {} {u_fifo_wgray_s1[2]} {} {0.000} {0.000} {0.050} {0.002} {0.280} {6.891} {} {} {} 
  END_DATA_PATH
  OTHER_ARR_CLC
    {} {Clock Rise Edge} {0.000}
    {=} {Beginpoint Arrival Time} {0.000}
  END_OTHER_ARR_CLC
  CAP_CLK_PATH
    COLUMNS {instance} {fpin} {fedge} {tpin} {tedge} {net} {cell} {delay} {incr_delay} {slew} {load} {arrival} {required} {stolen} {fanout} {pin_location}
    PORT {} {dma_clk} {^} {} {} {dma_clk} {} {} {} {0.000} {0.088} {0.000} {-6.611} {} {77} {(40.50, 87.21) } 
    NET {} {} {} {} {} {dma_clk} {} {0.000} {0.000} {0.000} {0.088} {0.000} {-6.611} {} {} {} 
  END_CAP_CLK_PATH
END_PATH 91
PATH 92
  VIEW  view_slow
  CHECK_TYPE {Late External Delay Assertion}
  REF {} {}
  ENDPT {} {s_axi_arready} {} {^} {leading} {axi_clk} {axi_clk(C)(P)(view_slow)*}
  BEGINPT {u_regs_s_axi_arready_reg} {Q} {DFFRX2} {^} {leading} {axi_clk} {axi_clk(D)(P)(view_slow)*}
  REQ_CLC
    {} {Other End Arrival Time} {0.000}
    {-} {External Delay} {2.000}
    {+} {Phase Shift} {10.000}
    {+} {CPPR Adjustment} {0.000}
    {=} {Required Time} {8.000}
  END_REQ_CLC
  SLK_CLC
    {-} {Arrival Time} {0.425}
    {=} {Slack Time} {7.575}
  END_SLK_CLC
  SLK 7.575
  ARR_CLC
    {} {Clock Rise Edge} {0.000}
    {+} {Source Insertion Delay} {-0.088}
    {=} {Beginpoint Arrival Time} {-0.088}
  END_ARR_CLC
  LAUNCH_CLK_PATH
    COLUMNS {instance} {fpin} {fedge} {tpin} {tedge} {net} {cell} {delay} {incr_delay} {slew} {load} {arrival} {required} {stolen} {fanout} {pin_location}
    PORT {} {axi_clk} {^} {} {} {axi_clk} {} {} {} {0.000} {0.013} {-0.088} {7.487} {} {2} {(38.30, 0.00) } 
    NET {} {} {} {} {} {axi_clk} {} {0.000} {0.000} {0.000} {0.013} {-0.088} {7.487} {} {} {} 
    INST {CTS_ccl_a_buf_00006} {A} {^} {Y} {^} {} {BUFX20} {0.000} {0.000} {0.000} {} {-0.088} {7.487} {} {68} {(49.50, 16.25) (45.70, 16.62)} 
    NET {} {} {} {} {} {CTS_3} {} {0.000} {0.000} {0.000} {0.076} {-0.088} {7.487} {} {} {} 
  END_LAUNCH_CLK_PATH 
  DATA_PATH 
    COLUMNS {instance} {fpin} {fedge} {tpin} {tedge} {net} {cell} {delay} {incr_delay} {slew} {load} {arrival} {required} {stolen} {fanout} {pin_location} 
    INST {u_regs_s_axi_arready_reg} {CK} {^} {Q} {^} {} {DFFRX2} {0.512} {0.047} {0.386} {} {0.425} {7.999} {} {38} {(42.50, 24.98) (42.90, 24.61)} 
    NET {} {} {} {} {} {s_axi_arready} {} {0.000} {0.000} {0.386} {0.049} {0.425} {8.000} {} {} {} 
  END_DATA_PATH
  CAP_CLK_PATH
    COLUMNS {instance} {fpin} {fedge} {tpin} {tedge} {net} {cell} {delay} {incr_delay} {slew} {load} {arrival} {required} {stolen} {fanout} {pin_location}
  END_CAP_CLK_PATH
END_PATH 92
PATH 93
  VIEW  view_slow
  CHECK_TYPE {Late External Delay Assertion}
  REF {} {}
  ENDPT {} {s_axi_rdata[11]} {} {^} {leading} {axi_clk} {axi_clk(C)(P)(view_slow)*}
  BEGINPT {u_regs_s_axi_rdata_reg[11]} {Q} {DFFRX2} {^} {leading} {axi_clk} {axi_clk(D)(P)(view_slow)*}
  REQ_CLC
    {} {Other End Arrival Time} {0.000}
    {-} {External Delay} {2.000}
    {+} {Phase Shift} {10.000}
    {+} {CPPR Adjustment} {0.000}
    {=} {Required Time} {8.000}
  END_REQ_CLC
  SLK_CLC
    {-} {Arrival Time} {0.293}
    {=} {Slack Time} {7.707}
  END_SLK_CLC
  SLK 7.707
  ARR_CLC
    {} {Clock Rise Edge} {0.000}
    {+} {Source Insertion Delay} {-0.088}
    {=} {Beginpoint Arrival Time} {-0.088}
  END_ARR_CLC
  LAUNCH_CLK_PATH
    COLUMNS {instance} {fpin} {fedge} {tpin} {tedge} {net} {cell} {delay} {incr_delay} {slew} {load} {arrival} {required} {stolen} {fanout} {pin_location}
    PORT {} {axi_clk} {^} {} {} {axi_clk} {} {} {} {0.000} {0.013} {-0.088} {7.619} {} {2} {(38.30, 0.00) } 
    NET {} {} {} {} {} {axi_clk} {} {0.000} {0.000} {0.000} {0.013} {-0.088} {7.619} {} {} {} 
    INST {CTS_ccl_a_buf_00006} {A} {^} {Y} {^} {} {BUFX20} {0.000} {0.000} {0.000} {} {-0.088} {7.619} {} {68} {(49.50, 16.25) (45.70, 16.62)} 
    NET {} {} {} {} {} {CTS_3} {} {0.000} {0.000} {0.000} {0.076} {-0.088} {7.619} {} {} {} 
  END_LAUNCH_CLK_PATH 
  DATA_PATH 
    COLUMNS {instance} {fpin} {fedge} {tpin} {tedge} {net} {cell} {delay} {incr_delay} {slew} {load} {arrival} {required} {stolen} {fanout} {pin_location} 
    INST {u_regs_s_axi_rdata_reg[11]} {CK} {^} {Q} {^} {} {DFFRX2} {0.380} {0.073} {0.083} {} {0.293} {7.999} {} {2} {(53.10, 33.16) (53.50, 33.54)} 
    NET {} {} {} {} {} {s_axi_rdata[11]} {} {0.001} {0.000} {0.083} {0.006} {0.293} {8.000} {} {} {} 
  END_DATA_PATH
  CAP_CLK_PATH
    COLUMNS {instance} {fpin} {fedge} {tpin} {tedge} {net} {cell} {delay} {incr_delay} {slew} {load} {arrival} {required} {stolen} {fanout} {pin_location}
  END_CAP_CLK_PATH
END_PATH 93
PATH 94
  VIEW  view_slow
  CHECK_TYPE {Late External Delay Assertion}
  REF {} {}
  ENDPT {} {s_axi_rdata[26]} {} {^} {leading} {axi_clk} {axi_clk(C)(P)(view_slow)*}
  BEGINPT {u_regs_s_axi_rdata_reg[26]} {Q} {DFFRX2} {^} {leading} {axi_clk} {axi_clk(D)(P)(view_slow)*}
  REQ_CLC
    {} {Other End Arrival Time} {0.000}
    {-} {External Delay} {2.000}
    {+} {Phase Shift} {10.000}
    {+} {CPPR Adjustment} {0.000}
    {=} {Required Time} {8.000}
  END_REQ_CLC
  SLK_CLC
    {-} {Arrival Time} {0.278}
    {=} {Slack Time} {7.722}
  END_SLK_CLC
  SLK 7.722
  ARR_CLC
    {} {Clock Rise Edge} {0.000}
    {+} {Source Insertion Delay} {-0.088}
    {=} {Beginpoint Arrival Time} {-0.088}
  END_ARR_CLC
  LAUNCH_CLK_PATH
    COLUMNS {instance} {fpin} {fedge} {tpin} {tedge} {net} {cell} {delay} {incr_delay} {slew} {load} {arrival} {required} {stolen} {fanout} {pin_location}
    PORT {} {axi_clk} {^} {} {} {axi_clk} {} {} {} {0.000} {0.013} {-0.088} {7.635} {} {2} {(38.30, 0.00) } 
    NET {} {} {} {} {} {axi_clk} {} {0.000} {0.000} {0.000} {0.013} {-0.088} {7.635} {} {} {} 
    INST {CTS_ccl_a_buf_00006} {A} {^} {Y} {^} {} {BUFX20} {0.000} {0.000} {0.000} {} {-0.088} {7.635} {} {68} {(49.50, 16.25) (45.70, 16.62)} 
    NET {} {} {} {} {} {CTS_3} {} {0.000} {0.000} {0.000} {0.076} {-0.088} {7.635} {} {} {} 
  END_LAUNCH_CLK_PATH 
  DATA_PATH 
    COLUMNS {instance} {fpin} {fedge} {tpin} {tedge} {net} {cell} {delay} {incr_delay} {slew} {load} {arrival} {required} {stolen} {fanout} {pin_location} 
    INST {u_regs_s_axi_rdata_reg[26]} {CK} {^} {Q} {^} {} {DFFRX2} {0.365} {0.064} {0.070} {} {0.277} {8.000} {} {2} {(59.90, 22.89) (60.30, 23.28)} 
    NET {} {} {} {} {} {s_axi_rdata[26]} {} {0.000} {0.000} {0.070} {0.004} {0.278} {8.000} {} {} {} 
  END_DATA_PATH
  CAP_CLK_PATH
    COLUMNS {instance} {fpin} {fedge} {tpin} {tedge} {net} {cell} {delay} {incr_delay} {slew} {load} {arrival} {required} {stolen} {fanout} {pin_location}
  END_CAP_CLK_PATH
END_PATH 94
PATH 95
  VIEW  view_slow
  CHECK_TYPE {Late External Delay Assertion}
  REF {} {}
  ENDPT {} {s_axi_rdata[12]} {} {^} {leading} {axi_clk} {axi_clk(C)(P)(view_slow)*}
  BEGINPT {u_regs_s_axi_rdata_reg[12]} {Q} {DFFRX2} {^} {leading} {axi_clk} {axi_clk(D)(P)(view_slow)*}
  REQ_CLC
    {} {Other End Arrival Time} {0.000}
    {-} {External Delay} {2.000}
    {+} {Phase Shift} {10.000}
    {+} {CPPR Adjustment} {0.000}
    {=} {Required Time} {8.000}
  END_REQ_CLC
  SLK_CLC
    {-} {Arrival Time} {0.244}
    {=} {Slack Time} {7.756}
  END_SLK_CLC
  SLK 7.756
  ARR_CLC
    {} {Clock Rise Edge} {0.000}
    {+} {Source Insertion Delay} {-0.088}
    {=} {Beginpoint Arrival Time} {-0.088}
  END_ARR_CLC
  LAUNCH_CLK_PATH
    COLUMNS {instance} {fpin} {fedge} {tpin} {tedge} {net} {cell} {delay} {incr_delay} {slew} {load} {arrival} {required} {stolen} {fanout} {pin_location}
    PORT {} {axi_clk} {^} {} {} {axi_clk} {} {} {} {0.000} {0.013} {-0.088} {7.668} {} {2} {(38.30, 0.00) } 
    NET {} {} {} {} {} {axi_clk} {} {0.000} {0.000} {0.000} {0.013} {-0.088} {7.668} {} {} {} 
    INST {CTS_ccl_a_buf_00006} {A} {^} {Y} {^} {} {BUFX20} {0.000} {0.000} {0.000} {} {-0.088} {7.668} {} {68} {(49.50, 16.25) (45.70, 16.62)} 
    NET {} {} {} {} {} {CTS_3} {} {0.000} {0.000} {0.000} {0.076} {-0.088} {7.668} {} {} {} 
  END_LAUNCH_CLK_PATH 
  DATA_PATH 
    COLUMNS {instance} {fpin} {fedge} {tpin} {tedge} {net} {cell} {delay} {incr_delay} {slew} {load} {arrival} {required} {stolen} {fanout} {pin_location} 
    INST {u_regs_s_axi_rdata_reg[12]} {CK} {^} {Q} {^} {} {DFFRX2} {0.331} {0.029} {0.074} {} {0.243} {7.999} {} {2} {(42.70, 31.82) (43.10, 31.45)} 
    NET {} {} {} {} {} {s_axi_rdata[12]} {} {0.000} {0.000} {0.074} {0.005} {0.244} {8.000} {} {} {} 
  END_DATA_PATH
  CAP_CLK_PATH
    COLUMNS {instance} {fpin} {fedge} {tpin} {tedge} {net} {cell} {delay} {incr_delay} {slew} {load} {arrival} {required} {stolen} {fanout} {pin_location}
  END_CAP_CLK_PATH
END_PATH 95
PATH 96
  VIEW  view_slow
  CHECK_TYPE {Late External Delay Assertion}
  REF {} {}
  ENDPT {} {s_axi_rdata[27]} {} {^} {leading} {axi_clk} {axi_clk(C)(P)(view_slow)*}
  BEGINPT {u_regs_s_axi_rdata_reg[27]} {Q} {DFFRX2} {^} {leading} {axi_clk} {axi_clk(D)(P)(view_slow)*}
  REQ_CLC
    {} {Other End Arrival Time} {0.000}
    {-} {External Delay} {2.000}
    {+} {Phase Shift} {10.000}
    {+} {CPPR Adjustment} {0.000}
    {=} {Required Time} {8.000}
  END_REQ_CLC
  SLK_CLC
    {-} {Arrival Time} {0.243}
    {=} {Slack Time} {7.757}
  END_SLK_CLC
  SLK 7.757
  ARR_CLC
    {} {Clock Rise Edge} {0.000}
    {+} {Source Insertion Delay} {-0.088}
    {=} {Beginpoint Arrival Time} {-0.088}
  END_ARR_CLC
  LAUNCH_CLK_PATH
    COLUMNS {instance} {fpin} {fedge} {tpin} {tedge} {net} {cell} {delay} {incr_delay} {slew} {load} {arrival} {required} {stolen} {fanout} {pin_location}
    PORT {} {axi_clk} {^} {} {} {axi_clk} {} {} {} {0.000} {0.013} {-0.088} {7.669} {} {2} {(38.30, 0.00) } 
    NET {} {} {} {} {} {axi_clk} {} {0.000} {0.000} {0.000} {0.013} {-0.088} {7.669} {} {} {} 
    INST {CTS_ccl_a_buf_00006} {A} {^} {Y} {^} {} {BUFX20} {0.000} {0.000} {0.000} {} {-0.088} {7.669} {} {68} {(49.50, 16.25) (45.70, 16.62)} 
    NET {} {} {} {} {} {CTS_3} {} {0.000} {0.000} {0.000} {0.076} {-0.088} {7.669} {} {} {} 
  END_LAUNCH_CLK_PATH 
  DATA_PATH 
    COLUMNS {instance} {fpin} {fedge} {tpin} {tedge} {net} {cell} {delay} {incr_delay} {slew} {load} {arrival} {required} {stolen} {fanout} {pin_location} 
    INST {u_regs_s_axi_rdata_reg[27]} {CK} {^} {Q} {^} {} {DFFRX2} {0.331} {0.034} {0.065} {} {0.243} {8.000} {} {2} {(65.70, 28.41) (66.10, 28.03)} 
    NET {} {} {} {} {} {s_axi_rdata[27]} {} {0.000} {0.000} {0.065} {0.003} {0.243} {8.000} {} {} {} 
  END_DATA_PATH
  CAP_CLK_PATH
    COLUMNS {instance} {fpin} {fedge} {tpin} {tedge} {net} {cell} {delay} {incr_delay} {slew} {load} {arrival} {required} {stolen} {fanout} {pin_location}
  END_CAP_CLK_PATH
END_PATH 96
PATH 97
  VIEW  view_slow
  CHECK_TYPE {Late External Delay Assertion}
  REF {} {}
  ENDPT {} {s_axi_rdata[15]} {} {^} {leading} {axi_clk} {axi_clk(C)(P)(view_slow)*}
  BEGINPT {u_regs_s_axi_rdata_reg[15]} {Q} {DFFRX2} {^} {leading} {axi_clk} {axi_clk(D)(P)(view_slow)*}
  REQ_CLC
    {} {Other End Arrival Time} {0.000}
    {-} {External Delay} {2.000}
    {+} {Phase Shift} {10.000}
    {+} {CPPR Adjustment} {0.000}
    {=} {Required Time} {8.000}
  END_REQ_CLC
  SLK_CLC
    {-} {Arrival Time} {0.239}
    {=} {Slack Time} {7.761}
  END_SLK_CLC
  SLK 7.761
  ARR_CLC
    {} {Clock Rise Edge} {0.000}
    {+} {Source Insertion Delay} {-0.088}
    {=} {Beginpoint Arrival Time} {-0.088}
  END_ARR_CLC
  LAUNCH_CLK_PATH
    COLUMNS {instance} {fpin} {fedge} {tpin} {tedge} {net} {cell} {delay} {incr_delay} {slew} {load} {arrival} {required} {stolen} {fanout} {pin_location}
    PORT {} {axi_clk} {^} {} {} {axi_clk} {} {} {} {0.000} {0.013} {-0.088} {7.673} {} {2} {(38.30, 0.00) } 
    NET {} {} {} {} {} {axi_clk} {} {0.000} {0.000} {0.000} {0.013} {-0.088} {7.673} {} {} {} 
    INST {CTS_ccl_a_buf_00004} {A} {^} {Y} {^} {} {BUFX20} {0.000} {0.000} {0.000} {} {-0.088} {7.673} {} {66} {(27.30, 28.21) (23.50, 27.84)} 
    NET {} {} {} {} {} {CTS_2} {} {0.000} {0.000} {0.000} {0.073} {-0.088} {7.673} {} {} {} 
  END_LAUNCH_CLK_PATH 
  DATA_PATH 
    COLUMNS {instance} {fpin} {fedge} {tpin} {tedge} {net} {cell} {delay} {incr_delay} {slew} {load} {arrival} {required} {stolen} {fanout} {pin_location} 
    INST {u_regs_s_axi_rdata_reg[15]} {CK} {^} {Q} {^} {} {DFFRX2} {0.326} {0.023} {0.075} {} {0.239} {7.999} {} {2} {(39.50, 36.58) (39.90, 36.95)} 
    NET {} {} {} {} {} {s_axi_rdata[15]} {} {0.000} {0.000} {0.075} {0.005} {0.239} {8.000} {} {} {} 
  END_DATA_PATH
  CAP_CLK_PATH
    COLUMNS {instance} {fpin} {fedge} {tpin} {tedge} {net} {cell} {delay} {incr_delay} {slew} {load} {arrival} {required} {stolen} {fanout} {pin_location}
  END_CAP_CLK_PATH
END_PATH 97
PATH 98
  VIEW  view_slow
  CHECK_TYPE {Late External Delay Assertion}
  REF {} {}
  ENDPT {} {s_axi_rdata[0]} {} {^} {leading} {axi_clk} {axi_clk(C)(P)(view_slow)*}
  BEGINPT {u_regs_s_axi_rdata_reg[0]} {Q} {DFFRX2} {^} {leading} {axi_clk} {axi_clk(D)(P)(view_slow)*}
  REQ_CLC
    {} {Other End Arrival Time} {0.000}
    {-} {External Delay} {2.000}
    {+} {Phase Shift} {10.000}
    {+} {CPPR Adjustment} {0.000}
    {=} {Required Time} {8.000}
  END_REQ_CLC
  SLK_CLC
    {-} {Arrival Time} {0.239}
    {=} {Slack Time} {7.761}
  END_SLK_CLC
  SLK 7.761
  ARR_CLC
    {} {Clock Rise Edge} {0.000}
    {+} {Source Insertion Delay} {-0.088}
    {=} {Beginpoint Arrival Time} {-0.088}
  END_ARR_CLC
  LAUNCH_CLK_PATH
    COLUMNS {instance} {fpin} {fedge} {tpin} {tedge} {net} {cell} {delay} {incr_delay} {slew} {load} {arrival} {required} {stolen} {fanout} {pin_location}
    PORT {} {axi_clk} {^} {} {} {axi_clk} {} {} {} {0.000} {0.013} {-0.088} {7.674} {} {2} {(38.30, 0.00) } 
    NET {} {} {} {} {} {axi_clk} {} {0.000} {0.000} {0.000} {0.013} {-0.088} {7.674} {} {} {} 
    INST {CTS_ccl_a_buf_00004} {A} {^} {Y} {^} {} {BUFX20} {0.000} {0.000} {0.000} {} {-0.088} {7.674} {} {66} {(27.30, 28.21) (23.50, 27.84)} 
    NET {} {} {} {} {} {CTS_2} {} {0.000} {0.000} {0.000} {0.073} {-0.088} {7.674} {} {} {} 
  END_LAUNCH_CLK_PATH 
  DATA_PATH 
    COLUMNS {instance} {fpin} {fedge} {tpin} {tedge} {net} {cell} {delay} {incr_delay} {slew} {load} {arrival} {required} {stolen} {fanout} {pin_location} 
    INST {u_regs_s_axi_rdata_reg[0]} {CK} {^} {Q} {^} {} {DFFRX2} {0.326} {0.026} {0.069} {} {0.238} {8.000} {} {2} {(33.30, 33.16) (33.70, 33.54)} 
    NET {} {} {} {} {} {s_axi_rdata[0]} {} {0.000} {0.000} {0.069} {0.004} {0.239} {8.000} {} {} {} 
  END_DATA_PATH
  CAP_CLK_PATH
    COLUMNS {instance} {fpin} {fedge} {tpin} {tedge} {net} {cell} {delay} {incr_delay} {slew} {load} {arrival} {required} {stolen} {fanout} {pin_location}
  END_CAP_CLK_PATH
END_PATH 98
PATH 99
  VIEW  view_slow
  CHECK_TYPE {Late External Delay Assertion}
  REF {} {}
  ENDPT {} {s_axi_rdata[8]} {} {^} {leading} {axi_clk} {axi_clk(C)(P)(view_slow)*}
  BEGINPT {u_regs_s_axi_rdata_reg[8]} {Q} {DFFRHQX2} {^} {leading} {axi_clk} {axi_clk(D)(P)(view_slow)*}
  REQ_CLC
    {} {Other End Arrival Time} {0.000}
    {-} {External Delay} {2.000}
    {+} {Phase Shift} {10.000}
    {+} {CPPR Adjustment} {0.000}
    {=} {Required Time} {8.000}
  END_REQ_CLC
  SLK_CLC
    {-} {Arrival Time} {0.236}
    {=} {Slack Time} {7.764}
  END_SLK_CLC
  SLK 7.764
  ARR_CLC
    {} {Clock Rise Edge} {0.000}
    {+} {Source Insertion Delay} {-0.088}
    {=} {Beginpoint Arrival Time} {-0.088}
  END_ARR_CLC
  LAUNCH_CLK_PATH
    COLUMNS {instance} {fpin} {fedge} {tpin} {tedge} {net} {cell} {delay} {incr_delay} {slew} {load} {arrival} {required} {stolen} {fanout} {pin_location}
    PORT {} {axi_clk} {^} {} {} {axi_clk} {} {} {} {0.000} {0.013} {-0.088} {7.677} {} {2} {(38.30, 0.00) } 
    NET {} {} {} {} {} {axi_clk} {} {0.000} {0.000} {0.000} {0.013} {-0.088} {7.677} {} {} {} 
    INST {CTS_ccl_a_buf_00004} {A} {^} {Y} {^} {} {BUFX20} {0.000} {0.000} {0.000} {} {-0.088} {7.677} {} {66} {(27.30, 28.21) (23.50, 27.84)} 
    NET {} {} {} {} {} {CTS_2} {} {0.000} {0.000} {0.000} {0.073} {-0.088} {7.677} {} {} {} 
  END_LAUNCH_CLK_PATH 
  DATA_PATH 
    COLUMNS {instance} {fpin} {fedge} {tpin} {tedge} {net} {cell} {delay} {incr_delay} {slew} {load} {arrival} {required} {stolen} {fanout} {pin_location} 
    INST {u_regs_s_axi_rdata_reg[8]} {CK} {^} {Q} {^} {} {DFFRHQX2} {0.323} {0.030} {0.076} {} {0.236} {8.000} {} {2} {(40.30, 28.21) (39.90, 28.03)} 
    NET {} {} {} {} {} {s_axi_rdata[8]} {} {0.000} {0.000} {0.076} {0.006} {0.236} {8.000} {} {} {} 
  END_DATA_PATH
  CAP_CLK_PATH
    COLUMNS {instance} {fpin} {fedge} {tpin} {tedge} {net} {cell} {delay} {incr_delay} {slew} {load} {arrival} {required} {stolen} {fanout} {pin_location}
  END_CAP_CLK_PATH
END_PATH 99
PATH 100
  VIEW  view_slow
  CHECK_TYPE {Late External Delay Assertion}
  REF {} {}
  ENDPT {} {s_axi_rdata[30]} {} {^} {leading} {axi_clk} {axi_clk(C)(P)(view_slow)*}
  BEGINPT {u_regs_s_axi_rdata_reg[30]} {Q} {DFFRX2} {^} {leading} {axi_clk} {axi_clk(D)(P)(view_slow)*}
  REQ_CLC
    {} {Other End Arrival Time} {0.000}
    {-} {External Delay} {2.000}
    {+} {Phase Shift} {10.000}
    {+} {CPPR Adjustment} {0.000}
    {=} {Required Time} {8.000}
  END_REQ_CLC
  SLK_CLC
    {-} {Arrival Time} {0.235}
    {=} {Slack Time} {7.765}
  END_SLK_CLC
  SLK 7.765
  ARR_CLC
    {} {Clock Rise Edge} {0.000}
    {+} {Source Insertion Delay} {-0.088}
    {=} {Beginpoint Arrival Time} {-0.088}
  END_ARR_CLC
  LAUNCH_CLK_PATH
    COLUMNS {instance} {fpin} {fedge} {tpin} {tedge} {net} {cell} {delay} {incr_delay} {slew} {load} {arrival} {required} {stolen} {fanout} {pin_location}
    PORT {} {axi_clk} {^} {} {} {axi_clk} {} {} {} {0.000} {0.013} {-0.088} {7.677} {} {2} {(38.30, 0.00) } 
    NET {} {} {} {} {} {axi_clk} {} {0.000} {0.000} {0.000} {0.013} {-0.088} {7.677} {} {} {} 
    INST {CTS_ccl_a_buf_00006} {A} {^} {Y} {^} {} {BUFX20} {0.000} {0.000} {0.000} {} {-0.088} {7.677} {} {68} {(49.50, 16.25) (45.70, 16.62)} 
    NET {} {} {} {} {} {CTS_3} {} {0.000} {0.000} {0.000} {0.076} {-0.088} {7.677} {} {} {} 
  END_LAUNCH_CLK_PATH 
  DATA_PATH 
    COLUMNS {instance} {fpin} {fedge} {tpin} {tedge} {net} {cell} {delay} {incr_delay} {slew} {load} {arrival} {required} {stolen} {fanout} {pin_location} 
    INST {u_regs_s_axi_rdata_reg[30]} {CK} {^} {Q} {^} {} {DFFRX2} {0.323} {0.024} {0.068} {} {0.235} {8.000} {} {2} {(47.90, 26.32) (48.30, 26.70)} 
    NET {} {} {} {} {} {s_axi_rdata[30]} {} {0.000} {0.000} {0.068} {0.004} {0.235} {8.000} {} {} {} 
  END_DATA_PATH
  CAP_CLK_PATH
    COLUMNS {instance} {fpin} {fedge} {tpin} {tedge} {net} {cell} {delay} {incr_delay} {slew} {load} {arrival} {required} {stolen} {fanout} {pin_location}
  END_CAP_CLK_PATH
END_PATH 100

