Cadence Genus(TM) Synthesis Solution.
Copyright 2021 Cadence Design Systems, Inc. All rights reserved worldwide.
Cadence and the Cadence logo are registered trademarks and Genus is a trademark
of Cadence Design Systems, Inc. in the United States and other countries.

Version: 20.11-s111_1, built Mon Apr 26 02:27:38 PDT 2021
Options: 
Date:    Sat Jun 06 12:39:14 2026
Host:    vlsi-3.iiitk.ac.in (x86_64 w/Linux 3.10.0-1160.el7.x86_64) (6cores*12cpus*1physical cpu*Intel(R) Core(TM) i7-8700 CPU @ 3.20GHz 12288KB) (24293040KB)
PID:     22470
OS:      Red Hat Enterprise Linux Server release 7.9 (Maipo)

Checking out license: Genus_Synthesis (40 seconds elapsed).
License 'Genus_Synthesis' (main version: 20.1, alternate version: 20.1) checkout failed.
Checking out license: Virtuoso_Digital_Implem


***********************************************************************************************************
***********************************************************************************************************



Loading tool scripts...
Finished loading tool scripts (6 seconds elapsed).

WARNING: This version of the tool is 1866 days old.
@genus:root: 1> read_lib /home/install/FOUNDRY/digital/45nm/dig/fast.lib
Error   : File error. [FILE-100] [::legacy::set_attribute]
        : Cannot open file '/home/install/FOUNDRY/digital/45nm/dig/fast.lib'. File not found.
        : Make sure that the file is a readable regular file and has the specified name.
Error   : A library file does not exist. [LBR-68] [::legacy::set_attribute]
        : File '/home/install/FOUNDRY/digital/45nm/dig/fast.lib' could not be found. File '<none>' was the last file that was successfully read in.
        : Make sure that the library file exists or check for a typo in the file name.
Error   : The data value for this attribute is invalid. [TUI-24] [::legacy::set_attribute]
        : The value '  { /home/install/FOUNDRY/digital/45nm/dig/fast.lib } ' cannot be set for attribute 'library'.
        : To see the usage/description for this attribute, type '::legacy::set_attribute -h <attr_name> *' (in legacy UI mode) or 'help * <attr_name> -detail' (in CUI mode).
1
@genus:root: 2> read_lib /home/install/FOUNDRY/digital/45nm/dig/lib/fast.lib

  Message Summary for Library fast.lib:
  *************************************
  Missing a function attribute in the output pin definition. [LBR-518]: 1
  Missing library level attribute. [LBR-516]: 1
  *************************************
 
Info    : Created nominal operating condition. [LBR-412]
        : Operating condition '_nominal_' was created for the PVT values (1.000000, 1.320000, 0.000000) in library 'fast.lib'.
        : The nominal operating condition is represented, either by the nominal PVT values specified in the library source (via nom_process,nom_voltage and nom_temperature respectively), or by the default PVT values (1.0,1.0,1.0).
Warning : Libcell has no area attribute.  Defaulting to 0 area. [LBR-43]
        : Assigning 0 area to library cell 'fast/ADDFHX2'.
        : Specify a valid area value for the libcell.
Warning : Libcell has no area attribute.  Defaulting to 0 area. [LBR-43]
        : Assigning 0 area to library cell 'fast/ADDFHX4'.
Warning : Libcell has no area attribute.  Defaulting to 0 area. [LBR-43]
        : Assigning 0 area to library cell 'fast/ADDFHXL'.
Warning : Libcell has no area attribute.  Defaulting to 0 area. [LBR-43]
        : Assigning 0 area to library cell 'fast/ADDFXL'.
Warning : Libcell has no area attribute.  Defaulting to 0 area. [LBR-43]
        : Assigning 0 area to library cell 'fast/ADDHX2'.
Warning : Libcell has no area attribute.  Defaulting to 0 area. [LBR-43]
        : Assigning 0 area to library cell 'fast/ADDHXL'.
Warning : Libcell has no area attribute.  Defaulting to 0 area. [LBR-43]
        : Assigning 0 area to library cell 'fast/AND2X4'.
Warning : Libcell has no area attribute.  Defaulting to 0 area. [LBR-43]
        : Assigning 0 area to library cell 'fast/AND2X6'.
Warning : Libcell has no area attribute.  Defaulting to 0 area. [LBR-43]
        : Assigning 0 area to library cell 'fast/AND2XL'.
Warning : Libcell has no area attribute.  Defaulting to 0 area. [LBR-43]
        : Assigning 0 area to library cell 'fast/AND3X1'.
Warning : Libcell has no area attribute.  Defaulting to 0 area. [LBR-43]
        : Assigning 0 area to library cell 'fast/AND3X8'.
Warning : Libcell has no area attribute.  Defaulting to 0 area. [LBR-43]
        : Assigning 0 area to library cell 'fast/AND3XL'.
Warning : Libcell has no area attribute.  Defaulting to 0 area. [LBR-43]
        : Assigning 0 area to library cell 'fast/AND4X1'.
Warning : Libcell has no area attribute.  Defaulting to 0 area. [LBR-43]
        : Assigning 0 area to library cell 'fast/AND4X4'.
Warning : Libcell has no area attribute.  Defaulting to 0 area. [LBR-43]
        : Assigning 0 area to library cell 'fast/AND4X8'.
Warning : Libcell has no area attribute.  Defaulting to 0 area. [LBR-43]
        : Assigning 0 area to library cell 'fast/AND4XL'.
Warning : Libcell has no area attribute.  Defaulting to 0 area. [LBR-43]
        : Assigning 0 area to library cell 'fast/AO21X1'.
Warning : Libcell has no area attribute.  Defaulting to 0 area. [LBR-43]
        : Assigning 0 area to library cell 'fast/AO21X2'.
Warning : Libcell has no area attribute.  Defaulting to 0 area. [LBR-43]
        : Assigning 0 area to library cell 'fast/AO21XL'.
Warning : Libcell has no area attribute.  Defaulting to 0 area. [LBR-43]
        : Assigning 0 area to library cell 'fast/AO22X1'.
@genus:root: 3> read_hdl /home/vvr/project/dma.v
Warning : Cannot open file. [VLOGPT-650]
        : File '/home/vvr/project/dma.v'.
        : The specified file could not be opened.  Check the value of the init_hdl_search_path attribute.
@genus:root: 4> read_hdl /home/vlsi/vvr/project/dma.v
(* ram_style = "auto" *)
   |
Warning : Unused attribute. [VLOGPT-506]
        : Attribute 'ram_style' in file '/home/vlsi/vvr/project/dma.v' on line 237, column 4.
@genus:root: 5> elaborate dma.v
  Library has 324 usable logic and 126 usable sequential lib-cells.
Error   : Could not find an HDL design. [CDFG-210] [elaborate]
        : The design is 'dma.v'.
        : This error may happen if you read a set of files, and you try to elaborate a design which description is not part of the files read. To fix this, check the name of the design you want to elaborate, or check if you have read all the expected RTL files.
UM:   flow.cputime  flow.realtime  timing.setup.tns  timing.setup.wns  snapshot
UM:*                                                                   elaborate
1
@genus:root: 6> elaborate dma
Info    : Elaborating Design. [ELAB-1]
        : Elaborating top-level block 'dma' from file '/home/vlsi/vvr/project/dma.v'.
Warning : Using default parameter value for module elaboration. [CDFG-818]
        : Elaborating block 'dma' with default parameters value.
Warning : Removing unused register. [CDFG-508]
        : Removing unused flip-flop register 'data_capture' in module 'dma_engine_DATA_WIDTH32_COUNT_WIDTH16' in file '/home/vlsi/vvr/project/dma.v' on line 581.
        : Genus removes the flip-flop or latch inferred for an unused signal or variable. To preserve the flip-flop or latch, set the hdl_preserve_unused_registers attribute to true or use a pragma in the RTL.
Info    : Done Elaborating Design. [ELAB-3]
        : Done elaborating 'dma'.
Checking for analog nets...
Check completed for analog nets.
Checking for source RTL...
Check completed for source RTL.
Running Unified Mux Engine Tricks...
Completed Unified Mux Engine Tricks
--------------------------------------------------------
| Trick             | Accepts | Rejects | Runtime (ms) | 
--------------------------------------------------------
| ume_constant_bmux |       0 |       0 |         0.00 | 
--------------------------------------------------------
Starting clip mux common data inputs [v1.0] (stage: post_elab, startdef: dma, recur: true)
Completed clip mux common data inputs (accepts: 0, rejects: 0, runtime: 0.001s)
Starting clip the non-user hierarchies [v2.0] (stage: post_elab, startdef: dma, recur: true)
Completed clip the non-user hierarchies (accepts: 0, rejects: 0, runtime: 0.000s)
      flow.cputime  flow.realtime  timing.setup.tns  timing.setup.wns  snapshot
UM:*                                                                   elaborate
design:dma
@genus:root: 7> create_clock -name axi_clk -period 10 [get_ports axi_clk]
@genus:root: 8> create_clock -name dma_clk -period 7 [get_ports dma_clk]
@genus:root: 9> set_input_delay 2 -clock axi_clock [all_inputs]
Error   : A required object parameter could not be found. [TUI-61] [parse_options]
        : An object of type 'clock' named 'axi_clock' could not be found.
        : Check to make sure that the object exists and is of the correct type.  The 'what_is' command can be used to determine the type of an object.

Usage: set_input_delay [-clock <clock>] [-clock_rise] [-clock_fall]
           [-level_sensitive] [-network_latency_included]
           [-source_latency_included] [-max] [-min] [-rise] [-fall]
           [-reference_pin <pin|port>+] [-add_delay] [-name <string>]
           [-group_path <string>] <float> <port|pin|hpin|port_bus>+

    [-clock <clock>]:
        the clock waveform 
    [-clock_rise]:
        rise clock edge 
    [-clock_fall]:
        fall clock edge 
    [-level_sensitive]:
        clocked obj is a latch 
    [-network_latency_included]:
        value includes clock latency 
    [-source_latency_included]:
        value includes clock latency 
    [-max]:
        maximum delays 
    [-min]:
        minimum delays 
    [-rise]:
        rise delays 
    [-fall]:
        fall delays 
    [-reference_pin <pin|port>+]:
        reference pin for this external delay 
    [-add_delay]:
        do not remove existing delays 
    [-name <string>]:
        a name for the external delay object 
    [-group_path <string>]:
        the group name where paths ending at the specified ports or pins are to 
        be added 
    <float>:
        delay value 
    <port|pin|hpin|port_bus>+:
        ports to receive the external delay 
@genus:root: 10> set_output_delay 2 -clock axi_clk [all_outputs]
@genus:root: 11> syn_generic
##Generic Timing Info for library domain: _default_ typical gate delay: 31.4 ps std_slew: 9.0 ps std_load: 2.3 fF
Starting mux data reorder optimization [v1.0] (stage: pre_to_gen_setup, startdef: dma, recur: true)
Completed mux data reorder optimization (accepts: 0, rejects: 0, runtime: 0.001s)
Info    : Deleting instances not driving any primary outputs. [GLO-34]
        : Deleting 544 sequential instances.
        : Optimizations such as constant propagation or redundancy removal could change the connections so a hierarchical instance does not drive any primary outputs anymore. To see the list of deleted hierarchical instances, set the 'information_level' attribute to 2 or above. If the message is truncated set the message attribute 'truncate' to false to see the complete list. To prevent this optimization, set the 'delete_unloaded_insts' root/subdesign attribute to 'false' or 'preserve' instance attribute to 'true'.
Info    : Deleting instances not driving any primary outputs. [GLO-34]
        : Deleting 3 hierarchical instances.
Info    : Replacing a flip-flop with a logic constant 0. [GLO-12]
        : The instance is 'u_regs/s_axi_bresp_reg[0]'.
        : To prevent this optimization, set the 'optimize_constant_0_flops' root attribute to 'false' or 'optimize_constant_0_seq' instance attribute to 'false'. You can also see the complete list of deleted sequential with command "report sequential -deleted" (on Reason "constant0").
Info    : Replacing a flip-flop with a logic constant 0. [GLO-12]
        : The instance is 'u_regs/s_axi_bresp_reg[1]'.
Info    : Replacing a flip-flop with a logic constant 0. [GLO-12]
        : The instance is 'u_regs/s_axi_rresp_reg[0]'.
Info    : Replacing a flip-flop with a logic constant 0. [GLO-12]
        : The instance is 'u_regs/s_axi_rresp_reg[1]'.
Info    : Deleting instances not driving any primary outputs. [GLO-34]
        : Deleting 4 sequential instances.
Info    : Synthesizing. [SYNTH-1]
        : Synthesizing 'dma' to generic gates using 'medium' effort.
PBS_Generic-Start - Elapsed_Time 0, CPU_Time 0.0
stamp 'PBS_Generic-Start' being created for table 'pbs_debug'

  Total Time (Wall) |  Stage Time (Wall)  |   % (Wall)   |    Date - Time     |  Memory   | Stage
--------------------+---------------------+--------------+--------------------+-----------+----------------------
 00:00:24(00:09:29) |  00:00:00(00:00:00) |   0.0(  0.0) |   12:49:28 (Jun06) |  301.8 MB | PBS_Generic-Start
--------------------+---------------------+--------------+--------------------+-----------+----------------------
Number of threads: 0 * 1   (id: pbs_debug, time_info v1.57)
Info: (*N*) indicates data that was populated from previously saved time_info database
TNS Restructuring config: no_value at stage: generic applied.
Info    : Partition Based Synthesis execution skipped. [PHYS-752]
        : Design size is less than the partition size '100000' for distributed generic optimization to kick in.
Starting mux data reorder optimization [v1.0] (stage: pre_to_gen_setup, startdef: dma, recur: true)
Completed mux data reorder optimization (accepts: 0, rejects: 0, runtime: 0.000s)
Starting mux data reorder optimization [v1.0] (stage: post_to_gen_setup, startdef: dma, recur: true)
Completed mux data reorder optimization (accepts: 0, rejects: 0, runtime: 0.000s)
Running Unified Mux Engine Tricks...
Completed Unified Mux Engine Tricks
--------------------------------------------
| Trick | Accepts | Rejects | Runtime (ms) | 
--------------------------------------------
--------------------------------------------
Starting infer macro optimization [v1.0] (stage: pre_rtlopt, startdef: dma, recur: true)
Completed infer macro optimization (accepts: 0, rejects: 6, runtime: 0.001s)
Starting decode mux sandwich optimization [v2.0] (stage: pre_rtlopt, startdef: dma, recur: true)
Completed decode mux sandwich optimization (accepts: 0, rejects: 0, runtime: 0.000s)
Starting decode mux optimization [v1.0] (stage: pre_rtlopt, startdef: dma, recur: true)
Completed decode mux optimization (accepts: 0, rejects: 0, runtime: 0.000s)
Starting chop wide muxes [v1.0] (stage: pre_rtlopt, startdef: dma, recur: true)
Completed chop wide muxes (accepts: 0, rejects: 0, runtime: 0.000s)
Starting common data mux cascade opt [v1.0] (stage: pre_rtlopt, startdef: dma, recur: true)
Completed common data mux cascade opt (accepts: 0, rejects: 0, runtime: 0.000s)
Starting mux input consolidation [v1.0] (stage: pre_rtlopt, startdef: dma, recur: true)
Completed mux input consolidation (accepts: 0, rejects: 0, runtime: 0.000s)
Starting priority mux optimization [v1.0] (stage: pre_rtlopt, startdef: dma, recur: true)
Completed priority mux optimization (accepts: 0, rejects: 0, runtime: 0.014s)
Starting constant-data mux optimization [v1.0] (stage: pre_rtlopt, startdef: dma, recur: true)
Completed constant-data mux optimization (accepts: 0, rejects: 0, runtime: 0.000s)
Starting chain-to-tree inequality transform [v2.0] (stage: pre_rtlopt, startdef: dma, recur: true)
Completed chain-to-tree inequality transform (accepts: 0, rejects: 0, runtime: 0.001s)
Starting reconvergence optimization [v1.0] (stage: pre_rtlopt, startdef: dma, recur: true)
Completed reconvergence optimization (accepts: 0, rejects: 0, runtime: 0.000s)
Starting logic restructure optimization [v1.0] (stage: pre_rtlopt, startdef: dma, recur: true)
Completed logic restructure optimization (accepts: 0, rejects: 0, runtime: 0.001s)
Starting common select mux optimization [v1.0] (stage: pre_rtlopt, startdef: dma, recur: true)
Completed common select mux optimization (accepts: 0, rejects: 0, runtime: 0.000s)
Starting identity transform [v3.0] (stage: pre_rtlopt, startdef: dma, recur: true)
Completed identity transform (accepts: 0, rejects: 0, runtime: 0.000s)
Starting reduce operator chain [v1.0] (stage: pre_rtlopt, startdef: dma, recur: true)
Completed reduce operator chain (accepts: 0, rejects: 0, runtime: 0.000s)
Starting common data mux cascade opt [v1.0] (stage: pre_rtlopt, startdef: dma, recur: true)
Completed common data mux cascade opt (accepts: 0, rejects: 0, runtime: 0.000s)
Starting mux input consolidation [v1.0] (stage: pre_rtlopt, startdef: dma, recur: true)
Completed mux input consolidation (accepts: 0, rejects: 0, runtime: 0.000s)
Starting optimize datapath elements [v1.0] (stage: pre_rtlopt, startdef: dma, recur: true)
Completed optimize datapath elements (accepts: 3, rejects: 0, runtime: 0.000s)
Starting clip mux common data inputs [v1.0] (stage: pre_rtlopt, startdef: dma, recur: true)
Completed clip mux common data inputs (accepts: 0, rejects: 0, runtime: 0.000s)
Starting clip the non-user hierarchies [v2.0] (stage: pre_rtlopt, startdef: dma, recur: true)
Completed clip the non-user hierarchies (accepts: 0, rejects: 0, runtime: 0.001s)
Running Unified Mux Engine Tricks...
Completed Unified Mux Engine Tricks
--------------------------------------------
| Trick | Accepts | Rejects | Runtime (ms) | 
--------------------------------------------
--------------------------------------------
Number of big hc bmuxes before = 0
Info    : Pre-processed datapath logic. [DPOPT-6]
        : No pre-processing optimizations applied to datapath logic in 'dma'.
Info    : Optimizing datapath logic. [DPOPT-1]
        : Optimizing datapath logic in 'dma'.
Info    : Implementing datapath configurations. [DPOPT-3]
        : Implementing datapath configurations for 'CDN_DP_region_1_0'
CSAGen Prep Share:0 Re-Write:0 Speculation: 0
CDN_DP_region_1_0 level = 0 loads = 0 drivers = 0
CDN_DP_region_1_0_c0 in axi_lite_regs_DATA_WIDTH32_ADDR_WIDTH4_COUNT_WIDTH16: area: 0 ,dp = 0 mux = 1 sg = slow         worst_clk_period: -4592024818112686007544091371623043813004152832110781083474987530434548819765321140516579626654680392906110065126800729164270879694187219469955113378228855615075034128434092163310164542077600748578610244716643515416258676369934689095608681774610783372403276652660868448931282944.0000 
    wns: 0  norm_wns:  0.0000 
    fail_endp: 0 
    tns:  0  tns_per_endp:  0.0000   norm_tns_per_endp:  0.0000 
    tns_sense_max:  0.0000  tns_sense_avg:  0.0000   tns_sense_num: 0
 skipped
CDN_DP_region_1_0_c1 in axi_lite_regs_DATA_WIDTH32_ADDR_WIDTH4_COUNT_WIDTH16: area: 0 ,dp = 0 mux = 1 sg = fast         worst_clk_period: 0.0000 
    wns: 0  norm_wns:  0.0000 
    fail_endp: 0 
    tns:  0  tns_per_endp:  0.0000   norm_tns_per_endp:  0.0000 
    tns_sense_max:  0.0000  tns_sense_avg:  0.0000   tns_sense_num: 0
 is current best
CDN_DP_region_1_0_c2 in axi_lite_regs_DATA_WIDTH32_ADDR_WIDTH4_COUNT_WIDTH16: area: 0 ,dp = 0 mux = 1 sg = very_slow    worst_clk_period: 0.0000 
    wns: 0  norm_wns:  0.0000 
    fail_endp: 0 
    tns:  0  tns_per_endp:  0.0000   norm_tns_per_endp:  0.0000 
    tns_sense_max:  0.0000  tns_sense_avg:  0.0000   tns_sense_num: 0
 is current best
CDN_DP_region_1_0_c3 in axi_lite_regs_DATA_WIDTH32_ADDR_WIDTH4_COUNT_WIDTH16: area: 0 ,dp = 0 mux = 1 sg = very_fast    worst_clk_period: 0.0000 
    wns: 0  norm_wns:  0.0000 
    fail_endp: 0 
    tns:  0  tns_per_endp:  0.0000   norm_tns_per_endp:  0.0000 
    tns_sense_max:  0.0000  tns_sense_avg:  0.0000   tns_sense_num: 0
 is current best
CDN_DP_region_1_0_c4 in axi_lite_regs_DATA_WIDTH32_ADDR_WIDTH4_COUNT_WIDTH16: area: 0 ,dp = 0 mux = 1 sg = very_fast    worst_clk_period: 0.0000 
    wns: 0  norm_wns:  0.0000 
    fail_endp: 0 
    tns:  0  tns_per_endp:  0.0000   norm_tns_per_endp:  0.0000 
    tns_sense_max:  0.0000  tns_sense_avg:  0.0000   tns_sense_num: 0
 is current best
CDN_DP_region_1_0_c5 in axi_lite_regs_DATA_WIDTH32_ADDR_WIDTH4_COUNT_WIDTH16: area: 0 ,dp = 0 mux = 1 sg = very_fast    worst_clk_period: 0.0000 
    wns: 0  norm_wns:  0.0000 
    fail_endp: 0 
    tns:  0  tns_per_endp:  0.0000   norm_tns_per_endp:  0.0000 
    tns_sense_max:  0.0000  tns_sense_avg:  0.0000   tns_sense_num: 0
 is current best
CDN_DP_region_1_0_c6 in axi_lite_regs_DATA_WIDTH32_ADDR_WIDTH4_COUNT_WIDTH16: area: 0 ,dp = 0 mux = 1 sg = very_fast    worst_clk_period: 0.0000 
    wns: 0  norm_wns:  0.0000 
    fail_endp: 0 
    tns:  0  tns_per_endp:  0.0000   norm_tns_per_endp:  0.0000 
    tns_sense_max:  0.0000  tns_sense_avg:  0.0000   tns_sense_num: 0
 is current best
CDN_DP_region_1_0_c7 in axi_lite_regs_DATA_WIDTH32_ADDR_WIDTH4_COUNT_WIDTH16: area: 0 ,dp = 0 mux = 1 sg = very_fast    worst_clk_period: 0.0000 
    wns: 0  norm_wns:  0.0000 
    fail_endp: 0 
    tns:  0  tns_per_endp:  0.0000   norm_tns_per_endp:  0.0000 
    tns_sense_max:  0.0000  tns_sense_avg:  0.0000   tns_sense_num: 0
 is current best
Best config: CDN_DP_region_1_0_c7 in axi_lite_regs_DATA_WIDTH32_ADDR_WIDTH4_COUNT_WIDTH16: area: 0 ,dp = 0 mux = 1 sg = very_fast    worst_clk_period: 0.0000 
    wns: 0  norm_wns:  0.0000 
    fail_endp: 0 
    tns:  0  tns_per_endp:  0.0000   norm_tns_per_endp:  0.0000 
    tns_sense_max:  0.0000  tns_sense_avg:  0.0000   tns_sense_num: 0
  Smallest config area : 0.  Fastest config wns;  0
##>+----------------------------------------------------------------------------------------------------------------------------------------------------------------+
##>Summary table of configs (Best config is CDN_DP_region_1_0_c7)
##>+----------------------------------------------------------------------------------------------------------------------------------------------------------------+
##>                     0                  1                  2                  3                  4                  5                  6                  7            
##>+----------------------------------------------------------------------------------------------------------------------------------------------------------------+
##>           Area                0                  0                  0                  0                  0                  0                  0                  0  
##>            WNS         +9734.10           +9734.10           +9734.10           +9734.10           +9734.10           +9734.10           +9734.10           +9734.10  
##>            TNS                0                  0                  0                  0                  0                  0                  0                  0  
##>    Num Rewrite                0                  0                  0                  0                  0                  0                  0                  0  
##>     Num Factor                0                  0                  0                  0                  0                  0                  0                  0  
##>      Num Share                0                  0                  0                  0                  0                  0                  0                  0  
##>   Num CmultCse                0                  0                  0                  0                  0                  0                  0                  0  
##>   Num Downsize                0                  0                  0                  0                  0                  0                  0                  0  
##>  Num Speculate                0                  0                  0                  0                  0                  0                  0                  0  
##>     Runtime(s)                0                  0                  0                  0                  0                  0                  0                  0  
+----------------------------------------------------------------------------------------------------------------------------------------------------------------+
##>
##>
##>+------------------------------------------------------------------------------------------------------------------------------------------------------------+
##>Optimization Step DEBUG Table for config CDN_DP_region_1_0_c7
##>
##>                          Step                        Area   ( % Chg)        WNS (Change)        TNS (Change)          Runtime (s)        Comment                   
##>+------------------------------------------------------------------------------------------------------------------------------------------------------------+
##>EquationExtraction              START                      0 (      )     9734.10 (        )             0 (        )              
##>                                  END                      0 (  -nan)     9734.10 (   +0.00)             0 (       0)           0  
##>createMaxCarrySave              START                      0 (  -nan)     9734.10 (   +0.00)             0 (       0)              
##> datapath_rewrite_one_def       START                      0 (  -nan)     9734.10 (   +0.00)             0 (       0)              
##>                                  END                      0 (  -nan)     9734.10 (   +0.00)             0 (       0)           0  
##> csa_opto                       START                      0 (  -nan)     9734.10 (   +0.00)             0 (       0)              
##>                                  END                      0 (  -nan)     9734.10 (   +0.00)             0 (       0)           0  
##>                                  END                      0 (  -nan)     9734.10 (   +0.00)             0 (       0)           0  
##>canonicalize_by_names           START                      0 (  -nan)     9734.10 (   +0.00)             0 (       0)              
##>                                  END                      0 (  -nan)     9734.10 (   +0.00)             0 (       0)           0  
##>datapath_rewrite_post_csa_one_  START                      0 (  -nan)     9734.10 (   +0.00)             0 (       0)              
##>                                  END                      0 (  -nan)     9734.10 (   +0.00)             0 (       0)           0  
##>datapath_csa_factoring_one_gde  START                      0 (  -nan)     9734.10 (   +0.00)             0 (       0)              
##>                                  END                      0 (  -nan)     9734.10 (   +0.00)             0 (       0)           0  
##>dpopt_share_one_def             START                      0 (  -nan)     9734.10 (   +0.00)             0 (       0)              
##>                                  END                      0 (  -nan)     9734.10 (   +0.00)             0 (       0)           0  
##>datapath_rewrite_post_share     START                      0 (  -nan)     9734.10 (   +0.00)             0 (       0)              
##>                                  END                      0 (  -nan)     9734.10 (   +0.00)             0 (       0)           0  
##>dp_combine_const_mult_with_com  START                      0 (  -nan)     9734.10 (   +0.00)             0 (       0)              
##>                                  END                      0 (  -nan)     9734.10 (   +0.00)             0 (       0)           0  
##>dp_operator_level_decompositio  START                      0 (  -nan)     9734.10 (   +0.00)             0 (       0)              
##>                                  END                      0 (  -nan)     9734.10 (   +0.00)             0 (       0)           0  
##>selective_flatten_dp_config     START                      0 (  -nan)     9734.10 (   +0.00)             0 (       0)              
##>                                  END                      0 (  -nan)     9734.10 (   +0.00)             0 (       0)           0  
##>createMaxCarrySave              START                      0 (  -nan)     9734.10 (   +0.00)             0 (       0)              
##> datapath_rewrite_one_def       START                      0 (  -nan)     9734.10 (   +0.00)             0 (       0)              
##>  fast_cse_elim                 START                      0 (  -nan)     9734.10 (   +0.00)             0 (       0)              
##>                                  END                      0 (  -nan)     9734.10 (   +0.00)             0 (       0)           0  
##>  fast_cse_elim                 START                      0 (  -nan)     9734.10 (   +0.00)             0 (       0)              
##>                                  END                      0 (  -nan)     9734.10 (   +0.00)             0 (       0)           0  
##>                                  END                      0 (  -nan)     9734.10 (   +0.00)             0 (       0)           0  
##> csa_opto                       START                      0 (  -nan)     9734.10 (   +0.00)             0 (       0)              
##>                                  END                      0 (  -nan)     9734.10 (   +0.00)             0 (       0)           0  
##>                                  END                      0 (  -nan)     9734.10 (   +0.00)             0 (       0)           0  
##>context_based_simplify          START                      0 (  -nan)     9734.10 (   +0.00)             0 (       0)              
##>                                  END                      0 (  -nan)     9734.10 (   +0.00)             0 (       0)           0  
##>group_csa_final_adder_dp        START                      0 (  -nan)     9734.10 (   +0.00)             0 (       0)              
##>                                  END                      0 (  -nan)     9734.10 (   +0.00)             0 (       0)           0  
##>dpopt_flatten_critical_muxes_i  START                      0 (  -nan)     9734.10 (   +0.00)             0 (       0)              
##>                                  END                      0 (  -nan)     9734.10 (   +0.00)             0 (       0)           0  
##>create_score                    START                      0 (  -nan)     9734.10 (   +0.00)             0 (       0)              
##>                                  END                      0 (  -nan)     9734.10 (   +0.00)             0 (       0)           0  
##>+------------------------------------------------------------------------------------------------------------------------------------------------------------+
Committed config: CDN_DP_region_1_0_c7
Info    : Done implementing datapath configurations. [DPOPT-4]
        : Selected 'very_fast' configuration 7 for module 'CDN_DP_region_1_0'.
          Optimizations applied to 'very_fast' configuration:
            rewriting(0), factoring(0), sharing(0), cmultcse(0), downsizing(0), speculation(0)
Info    : Implementing datapath configurations. [DPOPT-3]
        : Implementing datapath configurations for 'CDN_DP_region_3_0'
CSAGen Prep Share:0 Re-Write:0 Speculation: 0
MaxCSA: Successfully built Maximal CSA Expression Expr0
CDN_DP_region_3_0 level = 0 loads = 0 drivers = 0
CDN_DP_region_3_0_c0 in dma_engine_DATA_WIDTH32_COUNT_WIDTH16: area: 0 ,dp = 1 mux = 1 sg = slow         worst_clk_period: 0.0000 
    wns: 0  norm_wns:  0.0000 
    fail_endp: 0 
    tns:  0  tns_per_endp:  0.0000   norm_tns_per_endp:  0.0000 
    tns_sense_max:  0.0000  tns_sense_avg:  0.0000   tns_sense_num: 0
 skipped
CDN_DP_region_3_0_c1 in dma_engine_DATA_WIDTH32_COUNT_WIDTH16: area: 0 ,dp = 1 mux = 1 sg = fast         worst_clk_period: 0.0000 
    wns: 0  norm_wns:  0.0000 
    fail_endp: 0 
    tns:  0  tns_per_endp:  0.0000   norm_tns_per_endp:  0.0000 
    tns_sense_max:  0.0000  tns_sense_avg:  0.0000   tns_sense_num: 0
 is current best
CDN_DP_region_3_0_c2 in dma_engine_DATA_WIDTH32_COUNT_WIDTH16: area: 0 ,dp = 1 mux = 1 sg = very_slow    worst_clk_period: 0.0000 
    wns: 0  norm_wns:  0.0000 
    fail_endp: 0 
    tns:  0  tns_per_endp:  0.0000   norm_tns_per_endp:  0.0000 
    tns_sense_max:  0.0000  tns_sense_avg:  0.0000   tns_sense_num: 0
 is current best
CDN_DP_region_3_0_c3 in dma_engine_DATA_WIDTH32_COUNT_WIDTH16: area: 0 ,dp = 1 mux = 1 sg = very_fast    worst_clk_period: 0.0000 
    wns: 0  norm_wns:  0.0000 
    fail_endp: 0 
    tns:  0  tns_per_endp:  0.0000   norm_tns_per_endp:  0.0000 
    tns_sense_max:  0.0000  tns_sense_avg:  0.0000   tns_sense_num: 0
 is current best
CDN_DP_region_3_0_c4 in dma_engine_DATA_WIDTH32_COUNT_WIDTH16: area: 0 ,dp = 1 mux = 1 sg = very_fast    worst_clk_period: 0.0000 
    wns: 0  norm_wns:  0.0000 
    fail_endp: 0 
    tns:  0  tns_per_endp:  0.0000   norm_tns_per_endp:  0.0000 
    tns_sense_max:  0.0000  tns_sense_avg:  0.0000   tns_sense_num: 0
 is current best
CDN_DP_region_3_0_c5 in dma_engine_DATA_WIDTH32_COUNT_WIDTH16: area: 0 ,dp = 1 mux = 1 sg = very_fast    worst_clk_period: 0.0000 
    wns: 0  norm_wns:  0.0000 
    fail_endp: 0 
    tns:  0  tns_per_endp:  0.0000   norm_tns_per_endp:  0.0000 
    tns_sense_max:  0.0000  tns_sense_avg:  0.0000   tns_sense_num: 0
 is current best
CDN_DP_region_3_0_c6 in dma_engine_DATA_WIDTH32_COUNT_WIDTH16: area: 0 ,dp = 1 mux = 1 sg = very_fast    worst_clk_period: 0.0000 
    wns: 0  norm_wns:  0.0000 
    fail_endp: 0 
    tns:  0  tns_per_endp:  0.0000   norm_tns_per_endp:  0.0000 
    tns_sense_max:  0.0000  tns_sense_avg:  0.0000   tns_sense_num: 0
 is current best
CDN_DP_region_3_0_c7 in dma_engine_DATA_WIDTH32_COUNT_WIDTH16: area: 0 ,dp = 1 mux = 1 sg = very_fast    worst_clk_period: 0.0000 
    wns: 0  norm_wns:  0.0000 
    fail_endp: 0 
    tns:  0  tns_per_endp:  0.0000   norm_tns_per_endp:  0.0000 
    tns_sense_max:  0.0000  tns_sense_avg:  0.0000   tns_sense_num: 0
 is current best
Best config: CDN_DP_region_3_0_c7 in dma_engine_DATA_WIDTH32_COUNT_WIDTH16: area: 0 ,dp = 1 mux = 1 sg = very_fast    worst_clk_period: 0.0000 
    wns: 0  norm_wns:  0.0000 
    fail_endp: 0 
    tns:  0  tns_per_endp:  0.0000   norm_tns_per_endp:  0.0000 
    tns_sense_max:  0.0000  tns_sense_avg:  0.0000   tns_sense_num: 0
  Smallest config area : 0.  Fastest config wns;  0
##>+----------------------------------------------------------------------------------------------------------------------------------------------------------------+
##>Summary table of configs (Best config is CDN_DP_region_3_0_c7)
##>+----------------------------------------------------------------------------------------------------------------------------------------------------------------+
##>                     0                  1                  2                  3                  4                  5                  6                  7            
##>+----------------------------------------------------------------------------------------------------------------------------------------------------------------+
##>           Area                0                  0                  0                  0                  0                  0                  0                  0  
##>            WNS         +6584.80           +6584.80           +6584.80           +6584.80           +6584.80           +6584.80           +6584.80           +6584.80  
##>            TNS                0                  0                  0                  0                  0                  0                  0                  0  
##>    Num Rewrite                0                  0                  0                  0                  0                  0                  0                  0  
##>     Num Factor                0                  0                  0                  0                  0                  0                  0                  0  
##>      Num Share                0                  0                  0                  0                  0                  0                  0                  0  
##>   Num CmultCse                0                  0                  0                  0                  0                  0                  0                  0  
##>   Num Downsize                0                  0                  0                  0                  0                  0                  0                  0  
##>  Num Speculate                0                  0                  0                  0                  0                  0                  0                  0  
##>     Runtime(s)                0                  0                  0                  0                  0                  0                  0                  0  
+----------------------------------------------------------------------------------------------------------------------------------------------------------------+
##>
##>
##>+------------------------------------------------------------------------------------------------------------------------------------------------------------+
##>Optimization Step DEBUG Table for config CDN_DP_region_3_0_c7
##>
##>                          Step                        Area   ( % Chg)        WNS (Change)        TNS (Change)          Runtime (s)        Comment                   
##>+------------------------------------------------------------------------------------------------------------------------------------------------------------+
##>EquationExtraction              START                      0 (      )     6584.80 (        )             0 (        )              
##> rewrite                        START                      0 (  -nan)     6584.80 (   +0.00)             0 (       0)              (a,ar) Expr0_from --> Expr0_to
##>                                  END                      0 (  -nan)     6584.80 (   +0.00)             0 (       0)           0  
##>                                  END                      0 (  -nan)     6584.80 (   +0.00)             0 (       0)           0  
##>createMaxCarrySave              START                      0 (  -nan)     6584.80 (   +0.00)             0 (       0)              
##> datapath_rewrite_one_def       START                      0 (  -nan)     6584.80 (   +0.00)             0 (       0)              
##>                                  END                      0 (  -nan)     6584.80 (   +0.00)             0 (       0)           0  
##> csa_opto                       START                      0 (  -nan)     6584.80 (   +0.00)             0 (       0)              
##>                                  END                      0 (  -nan)     6584.80 (   +0.00)             0 (       0)           0  
##>                                  END                      0 (  -nan)     6584.80 (   +0.00)             0 (       0)           0  
##>canonicalize_by_names           START                      0 (  -nan)     6584.80 (   +0.00)             0 (       0)              
##>                                  END                      0 (  -nan)     6584.80 (   +0.00)             0 (       0)           0  
##>datapath_rewrite_post_csa_one_  START                      0 (  -nan)     6584.80 (   +0.00)             0 (       0)              
##>                                  END                      0 (  -nan)     6584.80 (   +0.00)             0 (       0)           0  
##>datapath_csa_factoring_one_gde  START                      0 (  -nan)     6584.80 (   +0.00)             0 (       0)              
##>                                  END                      0 (  -nan)     6584.80 (   +0.00)             0 (       0)           0  
##>dpopt_share_one_def             START                      0 (  -nan)     6584.80 (   +0.00)             0 (       0)              
##>                                  END                      0 (  -nan)     6584.80 (   +0.00)             0 (       0)           0  
##>datapath_rewrite_post_share     START                      0 (  -nan)     6584.80 (   +0.00)             0 (       0)              
##>                                  END                      0 (  -nan)     6584.80 (   +0.00)             0 (       0)           0  
##>dp_combine_const_mult_with_com  START                      0 (  -nan)     6584.80 (   +0.00)             0 (       0)              
##>                                  END                      0 (  -nan)     6584.80 (   +0.00)             0 (       0)           0  
##>dp_operator_level_decompositio  START                      0 (  -nan)     6584.80 (   +0.00)             0 (       0)              
##>                                  END                      0 (  -nan)     6584.80 (   +0.00)             0 (       0)           0  
##>selective_flatten_dp_config     START                      0 (  -nan)     6584.80 (   +0.00)             0 (       0)              
##>                                  END                      0 (  -nan)     6584.80 (   +0.00)             0 (       0)           0  
##>createMaxCarrySave              START                      0 (  -nan)     6584.80 (   +0.00)             0 (       0)              
##> datapath_rewrite_one_def       START                      0 (  -nan)     6584.80 (   +0.00)             0 (       0)              
##>  fast_cse_elim                 START                      0 (  -nan)     6584.80 (   +0.00)             0 (       0)              
##>                                  END                      0 (  -nan)     6584.80 (   +0.00)             0 (       0)           0  
##>  fast_cse_elim                 START                      0 (  -nan)     6584.80 (   +0.00)             0 (       0)              
##>                                  END                      0 (  -nan)     6584.80 (   +0.00)             0 (       0)           0  
##>                                  END                      0 (  -nan)     6584.80 (   +0.00)             0 (       0)           0  
##> csa_opto                       START                      0 (  -nan)     6584.80 (   +0.00)             0 (       0)              
##>                                  END                      0 (  -nan)     6584.80 (   +0.00)             0 (       0)           0  
##>                                  END                      0 (  -nan)     6584.80 (   +0.00)             0 (       0)           0  
##>context_based_simplify          START                      0 (  -nan)     6584.80 (   +0.00)             0 (       0)              
##>                                  END                      0 (  -nan)     6584.80 (   +0.00)             0 (       0)           0  
##>group_csa_final_adder_dp        START                      0 (  -nan)     6584.80 (   +0.00)             0 (       0)              
##>                                  END                      0 (  -nan)     6584.80 (   +0.00)             0 (       0)           0  
##>dpopt_flatten_critical_muxes_i  START                      0 (  -nan)     6584.80 (   +0.00)             0 (       0)              
##>                                  END                      0 (  -nan)     6584.80 (   +0.00)             0 (       0)           0  
##>create_score                    START                      0 (  -nan)     6584.80 (   +0.00)             0 (       0)              
##>                                  END                      0 (  -nan)     6584.80 (   +0.00)             0 (       0)           0  
##>+------------------------------------------------------------------------------------------------------------------------------------------------------------+
Committed config: CDN_DP_region_3_0_c7
Info    : Done implementing datapath configurations. [DPOPT-4]
        : Selected 'very_fast' configuration 7 for module 'CDN_DP_region_3_0'.
          Optimizations applied to 'very_fast' configuration:
            rewriting(0), factoring(0), sharing(0), cmultcse(0), downsizing(0), speculation(0)
Info    : Implementing datapath configurations. [DPOPT-3]
        : Implementing datapath configurations for 'CDN_DP_region_0_1'
CSAGen Prep Share:0 Re-Write:0 Speculation: 0
MaxCSA: Successfully built Maximal CSA Expression Expr1
CDN_DP_region_0_1 level = 0 loads = 0 drivers = 0
CDN_DP_region_0_1_c0 in async_fifo_DATA_WIDTH32_ADDR_WIDTH4: area: 0 ,dp = 1 mux = 0 sg = slow         worst_clk_period: -4592026240032378025400904948617662663623617814296412403109196685635436677325486847697539899045558696977562200096983249467790196183064336105051965287058681802740406595843515441394039155891227853989572009625250863212705590805954687493946667571462983191054066461967041570784935936.0000 
    wns: 0  norm_wns:  0.0000 
    fail_endp: 0 
    tns:  0  tns_per_endp:  0.0000   norm_tns_per_endp:  0.0000 
    tns_sense_max:  0.0000  tns_sense_avg:  0.0000   tns_sense_num: 0
 skipped
CDN_DP_region_0_1_c1 in async_fifo_DATA_WIDTH32_ADDR_WIDTH4: area: 0 ,dp = 1 mux = 0 sg = fast         worst_clk_period: 0.0000 
    wns: 0  norm_wns:  0.0000 
    fail_endp: 0 
    tns:  0  tns_per_endp:  0.0000   norm_tns_per_endp:  0.0000 
    tns_sense_max:  0.0000  tns_sense_avg:  0.0000   tns_sense_num: 0
 is current best
CDN_DP_region_0_1_c2 in async_fifo_DATA_WIDTH32_ADDR_WIDTH4: area: 0 ,dp = 1 mux = 0 sg = very_slow    worst_clk_period: 0.0000 
    wns: 0  norm_wns:  0.0000 
    fail_endp: 0 
    tns:  0  tns_per_endp:  0.0000   norm_tns_per_endp:  0.0000 
    tns_sense_max:  0.0000  tns_sense_avg:  0.0000   tns_sense_num: 0
 is current best
CDN_DP_region_0_1_c3 in async_fifo_DATA_WIDTH32_ADDR_WIDTH4: area: 0 ,dp = 1 mux = 0 sg = very_fast    worst_clk_period: 0.0000 
    wns: 0  norm_wns:  0.0000 
    fail_endp: 0 
    tns:  0  tns_per_endp:  0.0000   norm_tns_per_endp:  0.0000 
    tns_sense_max:  0.0000  tns_sense_avg:  0.0000   tns_sense_num: 0
 is current best
CDN_DP_region_0_1_c4 in async_fifo_DATA_WIDTH32_ADDR_WIDTH4: area: 0 ,dp = 1 mux = 0 sg = very_fast    worst_clk_period: 0.0000 
    wns: 0  norm_wns:  0.0000 
    fail_endp: 0 
    tns:  0  tns_per_endp:  0.0000   norm_tns_per_endp:  0.0000 
    tns_sense_max:  0.0000  tns_sense_avg:  0.0000   tns_sense_num: 0
 is current best
CDN_DP_region_0_1_c5 in async_fifo_DATA_WIDTH32_ADDR_WIDTH4: area: 0 ,dp = 1 mux = 0 sg = very_fast    worst_clk_period: 0.0000 
    wns: 0  norm_wns:  0.0000 
    fail_endp: 0 
    tns:  0  tns_per_endp:  0.0000   norm_tns_per_endp:  0.0000 
    tns_sense_max:  0.0000  tns_sense_avg:  0.0000   tns_sense_num: 0
 is current best
CDN_DP_region_0_1_c6 in async_fifo_DATA_WIDTH32_ADDR_WIDTH4: area: 0 ,dp = 1 mux = 0 sg = very_fast    worst_clk_period: 0.0000 
    wns: 0  norm_wns:  0.0000 
    fail_endp: 0 
    tns:  0  tns_per_endp:  0.0000   norm_tns_per_endp:  0.0000 
    tns_sense_max:  0.0000  tns_sense_avg:  0.0000   tns_sense_num: 0
 is current best
CDN_DP_region_0_1_c7 in async_fifo_DATA_WIDTH32_ADDR_WIDTH4: area: 0 ,dp = 1 mux = 0 sg = very_fast    worst_clk_period: 0.0000 
    wns: 0  norm_wns:  0.0000 
    fail_endp: 0 
    tns:  0  tns_per_endp:  0.0000   norm_tns_per_endp:  0.0000 
    tns_sense_max:  0.0000  tns_sense_avg:  0.0000   tns_sense_num: 0
 is current best
Best config: CDN_DP_region_0_1_c7 in async_fifo_DATA_WIDTH32_ADDR_WIDTH4: area: 0 ,dp = 1 mux = 0 sg = very_fast    worst_clk_period: 0.0000 
    wns: 0  norm_wns:  0.0000 
    fail_endp: 0 
    tns:  0  tns_per_endp:  0.0000   norm_tns_per_endp:  0.0000 
    tns_sense_max:  0.0000  tns_sense_avg:  0.0000   tns_sense_num: 0
  Smallest config area : 0.  Fastest config wns;  0
##>+----------------------------------------------------------------------------------------------------------------------------------------------------------------+
##>Summary table of configs (Best config is CDN_DP_region_0_1_c7)
##>+----------------------------------------------------------------------------------------------------------------------------------------------------------------+
##>                     0                  1                  2                  3                  4                  5                  6                  7            
##>+----------------------------------------------------------------------------------------------------------------------------------------------------------------+
##>           Area                0                  0                  0                  0                  0                  0                  0                  0  
##>            WNS          +854.70            +854.70            +854.70            +854.70            +854.70            +854.70            +854.70            +854.70  
##>            TNS                0                  0                  0                  0                  0                  0                  0                  0  
##>    Num Rewrite                0                  0                  0                  0                  0                  0                  0                  0  
##>     Num Factor                0                  0                  0                  0                  0                  0                  0                  0  
##>      Num Share                0                  0                  0                  0                  0                  0                  0                  0  
##>   Num CmultCse                0                  0                  0                  0                  0                  0                  0                  0  
##>   Num Downsize                0                  0                  0                  0                  0                  0                  0                  0  
##>  Num Speculate                0                  0                  0                  0                  0                  0                  0                  0  
##>     Runtime(s)                0                  0                  0                  0                  0                  0                  0                  0  
+----------------------------------------------------------------------------------------------------------------------------------------------------------------+
##>
##>
##>+------------------------------------------------------------------------------------------------------------------------------------------------------------+
##>Optimization Step DEBUG Table for config CDN_DP_region_0_1_c7
##>
##>                          Step                        Area   ( % Chg)        WNS (Change)        TNS (Change)          Runtime (s)        Comment                   
##>+------------------------------------------------------------------------------------------------------------------------------------------------------------+
##>EquationExtraction              START                      0 (      )      854.70 (        )             0 (        )              
##> rewrite                        START                      0 (  -nan)      852.70 (   -2.00)             0 (       0)              (a,ar) Expr1_from --> Expr1_to
##>                                  END                      0 (  -nan)      852.70 (   +0.00)             0 (       0)           0  
##>                                  END                      0 (  -nan)      854.70 (   +0.00)             0 (       0)           0  
##>createMaxCarrySave              START                      0 (  -nan)      854.70 (   +0.00)             0 (       0)              
##> datapath_rewrite_one_def       START                      0 (  -nan)      854.70 (   +0.00)             0 (       0)              
##>                                  END                      0 (  -nan)      854.70 (   +0.00)             0 (       0)           0  
##> csa_opto                       START                      0 (  -nan)      854.70 (   +0.00)             0 (       0)              
##>                                  END                      0 (  -nan)      854.70 (   +0.00)             0 (       0)           0  
##>                                  END                      0 (  -nan)      854.70 (   +0.00)             0 (       0)           0  
##>canonicalize_by_names           START                      0 (  -nan)      854.70 (   +0.00)             0 (       0)              
##>                                  END                      0 (  -nan)      854.70 (   +0.00)             0 (       0)           0  
##>datapath_rewrite_post_csa_one_  START                      0 (  -nan)      854.70 (   +0.00)             0 (       0)              
##>                                  END                      0 (  -nan)      854.70 (   +0.00)             0 (       0)           0  
##>datapath_csa_factoring_one_gde  START                      0 (  -nan)      854.70 (   +0.00)             0 (       0)              
##>                                  END                      0 (  -nan)      854.70 (   +0.00)             0 (       0)           0  
##>dpopt_share_one_def             START                      0 (  -nan)      854.70 (   +0.00)             0 (       0)              
##>                                  END                      0 (  -nan)      854.70 (   +0.00)             0 (       0)           0  
##>datapath_rewrite_post_share     START                      0 (  -nan)      854.70 (   +0.00)             0 (       0)              
##>                                  END                      0 (  -nan)      854.70 (   +0.00)             0 (       0)           0  
##>dp_combine_const_mult_with_com  START                      0 (  -nan)      854.70 (   +0.00)             0 (       0)              
##>                                  END                      0 (  -nan)      854.70 (   +0.00)             0 (       0)           0  
##>dp_operator_level_decompositio  START                      0 (  -nan)      854.70 (   +0.00)             0 (       0)              
##>                                  END                      0 (  -nan)      854.70 (   +0.00)             0 (       0)           0  
##>selective_flatten_dp_config     START                      0 (  -nan)      854.70 (   +0.00)             0 (       0)              
##>                                  END                      0 (  -nan)      854.70 (   +0.00)             0 (       0)           0  
##>createMaxCarrySave              START                      0 (  -nan)      854.70 (   +0.00)             0 (       0)              
##> datapath_rewrite_one_def       START                      0 (  -nan)      854.70 (   +0.00)             0 (       0)              
##>  fast_cse_elim                 START                      0 (  -nan)      854.70 (   +0.00)             0 (       0)              
##>                                  END                      0 (  -nan)      854.70 (   +0.00)             0 (       0)           0  
##>  fast_cse_elim                 START                      0 (  -nan)      854.70 (   +0.00)             0 (       0)              
##>                                  END                      0 (  -nan)      854.70 (   +0.00)             0 (       0)           0  
##>                                  END                      0 (  -nan)      854.70 (   +0.00)             0 (       0)           0  
##> csa_opto                       START                      0 (  -nan)      854.70 (   +0.00)             0 (       0)              
##>                                  END                      0 (  -nan)      854.70 (   +0.00)             0 (       0)           0  
##>                                  END                      0 (  -nan)      854.70 (   +0.00)             0 (       0)           0  
##>context_based_simplify          START                      0 (  -nan)      854.70 (   +0.00)             0 (       0)              
##>                                  END                      0 (  -nan)      854.70 (   +0.00)             0 (       0)           0  
##>group_csa_final_adder_dp        START                      0 (  -nan)      854.70 (   +0.00)             0 (       0)              
##>                                  END                      0 (  -nan)      854.70 (   +0.00)             0 (       0)           0  
##>dpopt_flatten_critical_muxes_i  START                      0 (  -nan)      854.70 (   +0.00)             0 (       0)              
##>                                  END                      0 (  -nan)      854.70 (   +0.00)             0 (       0)           0  
##>create_score                    START                      0 (  -nan)      854.70 (   +0.00)             0 (       0)              
##>                                  END                      0 (  -nan)      854.70 (   +0.00)             0 (       0)           0  
##>+------------------------------------------------------------------------------------------------------------------------------------------------------------+
Committed config: CDN_DP_region_0_1_c7
Info    : Done implementing datapath configurations. [DPOPT-4]
        : Selected 'very_fast' configuration 7 for module 'CDN_DP_region_0_1'.
          Optimizations applied to 'very_fast' configuration:
            rewriting(0), factoring(0), sharing(0), cmultcse(0), downsizing(0), speculation(0)
Info    : Implementing datapath configurations. [DPOPT-3]
        : Implementing datapath configurations for 'CDN_DP_region_0_0'
CSAGen Prep Share:0 Re-Write:0 Speculation: 0
MaxCSA: Successfully built Maximal CSA Expression Expr2
CDN_DP_region_0_0 level = 0 loads = 0 drivers = 0
CDN_DP_region_0_0_c0 in async_fifo_DATA_WIDTH32_ADDR_WIDTH4: area: 0 ,dp = 1 mux = 0 sg = slow         worst_clk_period: -4592026237130369492551181305324780544331229228682627042803353363399324384088142412266312033280327188805617198234147827751900207102289721825557232721595516027492325423861410853997160641780764194878342780208003490059690029503872012545970559386925890851635531129688082080990232576.0000 
    wns: 0  norm_wns:  0.0000 
    fail_endp: 0 
    tns:  0  tns_per_endp:  0.0000   norm_tns_per_endp:  0.0000 
    tns_sense_max:  0.0000  tns_sense_avg:  0.0000   tns_sense_num: 0
 skipped
CDN_DP_region_0_0_c1 in async_fifo_DATA_WIDTH32_ADDR_WIDTH4: area: 0 ,dp = 1 mux = 0 sg = fast         worst_clk_period: 0.0000 
    wns: 0  norm_wns:  0.0000 
    fail_endp: 0 
    tns:  0  tns_per_endp:  0.0000   norm_tns_per_endp:  0.0000 
    tns_sense_max:  0.0000  tns_sense_avg:  0.0000   tns_sense_num: 0
 is current best
CDN_DP_region_0_0_c2 in async_fifo_DATA_WIDTH32_ADDR_WIDTH4: area: 0 ,dp = 1 mux = 0 sg = very_slow    worst_clk_period: 0.0000 
    wns: 0  norm_wns:  0.0000 
    fail_endp: 0 
    tns:  0  tns_per_endp:  0.0000   norm_tns_per_endp:  0.0000 
    tns_sense_max:  0.0000  tns_sense_avg:  0.0000   tns_sense_num: 0
 is current best
CDN_DP_region_0_0_c3 in async_fifo_DATA_WIDTH32_ADDR_WIDTH4: area: 0 ,dp = 1 mux = 0 sg = very_fast    worst_clk_period: 0.0000 
    wns: 0  norm_wns:  0.0000 
    fail_endp: 0 
    tns:  0  tns_per_endp:  0.0000   norm_tns_per_endp:  0.0000 
    tns_sense_max:  0.0000  tns_sense_avg:  0.0000   tns_sense_num: 0
 is current best
CDN_DP_region_0_0_c4 in async_fifo_DATA_WIDTH32_ADDR_WIDTH4: area: 0 ,dp = 1 mux = 0 sg = very_fast    worst_clk_period: 0.0000 
    wns: 0  norm_wns:  0.0000 
    fail_endp: 0 
    tns:  0  tns_per_endp:  0.0000   norm_tns_per_endp:  0.0000 
    tns_sense_max:  0.0000  tns_sense_avg:  0.0000   tns_sense_num: 0
 is current best
CDN_DP_region_0_0_c5 in async_fifo_DATA_WIDTH32_ADDR_WIDTH4: area: 0 ,dp = 1 mux = 0 sg = very_fast    worst_clk_period: 0.0000 
    wns: 0  norm_wns:  0.0000 
    fail_endp: 0 
    tns:  0  tns_per_endp:  0.0000   norm_tns_per_endp:  0.0000 
    tns_sense_max:  0.0000  tns_sense_avg:  0.0000   tns_sense_num: 0
 is current best
CDN_DP_region_0_0_c6 in async_fifo_DATA_WIDTH32_ADDR_WIDTH4: area: 0 ,dp = 1 mux = 0 sg = very_fast    worst_clk_period: 0.0000 
    wns: 0  norm_wns:  0.0000 
    fail_endp: 0 
    tns:  0  tns_per_endp:  0.0000   norm_tns_per_endp:  0.0000 
    tns_sense_max:  0.0000  tns_sense_avg:  0.0000   tns_sense_num: 0
 is current best
CDN_DP_region_0_0_c7 in async_fifo_DATA_WIDTH32_ADDR_WIDTH4: area: 0 ,dp = 1 mux = 0 sg = very_fast    worst_clk_period: 0.0000 
    wns: 0  norm_wns:  0.0000 
    fail_endp: 0 
    tns:  0  tns_per_endp:  0.0000   norm_tns_per_endp:  0.0000 
    tns_sense_max:  0.0000  tns_sense_avg:  0.0000   tns_sense_num: 0
 is current best
Best config: CDN_DP_region_0_0_c7 in async_fifo_DATA_WIDTH32_ADDR_WIDTH4: area: 0 ,dp = 1 mux = 0 sg = very_fast    worst_clk_period: 0.0000 
    wns: 0  norm_wns:  0.0000 
    fail_endp: 0 
    tns:  0  tns_per_endp:  0.0000   norm_tns_per_endp:  0.0000 
    tns_sense_max:  0.0000  tns_sense_avg:  0.0000   tns_sense_num: 0
  Smallest config area : 0.  Fastest config wns;  0
##>+----------------------------------------------------------------------------------------------------------------------------------------------------------------+
##>Summary table of configs (Best config is CDN_DP_region_0_0_c7)
##>+----------------------------------------------------------------------------------------------------------------------------------------------------------------+
##>                     0                  1                  2                  3                  4                  5                  6                  7            
##>+----------------------------------------------------------------------------------------------------------------------------------------------------------------+
##>           Area                0                  0                  0                  0                  0                  0                  0                  0  
##>            WNS          +854.70            +854.70            +854.70            +854.70            +854.70            +854.70            +854.70            +854.70  
##>            TNS                0                  0                  0                  0                  0                  0                  0                  0  
##>    Num Rewrite                0                  0                  0                  0                  0                  0                  0                  0  
##>     Num Factor                0                  0                  0                  0                  0                  0                  0                  0  
##>      Num Share                0                  0                  0                  0                  0                  0                  0                  0  
##>   Num CmultCse                0                  0                  0                  0                  0                  0                  0                  0  
##>   Num Downsize                0                  0                  0                  0                  0                  0                  0                  0  
##>  Num Speculate                0                  0                  0                  0                  0                  0                  0                  0  
##>     Runtime(s)                0                  0                  0                  0                  0                  0                  0                  0  
+----------------------------------------------------------------------------------------------------------------------------------------------------------------+
##>
##>
##>+------------------------------------------------------------------------------------------------------------------------------------------------------------+
##>Optimization Step DEBUG Table for config CDN_DP_region_0_0_c7
##>
##>                          Step                        Area   ( % Chg)        WNS (Change)        TNS (Change)          Runtime (s)        Comment                   
##>+------------------------------------------------------------------------------------------------------------------------------------------------------------+
##>EquationExtraction              START                      0 (      )      854.70 (        )             0 (        )              
##> rewrite                        START                      0 (  -nan)      852.70 (   -2.00)             0 (       0)              (a,ar) Expr2_from --> Expr2_to
##>                                  END                      0 (  -nan)      852.70 (   +0.00)             0 (       0)           0  
##>                                  END                      0 (  -nan)      854.70 (   +0.00)             0 (       0)           0  
##>createMaxCarrySave              START                      0 (  -nan)      854.70 (   +0.00)             0 (       0)              
##> datapath_rewrite_one_def       START                      0 (  -nan)      854.70 (   +0.00)             0 (       0)              
##>                                  END                      0 (  -nan)      854.70 (   +0.00)             0 (       0)           0  
##> csa_opto                       START                      0 (  -nan)      854.70 (   +0.00)             0 (       0)              
##>                                  END                      0 (  -nan)      854.70 (   +0.00)             0 (       0)           0  
##>                                  END                      0 (  -nan)      854.70 (   +0.00)             0 (       0)           0  
##>canonicalize_by_names           START                      0 (  -nan)      854.70 (   +0.00)             0 (       0)              
##>                                  END                      0 (  -nan)      854.70 (   +0.00)             0 (       0)           0  
##>datapath_rewrite_post_csa_one_  START                      0 (  -nan)      854.70 (   +0.00)             0 (       0)              
##>                                  END                      0 (  -nan)      854.70 (   +0.00)             0 (       0)           0  
##>datapath_csa_factoring_one_gde  START                      0 (  -nan)      854.70 (   +0.00)             0 (       0)              
##>                                  END                      0 (  -nan)      854.70 (   +0.00)             0 (       0)           0  
##>dpopt_share_one_def             START                      0 (  -nan)      854.70 (   +0.00)             0 (       0)              
##>                                  END                      0 (  -nan)      854.70 (   +0.00)             0 (       0)           0  
##>datapath_rewrite_post_share     START                      0 (  -nan)      854.70 (   +0.00)             0 (       0)              
##>                                  END                      0 (  -nan)      854.70 (   +0.00)             0 (       0)           0  
##>dp_combine_const_mult_with_com  START                      0 (  -nan)      854.70 (   +0.00)             0 (       0)              
##>                                  END                      0 (  -nan)      854.70 (   +0.00)             0 (       0)           0  
##>dp_operator_level_decompositio  START                      0 (  -nan)      854.70 (   +0.00)             0 (       0)              
##>                                  END                      0 (  -nan)      854.70 (   +0.00)             0 (       0)           0  
##>selective_flatten_dp_config     START                      0 (  -nan)      854.70 (   +0.00)             0 (       0)              
##>                                  END                      0 (  -nan)      854.70 (   +0.00)             0 (       0)           0  
##>createMaxCarrySave              START                      0 (  -nan)      854.70 (   +0.00)             0 (       0)              
##> datapath_rewrite_one_def       START                      0 (  -nan)      854.70 (   +0.00)             0 (       0)              
##>  fast_cse_elim                 START                      0 (  -nan)      854.70 (   +0.00)             0 (       0)              
##>                                  END                      0 (  -nan)      854.70 (   +0.00)             0 (       0)           0  
##>  fast_cse_elim                 START                      0 (  -nan)      854.70 (   +0.00)             0 (       0)              
##>                                  END                      0 (  -nan)      854.70 (   +0.00)             0 (       0)           0  
##>                                  END                      0 (  -nan)      854.70 (   +0.00)             0 (       0)           0  
##> csa_opto                       START                      0 (  -nan)      854.70 (   +0.00)             0 (       0)              
##>                                  END                      0 (  -nan)      854.70 (   +0.00)             0 (       0)           0  
##>                                  END                      0 (  -nan)      854.70 (   +0.00)             0 (       0)           0  
##>context_based_simplify          START                      0 (  -nan)      854.70 (   +0.00)             0 (       0)              
##>                                  END                      0 (  -nan)      854.70 (   +0.00)             0 (       0)           0  
##>group_csa_final_adder_dp        START                      0 (  -nan)      854.70 (   +0.00)             0 (       0)              
##>                                  END                      0 (  -nan)      854.70 (   +0.00)             0 (       0)           0  
##>dpopt_flatten_critical_muxes_i  START                      0 (  -nan)      854.70 (   +0.00)             0 (       0)              
##>                                  END                      0 (  -nan)      854.70 (   +0.00)             0 (       0)           0  
##>create_score                    START                      0 (  -nan)      854.70 (   +0.00)             0 (       0)              
##>                                  END                      0 (  -nan)      854.70 (   +0.00)             0 (       0)           0  
##>+------------------------------------------------------------------------------------------------------------------------------------------------------------+
Committed config: CDN_DP_region_0_0_c7
Info    : Done implementing datapath configurations. [DPOPT-4]
        : Selected 'very_fast' configuration 7 for module 'CDN_DP_region_0_0'.
          Optimizations applied to 'very_fast' configuration:
            rewriting(0), factoring(0), sharing(0), cmultcse(0), downsizing(0), speculation(0)
Info    : Implementing datapath configurations. [DPOPT-3]
        : Implementing datapath configurations for 'CDN_DP_region_3_1'
CSAGen Prep Share:0 Re-Write:0 Speculation: 0
MaxCSA: Successfully built Maximal CSA Expression Expr3
CDN_DP_region_3_1 level = 0 loads = 0 drivers = 0
CDN_DP_region_3_1_c0 in dma_engine_DATA_WIDTH32_COUNT_WIDTH16: area: 0 ,dp = 1 mux = 0 sg = slow         worst_clk_period: 0.0000 
    wns: 0  norm_wns:  0.0000 
    fail_endp: 0 
    tns:  0  tns_per_endp:  0.0000   norm_tns_per_endp:  0.0000 
    tns_sense_max:  0.0000  tns_sense_avg:  0.0000   tns_sense_num: 0
 skipped
CDN_DP_region_3_1_c1 in dma_engine_DATA_WIDTH32_COUNT_WIDTH16: area: 0 ,dp = 1 mux = 0 sg = fast         worst_clk_period: 0.0000 
    wns: 0  norm_wns:  0.0000 
    fail_endp: 0 
    tns:  0  tns_per_endp:  0.0000   norm_tns_per_endp:  0.0000 
    tns_sense_max:  0.0000  tns_sense_avg:  0.0000   tns_sense_num: 0
 is current best
CDN_DP_region_3_1_c2 in dma_engine_DATA_WIDTH32_COUNT_WIDTH16: area: 0 ,dp = 1 mux = 0 sg = very_slow    worst_clk_period: 0.0000 
    wns: 0  norm_wns:  0.0000 
    fail_endp: 0 
    tns:  0  tns_per_endp:  0.0000   norm_tns_per_endp:  0.0000 
    tns_sense_max:  0.0000  tns_sense_avg:  0.0000   tns_sense_num: 0
 is current best
CDN_DP_region_3_1_c3 in dma_engine_DATA_WIDTH32_COUNT_WIDTH16: area: 0 ,dp = 1 mux = 0 sg = very_fast    worst_clk_period: 0.0000 
    wns: 0  norm_wns:  0.0000 
    fail_endp: 0 
    tns:  0  tns_per_endp:  0.0000   norm_tns_per_endp:  0.0000 
    tns_sense_max:  0.0000  tns_sense_avg:  0.0000   tns_sense_num: 0
 is current best
CDN_DP_region_3_1_c4 in dma_engine_DATA_WIDTH32_COUNT_WIDTH16: area: 0 ,dp = 1 mux = 0 sg = very_fast    worst_clk_period: 0.0000 
    wns: 0  norm_wns:  0.0000 
    fail_endp: 0 
    tns:  0  tns_per_endp:  0.0000   norm_tns_per_endp:  0.0000 
    tns_sense_max:  0.0000  tns_sense_avg:  0.0000   tns_sense_num: 0
 is current best
CDN_DP_region_3_1_c5 in dma_engine_DATA_WIDTH32_COUNT_WIDTH16: area: 0 ,dp = 1 mux = 0 sg = very_fast    worst_clk_period: 0.0000 
    wns: 0  norm_wns:  0.0000 
    fail_endp: 0 
    tns:  0  tns_per_endp:  0.0000   norm_tns_per_endp:  0.0000 
    tns_sense_max:  0.0000  tns_sense_avg:  0.0000   tns_sense_num: 0
 is current best
CDN_DP_region_3_1_c6 in dma_engine_DATA_WIDTH32_COUNT_WIDTH16: area: 0 ,dp = 1 mux = 0 sg = very_fast    worst_clk_period: 0.0000 
    wns: 0  norm_wns:  0.0000 
    fail_endp: 0 
    tns:  0  tns_per_endp:  0.0000   norm_tns_per_endp:  0.0000 
    tns_sense_max:  0.0000  tns_sense_avg:  0.0000   tns_sense_num: 0
 is current best
CDN_DP_region_3_1_c7 in dma_engine_DATA_WIDTH32_COUNT_WIDTH16: area: 0 ,dp = 1 mux = 0 sg = very_fast    worst_clk_period: 0.0000 
    wns: 0  norm_wns:  0.0000 
    fail_endp: 0 
    tns:  0  tns_per_endp:  0.0000   norm_tns_per_endp:  0.0000 
    tns_sense_max:  0.0000  tns_sense_avg:  0.0000   tns_sense_num: 0
 is current best
Best config: CDN_DP_region_3_1_c7 in dma_engine_DATA_WIDTH32_COUNT_WIDTH16: area: 0 ,dp = 1 mux = 0 sg = very_fast    worst_clk_period: 0.0000 
    wns: 0  norm_wns:  0.0000 
    fail_endp: 0 
    tns:  0  tns_per_endp:  0.0000   norm_tns_per_endp:  0.0000 
    tns_sense_max:  0.0000  tns_sense_avg:  0.0000   tns_sense_num: 0
  Smallest config area : 0.  Fastest config wns;  0
##>+----------------------------------------------------------------------------------------------------------------------------------------------------------------+
##>Summary table of configs (Best config is CDN_DP_region_3_1_c7)
##>+----------------------------------------------------------------------------------------------------------------------------------------------------------------+
##>                     0                  1                  2                  3                  4                  5                  6                  7            
##>+----------------------------------------------------------------------------------------------------------------------------------------------------------------+
##>           Area                0                  0                  0                  0                  0                  0                  0                  0  
##>            WNS         +6753.20           +6742.70           +6742.70           +6742.70           +6742.70           +6742.70           +6742.70           +6742.70  
##>            TNS                0                  0                  0                  0                  0                  0                  0                  0  
##>    Num Rewrite                0                  0                  0                  0                  0                  0                  0                  0  
##>     Num Factor                0                  0                  0                  0                  0                  0                  0                  0  
##>      Num Share                0                  0                  0                  0                  0                  0                  0                  0  
##>   Num CmultCse                0                  0                  0                  0                  0                  0                  0                  0  
##>   Num Downsize                0                  0                  0                  0                  0                  0                  0                  0  
##>  Num Speculate                0                  0                  0                  0                  0                  0                  0                  0  
##>     Runtime(s)                0                  0                  0                  0                  0                  0                  0                  0  
+----------------------------------------------------------------------------------------------------------------------------------------------------------------+
##>
##>
##>+------------------------------------------------------------------------------------------------------------------------------------------------------------+
##>Optimization Step DEBUG Table for config CDN_DP_region_3_1_c7
##>
##>                          Step                        Area   ( % Chg)        WNS (Change)        TNS (Change)          Runtime (s)        Comment                   
##>+------------------------------------------------------------------------------------------------------------------------------------------------------------+
##>EquationExtraction              START                      0 (      )     6753.20 (        )             0 (        )              
##> rewrite                        START                      0 (  -nan)     6744.90 (   -8.30)             0 (       0)              (a,ar) Expr3_from --> Expr3_to
##>                                  END                      0 (  -nan)     6744.90 (   +0.00)             0 (       0)           0  
##>                                  END                      0 (  -nan)     6753.20 (   +0.00)             0 (       0)           0  
##>createMaxCarrySave              START                      0 (  -nan)     6753.20 (   +0.00)             0 (       0)              
##> datapath_rewrite_one_def       START                      0 (  -nan)     6753.20 (   +0.00)             0 (       0)              
##>                                  END                      0 (  -nan)     6753.20 (   +0.00)             0 (       0)           0  
##> csa_opto                       START                      0 (  -nan)     6753.20 (   +0.00)             0 (       0)              
##>                                  END                      0 (  -nan)     6734.90 (  -18.30)             0 (       0)           0  
##>                                  END                      0 (  -nan)     6734.90 (  -18.30)             0 (       0)           0  
##>canonicalize_by_names           START                      0 (  -nan)     6734.90 (   +0.00)             0 (       0)              
##>                                  END                      0 (  -nan)     6734.90 (   +0.00)             0 (       0)           0  
##>datapath_rewrite_post_csa_one_  START                      0 (  -nan)     6734.90 (   +0.00)             0 (       0)              
##>                                  END                      0 (  -nan)     6734.90 (   +0.00)             0 (       0)           0  
##>datapath_csa_factoring_one_gde  START                      0 (  -nan)     6734.90 (   +0.00)             0 (       0)              
##>                                  END                      0 (  -nan)     6734.90 (   +0.00)             0 (       0)           0  
##>dpopt_share_one_def             START                      0 (  -nan)     6734.90 (   +0.00)             0 (       0)              
##>                                  END                      0 (  -nan)     6734.90 (   +0.00)             0 (       0)           0  
##>datapath_rewrite_post_share     START                      0 (  -nan)     6734.90 (   +0.00)             0 (       0)              
##>                                  END                      0 (  -nan)     6734.90 (   +0.00)             0 (       0)           0  
##>dp_combine_const_mult_with_com  START                      0 (  -nan)     6734.90 (   +0.00)             0 (       0)              
##>                                  END                      0 (  -nan)     6734.90 (   +0.00)             0 (       0)           0  
##>dp_operator_level_decompositio  START                      0 (  -nan)     6734.90 (   +0.00)             0 (       0)              
##>                                  END                      0 (  -nan)     6734.90 (   +0.00)             0 (       0)           0  
##>selective_flatten_dp_config     START                      0 (  -nan)     6734.90 (   +0.00)             0 (       0)              
##>                                  END                      0 (  -nan)     6734.90 (   +0.00)             0 (       0)           0  
##>createMaxCarrySave              START                      0 (  -nan)     6734.90 (   +0.00)             0 (       0)              
##> datapath_rewrite_one_def       START                      0 (  -nan)     6734.90 (   +0.00)             0 (       0)              
##>  fast_cse_elim                 START                      0 (  -nan)     6734.90 (   +0.00)             0 (       0)              
##>                                  END                      0 (  -nan)     6734.90 (   +0.00)             0 (       0)           0  
##>  fast_cse_elim                 START                      0 (  -nan)     6734.90 (   +0.00)             0 (       0)              
##>                                  END                      0 (  -nan)     6734.90 (   +0.00)             0 (       0)           0  
##>                                  END                      0 (  -nan)     6734.90 (   +0.00)             0 (       0)           0  
##> csa_opto                       START                      0 (  -nan)     6734.90 (   +0.00)             0 (       0)              
##>                                  END                      0 (  -nan)     6734.90 (   +0.00)             0 (       0)           0  
##>                                  END                      0 (  -nan)     6734.90 (   +0.00)             0 (       0)           0  
##>context_based_simplify          START                      0 (  -nan)     6734.90 (   +0.00)             0 (       0)              
##>                                  END                      0 (  -nan)     6742.70 (   +7.80)             0 (       0)           0  
##>group_csa_final_adder_dp        START                      0 (  -nan)     6742.70 (   +0.00)             0 (       0)              
##>                                  END                      0 (  -nan)     6742.70 (   +0.00)             0 (       0)           0  
##>dpopt_flatten_critical_muxes_i  START                      0 (  -nan)     6742.70 (   +0.00)             0 (       0)              
##>                                  END                      0 (  -nan)     6742.70 (   +0.00)             0 (       0)           0  
##>create_score                    START                      0 (  -nan)     6742.70 (   +0.00)             0 (       0)              
##>                                  END                      0 (  -nan)     6742.70 (   +0.00)             0 (       0)           0  
##>+------------------------------------------------------------------------------------------------------------------------------------------------------------+
Committed config: CDN_DP_region_3_1_c7
Info    : Done implementing datapath configurations. [DPOPT-4]
        : Selected 'very_fast' configuration 7 for module 'CDN_DP_region_3_1'.
          Optimizations applied to 'very_fast' configuration:
            rewriting(0), factoring(0), sharing(0), cmultcse(0), downsizing(0), speculation(0)
Info    : Done optimizing datapath logic. [DPOPT-2]
        : Done optimizing datapath logic in 'dma'.
Number of big hc bmuxes after = 0
Starting logic reduction [v1.0] (stage: post_rtlopt, startdef: dma, recur: true)
Completed logic reduction (accepts: 0, rejects: 0, runtime: 0.000s)
Starting mux data reorder optimization [v1.0] (stage: post_rtlopt, startdef: dma, recur: true)
Completed mux data reorder optimization (accepts: 0, rejects: 0, runtime: 0.000s)
Starting mux speculation [v1.0] (stage: post_muxopt, startdef: dma, recur: true)
Starting speculation optimization
Completed speculation optimization (accepts:0)
Completed mux speculation (accepts: 0, rejects: 0, runtime: 0.013s)
==================================
Stage : to_generic 
==================================
  =================
   Message Summary
  =================
-------------------------------------------------------------------------------------------------------------------------------------------------------------------------------------------------------------------
|     Id     |  Sev   |Count |                                                                                   Message Text                                                                                     |
-------------------------------------------------------------------------------------------------------------------------------------------------------------------------------------------------------------------
| CDFG-210   |Error   |    1 |Could not find an HDL design.                                                                                                                                                       |
|            |        |      |This error may happen if you read a set of files, and you try to elaborate a design which description is not part of the files read. To fix this, check the name of the design you  |
|            |        |      | want to elaborate, or check if you have read all the expected RTL files.                                                                                                           |
| CDFG-250   |Info    |    1 |Processing multi-dimensional arrays.                                                                                                                                                |
| CDFG-500   |Info    |    1 |Unused module input port.                                                                                                                                                           |
|            |        |      |(In port definition within the module, the input port is not used in any assignment statements or conditional expressions for decision statements.                                  |
| CDFG-508   |Warning |    1 |Removing unused register.                                                                                                                                                           |
|            |        |      |Genus removes the flip-flop or latch inferred for an unused signal or variable. To preserve the flip-flop or latch, set the hdl_preserve_unused_registers attribute to true or use  |
|            |        |      | a pragma in the RTL.                                                                                                                                                               |
| CDFG-738   |Info    |    3 |Common subexpression eliminated.                                                                                                                                                    |
| CDFG-739   |Info    |    3 |Common subexpression kept.                                                                                                                                                          |
| CDFG-818   |Warning |    1 |Using default parameter value for module elaboration.                                                                                                                               |
| CWD-19     |Info    |   47 |An implementation was inferred.                                                                                                                                                     |
| DPOPT-1    |Info    |    1 |Optimizing datapath logic.                                                                                                                                                          |
| DPOPT-2    |Info    |    1 |Done optimizing datapath logic.                                                                                                                                                     |
| DPOPT-3    |Info    |    5 |Implementing datapath configurations.                                                                                                                                               |
| DPOPT-4    |Info    |    5 |Done implementing datapath configurations.                                                                                                                                          |
| DPOPT-6    |Info    |    1 |Pre-processed datapath logic.                                                                                                                                                       |
| ELAB-1     |Info    |    1 |Elaborating Design.                                                                                                                                                                 |
| ELAB-2     |Info    |    3 |Elaborating Subdesign.                                                                                                                                                              |
| ELAB-3     |Info    |    1 |Done Elaborating Design.                                                                                                                                                            |
| FILE-100   |Error   |    1 |File error.                                                                                                                                                                         |
|            |        |      |Make sure that the file is a readable regular file and has the specified name.                                                                                                      |
| GLO-12     |Info    |    4 |Replacing a flip-flop with a logic constant 0.                                                                                                                                      |
|            |        |      |To prevent this optimization, set the 'optimize_constant_0_flops' root attribute to 'false' or 'optimize_constant_0_seq' instance attribute to 'false'. You can also see the        |
|            |        |      | complete list of deleted sequential with command 'report sequential -deleted' (on Reason 'constant0').                                                                             |
| GLO-34     |Info    |    3 |Deleting instances not driving any primary outputs.                                                                                                                                 |
|            |        |      |Optimizations such as constant propagation or redundancy removal could change the connections so a hierarchical instance does not drive any primary outputs anymore. To see the     |
|            |        |      | list of deleted hierarchical instances, set the 'information_level' attribute to 2 or above. If the message is truncated set the message attribute 'truncate' to false to see the  |
|            |        |      | complete list. To prevent this optimization, set the 'delete_unloaded_insts' root/subdesign attribute to 'false' or 'preserve' instance attribute to 'true'.                       |
| GLO-42     |Info    |    3 |Equivalent sequential instances have been merged.                                                                                                                                   |
|            |        |      |To prevent merging of sequential instances, set the 'optimize_merge_flops' and 'optimize_merge_latches' root attributes to 'false' or the 'optimize_merge_seq' instance attribute   |
|            |        |      | to 'false'.                                                                                                                                                                        |
| LBR-41     |Info    |    1 |An output library pin lacks a function attribute.                                                                                                                                   |
|            |        |      |If the remainder of this library cell's semantic checks are successful, it will be considered as a timing-model (because one of its outputs does not have a valid function.         |
| LBR-43     |Warning |  485 |Libcell has no area attribute.  Defaulting to 0 area.                                                                                                                               |
|            |        |      |Specify a valid area value for the libcell.                                                                                                                                         |
| LBR-68     |Error   |    1 |A library file does not exist.                                                                                                                                                      |
|            |        |      |Make sure that the library file exists or check for a typo in the file name.                                                                                                        |
| LBR-155    |Info    |  248 |Mismatch in unateness between 'timing_sense' attribute and the function.                                                                                                            |
|            |        |      |The 'timing_sense' attribute will be respected.                                                                                                                                     |
| LBR-161    |Info    |    1 |Setting the maximum print count of this message to 10 if information_level is less than 9.                                                                                          |
| LBR-162    |Info    |  124 |Both 'pos_unate' and 'neg_unate' timing_sense arcs have been processed.                                                                                                             |
|            |        |      |Setting the 'timing_sense' to non_unate.                                                                                                                                            |
| LBR-170    |Info    |   64 |Ignoring specified timing sense.                                                                                                                                                    |
|            |        |      |Timing sense should never be set with 'rising_edge' or 'falling_edge' timing type.                                                                                                  |
| LBR-412    |Info    |    1 |Created nominal operating condition.                                                                                                                                                |
|            |        |      |The nominal operating condition is represented, either by the nominal PVT values specified in the library source (via nom_process,nom_voltage and nom_temperature respectively)     |
|            |        |      | , or by the default PVT values (1.0,1.0,1.0).                                                                                                                                      |
| LBR-516    |Info    |    1 |Missing library level attribute.                                                                                                                                                    |
| LBR-518    |Info    |    1 |Missing a function attribute in the output pin definition.                                                                                                                          |
| PHYS-752   |Info    |    1 |Partition Based Synthesis execution skipped.                                                                                                                                        |
| SYNTH-1    |Info    |    1 |Synthesizing.                                                                                                                                                                       |
| TIM-1000   |Info    |    1 |Multimode clock gating check is disabled.                                                                                                                                           |
| TUI-24     |Error   |    1 |The data value for this attribute is invalid.                                                                                                                                       |
|            |        |      |To see the usage/description for this attribute, type '::legacy::set_attribute -h <attr_name> *' (in legacy UI mode) or 'help * <attr_name> -detail' (in CUI mode).                 |
| TUI-61     |Error   |    1 |A required object parameter could not be found.                                                                                                                                     |
|            |        |      |Check to make sure that the object exists and is of the correct type.  The 'what_is' command can be used to determine the type of an object.                                        |
| VLOGPT-506 |Warning |    1 |Unused attribute.                                                                                                                                                                   |
| VLOGPT-650 |Warning |    1 |Cannot open file.                                                                                                                                                                   |
|            |        |      |The specified file could not be opened.  Check the value of the init_hdl_search_path attribute.                                                                                     |
-------------------------------------------------------------------------------------------------------------------------------------------------------------------------------------------------------------------
Mapper: Libraries have:
	domain _default_: 324 combo usable cells and 126 sequential usable cells
Multi-threaded constant propagation [1|1] ...
new_area=0  new_slack=857.30  new_is_better=0
new_area=0  new_slack=9807.30  new_is_better=0
new_area=0  new_slack=852.70  new_is_better=0
new_area=0  new_slack=852.70  new_is_better=0
new_area=0  new_slack=850.80  new_is_better=0
new_area=0  new_slack=214748364.70  new_is_better=0
Warning : The database contains a field that the reader does not support. [DATABASE-103]
        : Unsupported data skipped.
Warning : The database contains a field that the reader does not support. [DATABASE-103]
        : Unsupported data skipped.
Warning : The database contains a field that the reader does not support. [DATABASE-103]
        : Unsupported data skipped.
Warning : The database contains a field that the reader does not support. [DATABASE-103]
        : Unsupported data skipped.
==================================
Stage : first_condense 
==================================
  =================
   Message Summary
  =================
-------------------------------------------------------------------------------------------------------------------------------------------------------------------------------------------------------------------
|      Id      |  Sev   |Count |                                                                                  Message Text                                                                                    |
-------------------------------------------------------------------------------------------------------------------------------------------------------------------------------------------------------------------
| DATABASE-103 |Warning |    4 |The database contains a field that the reader does not support.                                                                                                                   |
| GB-6         |Info    |    4 |A datapath component has been ungrouped.                                                                                                                                          |
| GLO-51       |Info    |    2 |Hierarchical instance automatically ungrouped.                                                                                                                                    |
|              |        |      |Hierarchical instances can be automatically ungrouped to allow for better area or timing optimization. To prevent this ungroup, set the root-level attribute 'auto_ungroup' to    |
|              |        |      | 'none'. You can also prevent individual ungroup with setting the attribute 'ungroup_ok' of instances or modules to 'false'.                                                      |
-------------------------------------------------------------------------------------------------------------------------------------------------------------------------------------------------------------------
 
Global mapping target info
==========================
Cost Group 'axi_clk' target slack: -1077 ps
Target path end-point (Port: dma/irq)

Cost Group 'dma_clk' target slack:    29 ps
Target path end-point (Pin: u_fifo/wgray_s1_reg[4]/d)


State Retention Synthesis Status
================================

Category                        Flops   Percentage
--------------------------------------------------
Total instances                   211        100.0
Excluded from State Retention     211        100.0
    - Will not convert            211        100.0
      - Preserved                   0          0.0
      - Power intent excluded     211        100.0
    - Could not convert             0          0.0
      - Scan type                   0          0.0
      - No suitable cell            0          0.0
State Retention instances           0          0.0
--------------------------------------------------

PBS_Generic_Opt-Post - Elapsed_Time 4, CPU_Time 2.9997749999999996
stamp 'PBS_Generic_Opt-Post' being created for table 'pbs_debug'

  Total Time (Wall) |  Stage Time (Wall)  |   % (Wall)   |    Date - Time     |  Memory   | Stage
--------------------+---------------------+--------------+--------------------+-----------+----------------------
 00:00:24(00:09:29) |  00:00:00(00:00:00) |   0.0(  0.0) |   12:49:28 (Jun06) |  301.8 MB | PBS_Generic-Start
--------------------+---------------------+--------------+--------------------+-----------+----------------------
 00:00:26(00:09:33) |  00:00:02(00:00:04) | 100.0(100.0) |   12:49:32 (Jun06) |  529.0 MB | PBS_Generic_Opt-Post
--------------------+---------------------+--------------+--------------------+-----------+----------------------
Number of threads: 0 * 1   (id: pbs_debug, time_info v1.57)
Info: (*N*) indicates data that was populated from previously saved time_info database
PBS_Generic-Postgen HBO Optimizations - Elapsed_Time 0, CPU_Time 0.0
stamp 'PBS_Generic-Postgen HBO Optimizations' being created for table 'pbs_debug'

  Total Time (Wall) |  Stage Time (Wall)  |   % (Wall)   |    Date - Time     |  Memory   | Stage
--------------------+---------------------+--------------+--------------------+-----------+----------------------
 00:00:24(00:09:29) |  00:00:00(00:00:00) |   0.0(  0.0) |   12:49:28 (Jun06) |  301.8 MB | PBS_Generic-Start
--------------------+---------------------+--------------+--------------------+-----------+----------------------
 00:00:26(00:09:33) |  00:00:02(00:00:04) | 100.0(100.0) |   12:49:32 (Jun06) |  529.0 MB | PBS_Generic_Opt-Post
--------------------+---------------------+--------------+--------------------+-----------+----------------------
 00:00:26(00:09:33) |  00:00:00(00:00:00) |   0.0(  0.0) |   12:49:32 (Jun06) |  529.0 MB | PBS_Generic-Postgen HBO Optimizations
--------------------+---------------------+--------------+--------------------+-----------+----------------------
Number of threads: 0 * 1   (id: pbs_debug, time_info v1.57)
Info: (*N*) indicates data that was populated from previously saved time_info database
##>=================== Cadence Confidential (Generic-Logical) ===================
##>=================== Cadence Confidential (Generic-Logical) ===================
##>Main Thread Summary:
##>----------------------------------------------------------------------------------------
##>STEP                           Elapsed       WNS       TNS     Insts      Area    Memory
##>----------------------------------------------------------------------------------------
##>G:Initial                            0         -         -       533         0       301
##>G:Setup                              0         -         -         -         -         -
##>G:Launch ST                          0         -         -         -         -         -
##>G:Design Partition                   0         -         -         -         -         -
##>G:Create Partition Netlists          0         -         -         -         -         -
##>G:Init Power                         0         -         -         -         -         -
##>G:Budgeting                          0         -         -         -         -         -
##>G:Derenv-DB                          0         -         -         -         -         -
##>G:Debug Outputs                      0         -         -         -         -         -
##>G:ST loading                         0         -         -         -         -         -
##>G:Distributed                        0         -         -         -         -         -
##>G:Timer                              0         -         -         -         -         -
##>G:Assembly                           0         -         -         -         -         -
##>G:DFT                                0         -         -         -         -         -
##>G:Const Prop                         0         -         -       641         0       529
##>G:Misc                               4
##>----------------------------------------------------------------------------------------
##>Total Elapsed                        4
##>========================================================================================
Info    : Done synthesizing. [SYNTH-2]
        : Done synthesizing 'dma' to generic gates.
      flow.cputime  flow.realtime  timing.setup.tns  timing.setup.wns  snapshot
UM:*                                                                   syn_gen
@genus:root: 12> syn_map
##Generic Timing Info for library domain: _default_ typical gate delay: 31.4 ps std_slew: 9.0 ps std_load: 2.3 fF
Info    : Mapping. [SYNTH-4]
        : Mapping 'dma' using 'high' effort.
Mapper: Libraries have:
	domain _default_: 324 combo usable cells and 126 sequential usable cells
Configuring mapper costing (none)
TNS Restructuring config: no_value at stage: map applied.
PBS_TechMap-Start - Elapsed_Time 0, CPU_Time 0.0
stamp 'PBS_TechMap-Start' being created for table 'pbs_debug'

  Total Time (Wall) |  Stage Time (Wall)  |   % (Wall)   |    Date - Time     |  Memory   | Stage
--------------------+---------------------+--------------+--------------------+-----------+----------------------
 00:00:24(00:09:29) |  00:00:00(00:00:00) |   0.0(  0.0) |   12:49:28 (Jun06) |  301.8 MB | PBS_Generic-Start
--------------------+---------------------+--------------+--------------------+-----------+----------------------
 00:00:26(00:09:33) |  00:00:02(00:00:04) |  60.0(  5.5) |   12:49:32 (Jun06) |  529.0 MB | PBS_Generic_Opt-Post
--------------------+---------------------+--------------+--------------------+-----------+----------------------
 00:00:26(00:09:33) |  00:00:00(00:00:00) |   0.0(  0.0) |   12:49:32 (Jun06) |  529.0 MB | PBS_Generic-Postgen HBO Optimizations
--------------------+---------------------+--------------+--------------------+-----------+----------------------
 00:00:28(00:10:42) |  00:00:02(00:01:09) |  40.0( 94.5) |   12:50:41 (Jun06) |  519.4 MB | PBS_TechMap-Start
--------------------+---------------------+--------------+--------------------+-----------+----------------------
Number of threads: 0 * 1   (id: pbs_debug, time_info v1.57)
Info: (*N*) indicates data that was populated from previously saved time_info database
PBS_TechMap-Premap HBO Optimizations - Elapsed_Time 0, CPU_Time 0.0
stamp 'PBS_TechMap-Premap HBO Optimizations' being created for table 'pbs_debug'

  Total Time (Wall) |  Stage Time (Wall)  |   % (Wall)   |    Date - Time     |  Memory   | Stage
--------------------+---------------------+--------------+--------------------+-----------+----------------------
 00:00:24(00:09:29) |  00:00:00(00:00:00) |   0.0(  0.0) |   12:49:28 (Jun06) |  301.8 MB | PBS_Generic-Start
--------------------+---------------------+--------------+--------------------+-----------+----------------------
 00:00:26(00:09:33) |  00:00:02(00:00:04) |  60.0(  5.5) |   12:49:32 (Jun06) |  529.0 MB | PBS_Generic_Opt-Post
--------------------+---------------------+--------------+--------------------+-----------+----------------------
 00:00:26(00:09:33) |  00:00:00(00:00:00) |   0.0(  0.0) |   12:49:32 (Jun06) |  529.0 MB | PBS_Generic-Postgen HBO Optimizations
--------------------+---------------------+--------------+--------------------+-----------+----------------------
 00:00:28(00:10:42) |  00:00:02(00:01:09) |  40.0( 94.5) |   12:50:41 (Jun06) |  519.4 MB | PBS_TechMap-Start
--------------------+---------------------+--------------+--------------------+-----------+----------------------
 00:00:28(00:10:42) |  00:00:00(00:00:00) |   0.0(  0.0) |   12:50:41 (Jun06) |  519.4 MB | PBS_TechMap-Premap HBO Optimizations
--------------------+---------------------+--------------+--------------------+-----------+----------------------
Number of threads: 0 * 1   (id: pbs_debug, time_info v1.57)
Info: (*N*) indicates data that was populated from previously saved time_info database
Info    : Partition Based Synthesis execution skipped. [PHYS-752]
        : Design size is less than the partition size '100000' for distributed mapping optimization to kick in.
Mapper: Libraries have:
	domain _default_: 324 combo usable cells and 126 sequential usable cells
 
Global mapping target info
==========================
Cost Group 'axi_clk' target slack: -1083 ps
Target path end-point (Port: dma/irq)

Cost Group 'dma_clk' target slack:    29 ps
Target path end-point (Pin: u_fifo_wgray_s1_reg[4]/d)

 
Global mapping status
=====================
                                   Group   
                                  Tot Wrst 
                           Total  Weighted 
Operation                   Area   Slacks  
 global_map                    0    -1079 
            Worst cost_group: axi_clk, WNS: -1079.6
            Path: u_dma_done_reg/CK --> done

    Cost Group            Target    Slack    Diff.  Constr.
-----------------------------------------------------------
       axi_clk             -1083    -1080      +0%     1000     (launch clock period: 7000)
       dma_clk                29      888              1000     (launch clock period: 10000)

 
Global incremental target info
==============================
Cost Group 'axi_clk' target slack: -1080 ps
Target path end-point (Port: dma/irq)

Cost Group 'dma_clk' target slack:    19 ps
Target path end-point (Pin: u_fifo_wgray_s1_reg[3]/D (DFFRHQX2/D))

==================================
Stage : global_incr_map 
==================================
  =================
   Message Summary
  =================
-------------------------------------------------------------------------------------------------------------------------------------------------------------------------------------------------------------------
|    Id    |Sev  |Count |                                                                                      Message Text                                                                                       |
-------------------------------------------------------------------------------------------------------------------------------------------------------------------------------------------------------------------
| GLO-51   |Info |    1 |Hierarchical instance automatically ungrouped.                                                                                                                                           |
|          |     |      |Hierarchical instances can be automatically ungrouped to allow for better area or timing optimization. To prevent this ungroup, set the root-level attribute 'auto_ungroup' to 'none'.   |
|          |     |      | You can also prevent individual ungroup with setting the attribute 'ungroup_ok' of instances or modules to 'false'.                                                                     |
| PHYS-752 |Info |    1 |Partition Based Synthesis execution skipped.                                                                                                                                             |
| SYNTH-2  |Info |    1 |Done synthesizing.                                                                                                                                                                       |
| SYNTH-4  |Info |    1 |Mapping.                                                                                                                                                                                 |
-------------------------------------------------------------------------------------------------------------------------------------------------------------------------------------------------------------------
 
Global incremental optimization status
======================================
                                   Group   
                                  Tot Wrst 
                           Total  Weighted 
Operation                   Area   Slacks  
 global_incr                   0    -1078 
            Worst cost_group: axi_clk, WNS: -1078.8
            Path: u_dma_done_reg/CK --> done

    Cost Group            Target    Slack    Diff.  Constr.
-----------------------------------------------------------
       axi_clk             -1080    -1079      +0%     1000     (launch clock period: 7000)
       dma_clk                19      888              1000     (launch clock period: 10000)


State Retention Synthesis Status
================================

Category                        Flops   Percentage
--------------------------------------------------
Total instances                   211        100.0
Excluded from State Retention     211        100.0
    - Will not convert            211        100.0
      - Preserved                   0          0.0
      - Power intent excluded     211        100.0
    - Could not convert             0          0.0
      - Scan type                   0          0.0
      - No suitable cell            0          0.0
State Retention instances           0          0.0
--------------------------------------------------

INFO: skipping constant propagation
PBS_Techmap-Global Mapping - Elapsed_Time 2, CPU_Time 2.9998509999999996
stamp 'PBS_Techmap-Global Mapping' being created for table 'pbs_debug'

  Total Time (Wall) |  Stage Time (Wall)  |   % (Wall)   |    Date - Time     |  Memory   | Stage
--------------------+---------------------+--------------+--------------------+-----------+----------------------
 00:00:24(00:09:29) |  00:00:00(00:00:00) |   0.0(  0.0) |   12:49:28 (Jun06) |  301.8 MB | PBS_Generic-Start
--------------------+---------------------+--------------+--------------------+-----------+----------------------
 00:00:26(00:09:33) |  00:00:02(00:00:04) |  37.5(  5.3) |   12:49:32 (Jun06) |  529.0 MB | PBS_Generic_Opt-Post
--------------------+---------------------+--------------+--------------------+-----------+----------------------
 00:00:26(00:09:33) |  00:00:00(00:00:00) |   0.0(  0.0) |   12:49:32 (Jun06) |  529.0 MB | PBS_Generic-Postgen HBO Optimizations
--------------------+---------------------+--------------+--------------------+-----------+----------------------
 00:00:28(00:10:42) |  00:00:02(00:01:09) |  25.0( 92.0) |   12:50:41 (Jun06) |  519.4 MB | PBS_TechMap-Start
--------------------+---------------------+--------------+--------------------+-----------+----------------------
 00:00:28(00:10:42) |  00:00:00(00:00:00) |   0.0(  0.0) |   12:50:41 (Jun06) |  519.4 MB | PBS_TechMap-Premap HBO Optimizations
--------------------+---------------------+--------------+--------------------+-----------+----------------------
 00:00:31(00:10:44) |  00:00:02(00:00:02) |  37.5(  2.7) |   12:50:43 (Jun06) |  519.4 MB | PBS_Techmap-Global Mapping
--------------------+---------------------+--------------+--------------------+-----------+----------------------
Number of threads: 0 * 1   (id: pbs_debug, time_info v1.57)
Info: (*N*) indicates data that was populated from previously saved time_info database
Info    : Command 'commit_power_intent' cannot proceed as there is no power intent loaded. [CPI-506]
        : Command 'commit_power_intent' requires a valid power_intent to be loaded.
Info    : Forcing flat compare. [CFM-212]
        : No hierarchies found in design.
Info    : Wrote formal verification information. [CFM-5]
        : Wrote 'fv/dma/fv_map.fv.json' for netlist 'fv/dma/fv_map.v.gz'.
Info    : Wrote dofile. [CFM-1]
        : Dofile is 'fv/dma/rtl_to_fv_map.do'.
        : Alias mapping flow is enabled.
PBS_TechMap-Datapath Postmap Operations - Elapsed_Time 1, CPU_Time 1.0
stamp 'PBS_TechMap-Datapath Postmap Operations' being created for table 'pbs_debug'

  Total Time (Wall) |  Stage Time (Wall)  |   % (Wall)   |    Date - Time     |  Memory   | Stage
--------------------+---------------------+--------------+--------------------+-----------+----------------------
 00:00:24(00:09:29) |  00:00:00(00:00:00) |   0.0(  0.0) |   12:49:28 (Jun06) |  301.8 MB | PBS_Generic-Start
--------------------+---------------------+--------------+--------------------+-----------+----------------------
 00:00:26(00:09:33) |  00:00:02(00:00:04) |  33.3(  5.3) |   12:49:32 (Jun06) |  529.0 MB | PBS_Generic_Opt-Post
--------------------+---------------------+--------------+--------------------+-----------+----------------------
 00:00:26(00:09:33) |  00:00:00(00:00:00) |   0.0(  0.0) |   12:49:32 (Jun06) |  529.0 MB | PBS_Generic-Postgen HBO Optimizations
--------------------+---------------------+--------------+--------------------+-----------+----------------------
 00:00:28(00:10:42) |  00:00:02(00:01:09) |  22.2( 90.8) |   12:50:41 (Jun06) |  519.4 MB | PBS_TechMap-Start
--------------------+---------------------+--------------+--------------------+-----------+----------------------
 00:00:28(00:10:42) |  00:00:00(00:00:00) |   0.0(  0.0) |   12:50:41 (Jun06) |  519.4 MB | PBS_TechMap-Premap HBO Optimizations
--------------------+---------------------+--------------+--------------------+-----------+----------------------
 00:00:31(00:10:44) |  00:00:02(00:00:02) |  33.3(  2.6) |   12:50:43 (Jun06) |  519.4 MB | PBS_Techmap-Global Mapping
--------------------+---------------------+--------------+--------------------+-----------+----------------------
 00:00:32(00:10:45) |  00:00:01(00:00:01) |  11.1(  1.3) |   12:50:44 (Jun06) |  519.4 MB | PBS_TechMap-Datapath Postmap Operations
--------------------+---------------------+--------------+--------------------+-----------+----------------------
Number of threads: 0 * 1   (id: pbs_debug, time_info v1.57)
Info: (*N*) indicates data that was populated from previously saved time_info database
PBS_TechMap-Postmap HBO Optimizations - Elapsed_Time 0, CPU_Time 0.0
stamp 'PBS_TechMap-Postmap HBO Optimizations' being created for table 'pbs_debug'

  Total Time (Wall) |  Stage Time (Wall)  |   % (Wall)   |    Date - Time     |  Memory   | Stage
--------------------+---------------------+--------------+--------------------+-----------+----------------------
 00:00:24(00:09:29) |  00:00:00(00:00:00) |   0.0(  0.0) |   12:49:28 (Jun06) |  301.8 MB | PBS_Generic-Start
--------------------+---------------------+--------------+--------------------+-----------+----------------------
 00:00:26(00:09:33) |  00:00:02(00:00:04) |  33.3(  5.3) |   12:49:32 (Jun06) |  529.0 MB | PBS_Generic_Opt-Post
--------------------+---------------------+--------------+--------------------+-----------+----------------------
 00:00:26(00:09:33) |  00:00:00(00:00:00) |   0.0(  0.0) |   12:49:32 (Jun06) |  529.0 MB | PBS_Generic-Postgen HBO Optimizations
--------------------+---------------------+--------------+--------------------+-----------+----------------------
 00:00:28(00:10:42) |  00:00:02(00:01:09) |  22.2( 90.8) |   12:50:41 (Jun06) |  519.4 MB | PBS_TechMap-Start
--------------------+---------------------+--------------+--------------------+-----------+----------------------
 00:00:28(00:10:42) |  00:00:00(00:00:00) |   0.0(  0.0) |   12:50:41 (Jun06) |  519.4 MB | PBS_TechMap-Premap HBO Optimizations
--------------------+---------------------+--------------+--------------------+-----------+----------------------
 00:00:31(00:10:44) |  00:00:02(00:00:02) |  33.3(  2.6) |   12:50:43 (Jun06) |  519.4 MB | PBS_Techmap-Global Mapping
--------------------+---------------------+--------------+--------------------+-----------+----------------------
 00:00:32(00:10:45) |  00:00:01(00:00:01) |  11.1(  1.3) |   12:50:44 (Jun06) |  519.4 MB | PBS_TechMap-Datapath Postmap Operations
--------------------+---------------------+--------------+--------------------+-----------+----------------------
 00:00:32(00:10:45) |  00:00:00(00:00:00) |   0.0(  0.0) |   12:50:44 (Jun06) |  519.4 MB | PBS_TechMap-Postmap HBO Optimizations
--------------------+---------------------+--------------+--------------------+-----------+----------------------
Number of threads: 0 * 1   (id: pbs_debug, time_info v1.57)
Info: (*N*) indicates data that was populated from previously saved time_info database
 Doing ConstProp on design:dma ... 

IOPT-REDREM: Performing redundancy removal: Detected 7 redundant wires. CPU time 0.017 seconds.

PBS_TechMap-Postmap Clock Gating - Elapsed_Time 0, CPU_Time 0.0
stamp 'PBS_TechMap-Postmap Clock Gating' being created for table 'pbs_debug'

  Total Time (Wall) |  Stage Time (Wall)  |   % (Wall)   |    Date - Time     |  Memory   | Stage
--------------------+---------------------+--------------+--------------------+-----------+----------------------
 00:00:24(00:09:29) |  00:00:00(00:00:00) |   0.0(  0.0) |   12:49:28 (Jun06) |  301.8 MB | PBS_Generic-Start
--------------------+---------------------+--------------+--------------------+-----------+----------------------
 00:00:26(00:09:33) |  00:00:02(00:00:04) |  33.3(  5.3) |   12:49:32 (Jun06) |  529.0 MB | PBS_Generic_Opt-Post
--------------------+---------------------+--------------+--------------------+-----------+----------------------
 00:00:26(00:09:33) |  00:00:00(00:00:00) |   0.0(  0.0) |   12:49:32 (Jun06) |  529.0 MB | PBS_Generic-Postgen HBO Optimizations
--------------------+---------------------+--------------+--------------------+-----------+----------------------
 00:00:28(00:10:42) |  00:00:02(00:01:09) |  22.2( 90.8) |   12:50:41 (Jun06) |  519.4 MB | PBS_TechMap-Start
--------------------+---------------------+--------------+--------------------+-----------+----------------------
 00:00:28(00:10:42) |  00:00:00(00:00:00) |   0.0(  0.0) |   12:50:41 (Jun06) |  519.4 MB | PBS_TechMap-Premap HBO Optimizations
--------------------+---------------------+--------------+--------------------+-----------+----------------------
 00:00:31(00:10:44) |  00:00:02(00:00:02) |  33.3(  2.6) |   12:50:43 (Jun06) |  519.4 MB | PBS_Techmap-Global Mapping
--------------------+---------------------+--------------+--------------------+-----------+----------------------
 00:00:32(00:10:45) |  00:00:01(00:00:01) |  11.1(  1.3) |   12:50:44 (Jun06) |  519.4 MB | PBS_TechMap-Datapath Postmap Operations
--------------------+---------------------+--------------+--------------------+-----------+----------------------
 00:00:32(00:10:45) |  00:00:00(00:00:00) |   0.0(  0.0) |   12:50:44 (Jun06) |  519.4 MB | PBS_TechMap-Postmap HBO Optimizations
--------------------+---------------------+--------------+--------------------+-----------+----------------------
 00:00:32(00:10:45) |  00:00:00(00:00:00) |   0.0(  0.0) |   12:50:44 (Jun06) |  519.4 MB | PBS_TechMap-Postmap Clock Gating
--------------------+---------------------+--------------+--------------------+-----------+----------------------
Number of threads: 0 * 1   (id: pbs_debug, time_info v1.57)
Info: (*N*) indicates data that was populated from previously saved time_info database
-------------------------------------------------------------------------------
 hi_fo_buf                     0    -1078     -2157         0
            Worst cost_group: axi_clk, WNS: -1078.8
            Path: u_dma_done_reg/CK --> done

           Trick     Calls     Accepts   Attempts    Time(secs) 
-----------------------------------------------------------
       hi_fo_buf         0  (        0 /        0 )  0.00

 
Incremental optimization status
===============================
                                   Group   
                                  Tot Wrst     Total DRC Total
                           Total  Weighted      Neg       Max 
Operation                   Area   Slacks      Slack      Cap 
 init_delay                    0    -1078     -2157         0
            Worst cost_group: axi_clk, WNS: -1078.8
            Path: u_dma_done_reg/CK --> done

           Trick     Calls     Accepts   Attempts    Time(secs) 
-----------------------------------------------------------
       crit_upsz         1  (        0 /        0 )  0.00
    plc_bal_star         0  (        0 /        0 )  0.00
     drc_buftimb         0  (        0 /        0 )  0.00
          plc_st         1  (        0 /        0 )  0.00
    plc_st_fence         1  (        0 /        0 )  0.00
        plc_star         1  (        0 /        0 )  0.00
      plc_laf_st         1  (        0 /        0 )  0.00
 plc_laf_st_fence         1  (        0 /        0 )  0.00
     drc_buftims         0  (        0 /        0 )  0.00
            fopt         1  (        0 /        0 )  0.00
   plc_laf_lo_st         1  (        0 /        0 )  0.00
       plc_lo_st         1  (        0 /        0 )  0.00
        mb_split         1  (        0 /        0 )  0.00

 
Local TNS optimization status
=============================
                                   Group   
                                  Tot Wrst     Total DRC Total
                           Total  Weighted      Neg       Max 
Operation                   Area   Slacks      Slack      Cap 
 init_tns                      0    -1078     -2157         0
            Worst cost_group: axi_clk, WNS: -1078.8
            Path: u_dma_done_reg/CK --> done
 incr_tns                      0    -1078     -2156         0
            Worst cost_group: axi_clk, WNS: -1078.2
            Path: u_dma_done_reg/CK --> done

           Trick     Calls     Accepts   Attempts    Time(secs) 
-----------------------------------------------------------
    plc_bal_star         0  (        0 /        0 )  0.00
     drc_buftimb         0  (        0 /        0 )  0.00
     drc_buftims         0  (        0 /        0 )  0.00
       crit_upsz         3  (        0 /        0 )  0.00
   plc_laf_lo_st         3  (        0 /        0 )  0.00
       plc_lo_st         3  (        0 /        0 )  0.00
            fopt         3  (        0 /        0 )  0.00
       crit_dnsz         2  (        2 /        2 )  0.00
             dup         1  (        0 /        0 )  0.00
        setup_dn         1  (        0 /        0 )  0.00
        mb_split         1  (        0 /        0 )  0.00

PBS_TechMap-Postmap Cleanup - Elapsed_Time 0, CPU_Time 0.0
stamp 'PBS_TechMap-Postmap Cleanup' being created for table 'pbs_debug'

  Total Time (Wall) |  Stage Time (Wall)  |   % (Wall)   |    Date - Time     |  Memory   | Stage
--------------------+---------------------+--------------+--------------------+-----------+----------------------
 00:00:24(00:09:29) |  00:00:00(00:00:00) |   0.0(  0.0) |   12:49:28 (Jun06) |  301.8 MB | PBS_Generic-Start
--------------------+---------------------+--------------+--------------------+-----------+----------------------
 00:00:26(00:09:33) |  00:00:02(00:00:04) |  33.3(  5.3) |   12:49:32 (Jun06) |  529.0 MB | PBS_Generic_Opt-Post
--------------------+---------------------+--------------+--------------------+-----------+----------------------
 00:00:26(00:09:33) |  00:00:00(00:00:00) |   0.0(  0.0) |   12:49:32 (Jun06) |  529.0 MB | PBS_Generic-Postgen HBO Optimizations
--------------------+---------------------+--------------+--------------------+-----------+----------------------
 00:00:28(00:10:42) |  00:00:02(00:01:09) |  22.2( 90.8) |   12:50:41 (Jun06) |  519.4 MB | PBS_TechMap-Start
--------------------+---------------------+--------------+--------------------+-----------+----------------------
 00:00:28(00:10:42) |  00:00:00(00:00:00) |   0.0(  0.0) |   12:50:41 (Jun06) |  519.4 MB | PBS_TechMap-Premap HBO Optimizations
--------------------+---------------------+--------------+--------------------+-----------+----------------------
 00:00:31(00:10:44) |  00:00:02(00:00:02) |  33.3(  2.6) |   12:50:43 (Jun06) |  519.4 MB | PBS_Techmap-Global Mapping
--------------------+---------------------+--------------+--------------------+-----------+----------------------
 00:00:32(00:10:45) |  00:00:01(00:00:01) |  11.1(  1.3) |   12:50:44 (Jun06) |  519.4 MB | PBS_TechMap-Datapath Postmap Operations
--------------------+---------------------+--------------+--------------------+-----------+----------------------
 00:00:32(00:10:45) |  00:00:00(00:00:00) |   0.0(  0.0) |   12:50:44 (Jun06) |  519.4 MB | PBS_TechMap-Postmap HBO Optimizations
--------------------+---------------------+--------------+--------------------+-----------+----------------------
 00:00:32(00:10:45) |  00:00:00(00:00:00) |   0.0(  0.0) |   12:50:44 (Jun06) |  519.4 MB | PBS_TechMap-Postmap Clock Gating
--------------------+---------------------+--------------+--------------------+-----------+----------------------
 00:00:32(00:10:45) |  00:00:00(00:00:00) |   0.0(  0.0) |   12:50:44 (Jun06) |  519.4 MB | PBS_TechMap-Postmap Cleanup
--------------------+---------------------+--------------+--------------------+-----------+----------------------
Number of threads: 0 * 1   (id: pbs_debug, time_info v1.57)
Info: (*N*) indicates data that was populated from previously saved time_info database
PBS_Techmap-Post_MBCI - Elapsed_Time 0, CPU_Time 0.0
stamp 'PBS_Techmap-Post_MBCI' being created for table 'pbs_debug'

  Total Time (Wall) |  Stage Time (Wall)  |   % (Wall)   |    Date - Time     |  Memory   | Stage
--------------------+---------------------+--------------+--------------------+-----------+----------------------
 00:00:24(00:09:29) |  00:00:00(00:00:00) |   0.0(  0.0) |   12:49:28 (Jun06) |  301.8 MB | PBS_Generic-Start
--------------------+---------------------+--------------+--------------------+-----------+----------------------
 00:00:26(00:09:33) |  00:00:02(00:00:04) |  33.3(  5.3) |   12:49:32 (Jun06) |  529.0 MB | PBS_Generic_Opt-Post
--------------------+---------------------+--------------+--------------------+-----------+----------------------
 00:00:26(00:09:33) |  00:00:00(00:00:00) |   0.0(  0.0) |   12:49:32 (Jun06) |  529.0 MB | PBS_Generic-Postgen HBO Optimizations
--------------------+---------------------+--------------+--------------------+-----------+----------------------
 00:00:28(00:10:42) |  00:00:02(00:01:09) |  22.2( 90.8) |   12:50:41 (Jun06) |  519.4 MB | PBS_TechMap-Start
--------------------+---------------------+--------------+--------------------+-----------+----------------------
 00:00:28(00:10:42) |  00:00:00(00:00:00) |   0.0(  0.0) |   12:50:41 (Jun06) |  519.4 MB | PBS_TechMap-Premap HBO Optimizations
--------------------+---------------------+--------------+--------------------+-----------+----------------------
 00:00:31(00:10:44) |  00:00:02(00:00:02) |  33.3(  2.6) |   12:50:43 (Jun06) |  519.4 MB | PBS_Techmap-Global Mapping
--------------------+---------------------+--------------+--------------------+-----------+----------------------
 00:00:32(00:10:45) |  00:00:01(00:00:01) |  11.1(  1.3) |   12:50:44 (Jun06) |  519.4 MB | PBS_TechMap-Datapath Postmap Operations
--------------------+---------------------+--------------+--------------------+-----------+----------------------
 00:00:32(00:10:45) |  00:00:00(00:00:00) |   0.0(  0.0) |   12:50:44 (Jun06) |  519.4 MB | PBS_TechMap-Postmap HBO Optimizations
--------------------+---------------------+--------------+--------------------+-----------+----------------------
 00:00:32(00:10:45) |  00:00:00(00:00:00) |   0.0(  0.0) |   12:50:44 (Jun06) |  519.4 MB | PBS_TechMap-Postmap Clock Gating
--------------------+---------------------+--------------+--------------------+-----------+----------------------
 00:00:32(00:10:45) |  00:00:00(00:00:00) |   0.0(  0.0) |   12:50:44 (Jun06) |  519.4 MB | PBS_TechMap-Postmap Cleanup
--------------------+---------------------+--------------+--------------------+-----------+----------------------
 00:00:32(00:10:45) |  00:00:00(00:00:00) |   0.0(  0.0) |   12:50:44 (Jun06) |  519.4 MB | PBS_Techmap-Post_MBCI
--------------------+---------------------+--------------+--------------------+-----------+----------------------
Number of threads: 0 * 1   (id: pbs_debug, time_info v1.57)
Info: (*N*) indicates data that was populated from previously saved time_info database
##>=================== Cadence Confidential (Mapping-Logical) ===================
##>Main Thread Summary:
##>----------------------------------------------------------------------------------------
##>STEP                           Elapsed       WNS       TNS     Insts      Area    Memory
##>----------------------------------------------------------------------------------------
##>M:Initial                            0         -         -       641         0       519
##>M:Pre Cleanup                        0         -         -       641         0       519
##>M:Setup                              0         -         -         -         -         -
##>M:Launch ST                          0         -         -         -         -         -
##>M:Design Partition                   0         -         -         -         -         -
##>M:Create Partition Netlists          0         -         -         -         -         -
##>M:Init Power                         0         -         -         -         -         -
##>M:Budgeting                          0         -         -         -         -         -
##>M:Derenv-DB                          0         -         -         -         -         -
##>M:Debug Outputs                      0         -         -         -         -         -
##>M:ST loading                         0         -         -         -         -         -
##>M:Distributed                        0         -         -         -         -         -
##>M:Timer                              0         -         -         -         -         -
##>M:Assembly                           0         -         -         -         -         -
##>M:DFT                                0         -         -         -         -         -
##>M:DP Operations                      1         -         -       545         0       519
##>M:Const Prop                         0     -1078      2157       545         0       519
##>M:Cleanup                            0     -1078      2156       545         0       519
##>M:MBCI                               0         -         -       545         0       519
##>M:Const Gate Removal                 0         -         -         -         -         -
##>M:Misc                               2
##>----------------------------------------------------------------------------------------
##>Total Elapsed                        3
##>========================================================================================
Info    : Done mapping. [SYNTH-5]
        : Done mapping 'dma'.
      flow.cputime  flow.realtime  timing.setup.tns  timing.setup.wns  snapshot
UM:*                                                                   syn_map
@genus:root: 13> syn_opt
Info    : Incrementally optimizing. [SYNTH-7]
        : Incrementally optimizing 'dma' using 'high' effort.
 
Incremental optimization status
===============================
                                   Group   
                                  Tot Wrst     Total DRC Total
                           Total  Weighted      Neg       Max 
Operation                   Area   Slacks      Slack      Cap 
 init_iopt                     0    -1078     -2156         0
            Worst cost_group: axi_clk, WNS: -1078.2
            Path: u_dma_done_reg/CK --> done
IOPT-REDREM: Performing redundancy removal: Detected 0 redundant wires. CPU time 0.015 seconds.

-------------------------------------------------------------------------------
 const_prop                    0    -1078     -2156         0
            Worst cost_group: axi_clk, WNS: -1078.2
            Path: u_dma_done_reg/CK --> done
 simp_cc_inputs                0    -1078     -2156         0
            Worst cost_group: axi_clk, WNS: -1078.2
            Path: u_dma_done_reg/CK --> done
-------------------------------------------------------------------------------
 hi_fo_buf                     0    -1078     -2156         0
            Worst cost_group: axi_clk, WNS: -1078.2
            Path: u_dma_done_reg/CK --> done

           Trick     Calls     Accepts   Attempts    Time(secs) 
-----------------------------------------------------------
       hi_fo_buf         0  (        0 /        0 )  0.00

 
Incremental optimization status
===============================
                                   Group   
                                  Tot Wrst     Total DRC Total
                           Total  Weighted      Neg       Max 
Operation                   Area   Slacks      Slack      Cap 
 init_delay                    0    -1078     -2156         0
            Worst cost_group: axi_clk, WNS: -1078.2
            Path: u_dma_done_reg/CK --> done

           Trick     Calls     Accepts   Attempts    Time(secs) 
-----------------------------------------------------------
        crit_msz         1  (        0 /        0 )  0.00
       crit_upsz         1  (        0 /        0 )  0.00
       crit_slew         1  (        0 /        0 )  0.00
        setup_dn         1  (        0 /        0 )  0.00
    plc_bal_star         0  (        0 /        0 )  0.00
     drc_buftimb         0  (        0 /        0 )  0.00
          plc_st         1  (        0 /        0 )  0.00
    plc_st_fence         1  (        0 /        0 )  0.00
        plc_star         1  (        0 /        0 )  0.00
      plc_laf_st         1  (        0 /        0 )  0.00
 plc_laf_st_fence         1  (        0 /        0 )  0.00
     drc_buftims         0  (        0 /        0 )  0.00
   plc_laf_lo_st         1  (        0 /        0 )  0.00
       plc_lo_st         1  (        0 /        0 )  0.00
            fopt         1  (        0 /        0 )  0.00
       crit_swap         1  (        0 /        0 )  0.00
       mux2_swap         1  (        0 /        0 )  0.00
       crit_dnsz         0  (        0 /        0 )  0.00
       load_swap         1  (        0 /        0 )  0.00
            fopt         1  (        0 /        0 )  0.00
        setup_dn         1  (        0 /        0 )  0.00
       load_isol         1  (        0 /        0 )  0.00
       load_isol         1  (        0 /        0 )  0.00
        move_for         1  (        0 /        0 )  0.00
        move_for         1  (        0 /        0 )  0.00
          rem_bi         1  (        0 /        0 )  0.00
         offload         1  (        0 /        0 )  0.00
          rem_bi         1  (        0 /        0 )  0.00
         offload         1  (        0 /        0 )  0.00
           phase         1  (        0 /        0 )  0.00
        in_phase         1  (        0 /        0 )  0.00
       merge_bit         1  (        0 /        0 )  0.00
     merge_idrvr         1  (        0 /        0 )  0.00
     merge_iload         1  (        0 /        0 )  0.00
    merge_idload         1  (        0 /        0 )  0.00
      merge_drvr         1  (        0 /        0 )  0.00
      merge_load         1  (        0 /        0 )  0.00
          decomp         1  (        0 /        0 )  0.00
        p_decomp         1  (        0 /        0 )  0.00
        levelize         1  (        0 /        0 )  0.00
        mb_split         1  (        0 /        0 )  0.00
             dup         1  (        0 /        0 )  0.00
      mux_retime         1  (        0 /        0 )  0.00
         buf2inv         1  (        0 /        0 )  0.00
             exp         1  (        0 /        0 )  0.00
       gate_deco         0  (        0 /        0 )  0.00
       gcomp_tim         0  (        0 /        0 )  0.00
  inv_pair_2_buf         1  (        0 /        0 )  0.00


           Trick     Calls     Accepts   Attempts    Time(secs) 
-----------------------------------------------------------
         crr_220         1  (        0 /        0 )  0.00
        crr_glob         1  (        0 /        0 )  0.00
         crr_200         1  (        0 /        0 )  0.00
        crr_glob         1  (        0 /        0 )  0.00
         crr_300         1  (        0 /        0 )  0.00
        crr_glob         1  (        0 /        0 )  0.00
         crr_400         1  (        0 /        0 )  0.00
        crr_glob         1  (        0 /        0 )  0.00
         crr_111         1  (        0 /        0 )  0.00
        crr_glob         1  (        0 /        0 )  0.00
         crr_210         1  (        0 /        0 )  0.00
        crr_glob         1  (        0 /        0 )  0.00
         crr_110         1  (        0 /        0 )  0.00
        crr_glob         1  (        0 /        0 )  0.00
         crr_101         1  (        0 /        0 )  0.00
        crr_glob         1  (        0 /        0 )  0.00
         crr_201         1  (        0 /        0 )  0.00
        crr_glob         1  (        0 /        0 )  0.00
         crr_211         1  (        0 /        0 )  0.00
        crr_glob         1  (        0 /        0 )  0.00
        crit_msz         1  (        0 /        0 )  0.00
       crit_upsz         1  (        0 /        0 )  0.00
       crit_slew         1  (        0 /        0 )  0.00
        setup_dn         2  (        0 /        0 )  0.00
    plc_bal_star         0  (        0 /        0 )  0.00
     drc_buftimb         0  (        0 /        0 )  0.00
          plc_st         1  (        0 /        0 )  0.00
    plc_st_fence         1  (        0 /        0 )  0.00
        plc_star         1  (        0 /        0 )  0.00
      plc_laf_st         1  (        0 /        0 )  0.00
 plc_laf_st_fence         1  (        0 /        0 )  0.00
     drc_buftims         0  (        0 /        0 )  0.00
       plc_lo_st         1  (        0 /        0 )  0.00
            fopt         2  (        0 /        0 )  0.00
       crit_swap         1  (        0 /        0 )  0.00
       mux2_swap         1  (        0 /        0 )  0.00
       crit_dnsz         0  (        0 /        0 )  0.00
       load_swap         1  (        0 /        0 )  0.00
            fopt         2  (        0 /        0 )  0.00
        setup_dn         2  (        0 /        0 )  0.00
       load_isol         2  (        0 /        0 )  0.00
       load_isol         2  (        0 /        0 )  0.00
        move_for         2  (        0 /        0 )  0.00
        move_for         2  (        0 /        0 )  0.00
          rem_bi         2  (        0 /        0 )  0.00
         offload         2  (        0 /        0 )  0.00
          rem_bi         2  (        0 /        0 )  0.00
         offload         2  (        0 /        0 )  0.00
       merge_bit         1  (        0 /        0 )  0.00
     merge_idrvr         1  (        0 /        0 )  0.00
     merge_iload         1  (        0 /        0 )  0.00
    merge_idload         1  (        0 /        0 )  0.00
      merge_drvr         1  (        0 /        0 )  0.00
      merge_load         1  (        0 /        0 )  0.00
           phase         1  (        0 /        0 )  0.00
          decomp         1  (        0 /        0 )  0.00
        p_decomp         1  (        0 /        0 )  0.00
        levelize         1  (        0 /        0 )  0.00
        mb_split         1  (        0 /        0 )  0.00
        in_phase         1  (        0 /        0 )  0.00
             dup         1  (        0 /        0 )  0.00
      mux_retime         1  (        0 /        0 )  0.00
         buf2inv         1  (        0 /        0 )  0.00
             exp         0  (        0 /        0 )  0.00
       gate_deco         0  (        0 /        0 )  0.00
       gcomp_tim         0  (        0 /        0 )  0.00
  inv_pair_2_buf         1  (        0 /        0 )  0.00
 init_drc                      0    -1078     -2156         0
            Worst cost_group: axi_clk, WNS: -1078.2
            Path: u_dma_done_reg/CK --> done

           Trick     Calls     Accepts   Attempts    Time(secs) 
-----------------------------------------------------------
          plc_st         0  (        0 /        0 )  0.00
        plc_star         0  (        0 /        0 )  0.00
        drc_bufs         0  (        0 /        0 )  0.00
        drc_fopt         0  (        0 /        0 )  0.00
        drc_bufb         0  (        0 /        0 )  0.00
      simple_buf         0  (        0 /        0 )  0.00
             dup         0  (        0 /        0 )  0.00
       crit_dnsz         0  (        0 /        0 )  0.00
       crit_upsz         0  (        0 /        0 )  0.00
       crit_slew         0  (        0 /        0 )  0.00


           Trick     Calls     Accepts   Attempts    Time(secs) 
-----------------------------------------------------------
          plc_st         0  (        0 /        0 )  0.00
        plc_star         0  (        0 /        0 )  0.00
      drc_buf_sp         0  (        0 /        0 )  0.00
        drc_bufs         0  (        0 /        0 )  0.00
        drc_fopt         0  (        0 /        0 )  0.00
        drc_bufb         0  (        0 /        0 )  0.00
      simple_buf         0  (        0 /        0 )  0.00
             dup         0  (        0 /        0 )  0.00
       crit_dnsz         0  (        0 /        0 )  0.00
       crit_upsz         0  (        0 /        0 )  0.00


           Trick     Calls     Accepts   Attempts    Time(secs) 
-----------------------------------------------------------
          plc_st         0  (        0 /        0 )  0.00
        plc_star         0  (        0 /        0 )  0.00
      drc_buf_sp         0  (        0 /        0 )  0.00
        drc_bufs         0  (        0 /        0 )  0.00
        drc_fopt         0  (        0 /        0 )  0.00
        drc_bufb         0  (        0 /        0 )  0.00
             dup         0  (        0 /        0 )  0.00
       crit_dnsz         0  (        0 /        0 )  0.00
       crit_upsz         0  (        0 /        0 )  0.00

 init_tns                      0    -1078     -2156         0
            Worst cost_group: axi_clk, WNS: -1078.2
            Path: u_dma_done_reg/CK --> done
 incr_tns                      0    -1078     -2156         0
            Worst cost_group: axi_clk, WNS: -1078.2
            Path: u_dma_done_reg/CK --> done

           Trick     Calls     Accepts   Attempts    Time(secs) 
-----------------------------------------------------------
            fopt         1  (        0 /        0 )  0.00
    plc_bal_star         0  (        0 /        0 )  0.00
     drc_buftimb         0  (        0 /        0 )  0.00
     drc_buftims         0  (        0 /        0 )  0.00
        crit_msz         1  (        0 /        0 )  0.00
       crit_upsz         1  (        0 /        0 )  0.00
   plc_laf_lo_st         1  (        0 /        0 )  0.00
       plc_lo_st         1  (        0 /        0 )  0.00
       crit_swap         1  (        0 /        0 )  0.00
       mux2_swap         1  (        0 /        0 )  0.00
       crit_dnsz         0  (        0 /        0 )  0.00
       load_swap         1  (        0 /        0 )  0.00
            fopt         1  (        0 /        0 )  0.00
        setup_dn         1  (        0 /        0 )  0.00
       load_isol         1  (        0 /        0 )  0.00
       load_isol         1  (        0 /        0 )  0.00
        move_for         1  (        0 /        0 )  0.00
        move_for         1  (        0 /        0 )  0.00
          rem_bi         1  (        0 /        0 )  0.00
         offload         1  (        0 /        0 )  0.00
          rem_bi         1  (        0 /        0 )  0.00
         offload         1  (        0 /        0 )  0.00
       merge_bit         1  (        0 /        0 )  0.00
     merge_idrvr         1  (        0 /        0 )  0.00
     merge_iload         1  (        0 /        0 )  0.00
    merge_idload         1  (        0 /        0 )  0.00
      merge_drvr         1  (        0 /        0 )  0.00
      merge_load         1  (        0 /        0 )  0.00
           phase         1  (        0 /        0 )  0.00
          decomp         1  (        0 /        0 )  0.00
        p_decomp         1  (        0 /        0 )  0.00
        levelize         1  (        0 /        0 )  0.00
        mb_split         1  (        0 /        0 )  0.00
             dup         1  (        0 /        0 )  0.00
      mux_retime         1  (        0 /        0 )  0.00
       crr_local         1  (        0 /        0 )  0.00
         buf2inv         1  (        0 /        0 )  0.00

 init_area                     0    -1078     -2156         0
            Worst cost_group: axi_clk, WNS: -1078.2
            Path: u_dma_done_reg/CK --> done
 rem_inv                       0    -1078     -2156         0
            Worst cost_group: axi_clk, WNS: -1078.2
            Path: u_dma_done_reg/CK --> done
 merge_bi                      0    -1078     -2156         0
            Worst cost_group: axi_clk, WNS: -1078.2
            Path: u_dma_done_reg/CK --> done
 rem_inv_qb                    0    -1078     -2156         0
            Worst cost_group: axi_clk, WNS: -1078.2
            Path: u_dma_done_reg/CK --> done
 io_phase                      0    -1078     -2156         0
            Worst cost_group: axi_clk, WNS: -1078.2
            Path: u_dma_done_reg/CK --> done
 gate_comp                     0    -1078     -2156         0
            Worst cost_group: axi_clk, WNS: -1078.2
            Path: u_dma_done_reg/CK --> done

           Trick     Calls     Accepts   Attempts    Time(secs) 
-----------------------------------------------------------
           undup         0  (        0 /        0 )  0.00
         rem_buf         0  (        0 /        0 )  0.00
         rem_inv         1  (        1 /        1 )  0.00
        merge_bi         1  (        1 /        1 )  0.00
      rem_inv_qb       120  (        3 /        3 )  0.12
    seq_res_area         7  (        0 /        0 )  1.31
        io_phase         7  (        7 /        7 )  0.01
       gate_comp         1  (        1 /        1 )  0.01
       gcomp_mog         0  (        0 /        0 )  0.01
       glob_area        17  (        0 /       17 )  0.00
       area_down         0  (        0 /        0 )  0.00
      size_n_buf         0  (        0 /        0 )  0.00
  gate_deco_area         0  (        0 /        0 )  0.00
         rem_buf         0  (        0 /        0 )  0.00
         rem_inv         0  (        0 /        0 )  0.00
        merge_bi         0  (        0 /        0 )  0.00
      rem_inv_qb         0  (        0 /        0 )  0.00

 
Incremental optimization status
===============================
                                   Group   
                                  Tot Wrst     Total DRC Total
                           Total  Weighted      Neg       Max 
Operation                   Area   Slacks      Slack      Cap 
 init_delay                    0    -1078     -2156         0
            Worst cost_group: axi_clk, WNS: -1078.2
            Path: u_dma_done_reg/CK --> done

           Trick     Calls     Accepts   Attempts    Time(secs) 
-----------------------------------------------------------
         crr_220         1  (        0 /        0 )  0.00
        crr_glob         1  (        0 /        0 )  0.00
         crr_200         1  (        0 /        0 )  0.00
        crr_glob         1  (        0 /        0 )  0.00
         crr_300         1  (        0 /        0 )  0.00
        crr_glob         1  (        0 /        0 )  0.00
         crr_400         1  (        0 /        0 )  0.00
        crr_glob         1  (        0 /        0 )  0.00
         crr_111         1  (        0 /        0 )  0.00
        crr_glob         1  (        0 /        0 )  0.00
         crr_210         1  (        0 /        0 )  0.00
        crr_glob         1  (        0 /        0 )  0.00
         crr_110         1  (        0 /        0 )  0.00
        crr_glob         1  (        0 /        0 )  0.00
         crr_101         1  (        0 /        0 )  0.00
        crr_glob         1  (        0 /        0 )  0.00
         crr_201         1  (        0 /        0 )  0.00
        crr_glob         1  (        0 /        0 )  0.00
         crr_211         1  (        0 /        0 )  0.00
        crr_glob         1  (        0 /        0 )  0.00
        crit_msz         1  (        0 /        0 )  0.00
       crit_upsz         1  (        0 /        0 )  0.00
       crit_slew         1  (        0 /        0 )  0.00
        setup_dn         2  (        0 /        0 )  0.00
    plc_bal_star         0  (        0 /        0 )  0.00
     drc_buftimb         0  (        0 /        0 )  0.00
          plc_st         1  (        0 /        0 )  0.00
    plc_st_fence         1  (        0 /        0 )  0.00
        plc_star         1  (        0 /        0 )  0.00
      plc_laf_st         1  (        0 /        0 )  0.00
 plc_laf_st_fence         1  (        0 /        0 )  0.00
     drc_buftims         0  (        0 /        0 )  0.00
       plc_lo_st         1  (        0 /        0 )  0.00
            fopt         2  (        0 /        0 )  0.00
       crit_swap         1  (        0 /        0 )  0.00
       mux2_swap         1  (        0 /        0 )  0.00
       crit_dnsz         0  (        0 /        0 )  0.00
       load_swap         1  (        0 /        0 )  0.00
            fopt         2  (        0 /        0 )  0.00
        setup_dn         2  (        0 /        0 )  0.00
       load_isol         2  (        0 /        0 )  0.00
       load_isol         2  (        0 /        0 )  0.00
        move_for         2  (        0 /        0 )  0.00
        move_for         2  (        0 /        0 )  0.00
          rem_bi         2  (        0 /        0 )  0.00
         offload         2  (        0 /        0 )  0.00
          rem_bi         2  (        0 /        0 )  0.00
         offload         2  (        0 /        0 )  0.00
       merge_bit         1  (        0 /        0 )  0.00
     merge_idrvr         1  (        0 /        0 )  0.00
     merge_iload         1  (        0 /        0 )  0.00
    merge_idload         1  (        0 /        0 )  0.00
      merge_drvr         1  (        0 /        0 )  0.00
      merge_load         1  (        0 /        0 )  0.00
           phase         1  (        0 /        0 )  0.00
          decomp         1  (        0 /        0 )  0.00
        p_decomp         1  (        0 /        0 )  0.00
        levelize         1  (        0 /        0 )  0.00
        mb_split         1  (        0 /        0 )  0.00
        in_phase         1  (        0 /        0 )  0.00
             dup         1  (        0 /        0 )  0.00
      mux_retime         1  (        0 /        0 )  0.00
         buf2inv         1  (        0 /        0 )  0.00
             exp         0  (        0 /        0 )  0.00
       gate_deco         0  (        0 /        0 )  0.00
       gcomp_tim         0  (        0 /        0 )  0.00
  inv_pair_2_buf         1  (        0 /        0 )  0.00
 init_drc                      0    -1078     -2156         0
            Worst cost_group: axi_clk, WNS: -1078.2
            Path: u_dma_done_reg/CK --> done

           Trick     Calls     Accepts   Attempts    Time(secs) 
-----------------------------------------------------------
          plc_st         0  (        0 /        0 )  0.00
        plc_star         0  (        0 /        0 )  0.00
        drc_bufs         0  (        0 /        0 )  0.00
        drc_fopt         0  (        0 /        0 )  0.00
        drc_bufb         0  (        0 /        0 )  0.00
      simple_buf         0  (        0 /        0 )  0.00
             dup         0  (        0 /        0 )  0.00
       crit_dnsz         0  (        0 /        0 )  0.00
       crit_upsz         0  (        0 /        0 )  0.00
       crit_slew         0  (        0 /        0 )  0.00


           Trick     Calls     Accepts   Attempts    Time(secs) 
-----------------------------------------------------------
          plc_st         0  (        0 /        0 )  0.00
        plc_star         0  (        0 /        0 )  0.00
        drc_bufs         0  (        0 /        0 )  0.00
        drc_fopt         0  (        0 /        0 )  0.00
        drc_bufb         0  (        0 /        0 )  0.00
      simple_buf         0  (        0 /        0 )  0.00
             dup         0  (        0 /        0 )  0.00
       crit_dnsz         0  (        0 /        0 )  0.00
       crit_upsz         0  (        0 /        0 )  0.00


           Trick     Calls     Accepts   Attempts    Time(secs) 
-----------------------------------------------------------
          plc_st         0  (        0 /        0 )  0.00
        plc_star         0  (        0 /        0 )  0.00
        drc_bufs         0  (        0 /        0 )  0.00
        drc_fopt         0  (        0 /        0 )  0.00
        drc_bufb         0  (        0 /        0 )  0.00
             dup         0  (        0 /        0 )  0.00
       crit_dnsz         0  (        0 /        0 )  0.00
       crit_upsz         0  (        0 /        0 )  0.00

 init_tns                      0    -1078     -2156         0
            Worst cost_group: axi_clk, WNS: -1078.2
            Path: u_dma_done_reg/CK --> done

           Trick     Calls     Accepts   Attempts    Time(secs) 
-----------------------------------------------------------
            fopt         0  (        0 /        0 )  0.00
    plc_bal_star         0  (        0 /        0 )  0.00
     drc_buftimb         0  (        0 /        0 )  0.00
     drc_buftims         0  (        0 /        0 )  0.00
        crit_msz         0  (        0 /        0 )  0.00
       crit_upsz         0  (        0 /        0 )  0.00
   plc_laf_lo_st         0  (        0 /        0 )  0.00
       plc_lo_st         0  (        0 /        0 )  0.00
       crit_swap         0  (        0 /        0 )  0.00
       mux2_swap         0  (        0 /        0 )  0.00
       crit_dnsz         0  (        0 /        0 )  0.00
       load_swap         0  (        0 /        0 )  0.00
            fopt         0  (        0 /        0 )  0.00
        setup_dn         0  (        0 /        0 )  0.00
       load_isol         0  (        0 /        0 )  0.00
       load_isol         0  (        0 /        0 )  0.00
        move_for         0  (        0 /        0 )  0.00
        move_for         0  (        0 /        0 )  0.00
          rem_bi         0  (        0 /        0 )  0.00
         offload         0  (        0 /        0 )  0.00
          rem_bi         0  (        0 /        0 )  0.00
         offload         0  (        0 /        0 )  0.00
       merge_bit         0  (        0 /        0 )  0.00
     merge_idrvr         0  (        0 /        0 )  0.00
     merge_iload         0  (        0 /        0 )  0.00
    merge_idload         0  (        0 /        0 )  0.00
      merge_drvr         0  (        0 /        0 )  0.00
      merge_load         0  (        0 /        0 )  0.00
           phase         0  (        0 /        0 )  0.00
          decomp         0  (        0 /        0 )  0.00
        p_decomp         0  (        0 /        0 )  0.00
        levelize         0  (        0 /        0 )  0.00
        mb_split         0  (        0 /        0 )  0.00
             dup         0  (        0 /        0 )  0.00
      mux_retime         0  (        0 /        0 )  0.00
       crr_local         0  (        0 /        0 )  0.00
         buf2inv         0  (        0 /        0 )  0.00

 init_area                     0    -1078     -2156         0
            Worst cost_group: axi_clk, WNS: -1078.2
            Path: u_dma_done_reg/CK --> done

           Trick     Calls     Accepts   Attempts    Time(secs) 
-----------------------------------------------------------
           undup         0  (        0 /        0 )  0.00
         rem_buf         0  (        0 /        0 )  0.00
         rem_inv         0  (        0 /        0 )  0.00
        merge_bi         0  (        0 /        0 )  0.00
      rem_inv_qb         0  (        0 /        0 )  0.00
        io_phase         0  (        0 /        0 )  0.00
       gate_comp         0  (        0 /        0 )  0.01
       gcomp_mog         0  (        0 /        0 )  0.01
       glob_area        17  (        0 /       17 )  0.00
       area_down         0  (        0 /        0 )  0.00
      size_n_buf         0  (        0 /        0 )  0.00
  gate_deco_area         0  (        0 /        0 )  0.00

 
Incremental optimization status
===============================
                                   Group   
                                  Tot Wrst     Total DRC Total
                           Total  Weighted      Neg       Max 
Operation                   Area   Slacks      Slack      Cap 
 init_delay                    0    -1078     -2156         0
            Worst cost_group: axi_clk, WNS: -1078.2
            Path: u_dma_done_reg/CK --> done

           Trick     Calls     Accepts   Attempts    Time(secs) 
-----------------------------------------------------------
        crit_msz         1  (        0 /        0 )  0.00
       crit_upsz         1  (        0 /        0 )  0.00
       crit_slew         1  (        0 /        0 )  0.00
        setup_dn         1  (        0 /        0 )  0.00
    plc_bal_star         0  (        0 /        0 )  0.00
     drc_buftimb         0  (        0 /        0 )  0.00
          plc_st         1  (        0 /        0 )  0.00
    plc_st_fence         1  (        0 /        0 )  0.00
        plc_star         1  (        0 /        0 )  0.00
      plc_laf_st         1  (        0 /        0 )  0.00
 plc_laf_st_fence         1  (        0 /        0 )  0.00
     drc_buftims         0  (        0 /        0 )  0.00
   plc_laf_lo_st         1  (        0 /        0 )  0.00
       plc_lo_st         1  (        0 /        0 )  0.00
            fopt         1  (        0 /        0 )  0.00
       crit_swap         1  (        0 /        0 )  0.00
       mux2_swap         1  (        0 /        0 )  0.00
       crit_dnsz         0  (        0 /        0 )  0.00
       load_swap         1  (        0 /        0 )  0.00
            fopt         1  (        0 /        0 )  0.00
        setup_dn         1  (        0 /        0 )  0.00
       load_isol         1  (        0 /        0 )  0.00
       load_isol         1  (        0 /        0 )  0.00
        move_for         1  (        0 /        0 )  0.00
        move_for         1  (        0 /        0 )  0.00
          rem_bi         1  (        0 /        0 )  0.00
         offload         1  (        0 /        0 )  0.00
          rem_bi         1  (        0 /        0 )  0.00
         offload         1  (        0 /        0 )  0.00
           phase         1  (        0 /        0 )  0.00
        in_phase         1  (        0 /        0 )  0.00
       merge_bit         1  (        0 /        0 )  0.00
     merge_idrvr         1  (        0 /        0 )  0.00
     merge_iload         1  (        0 /        0 )  0.00
    merge_idload         1  (        0 /        0 )  0.00
      merge_drvr         1  (        0 /        0 )  0.00
      merge_load         1  (        0 /        0 )  0.00
          decomp         1  (        0 /        0 )  0.00
        p_decomp         1  (        0 /        0 )  0.00
        levelize         1  (        0 /        0 )  0.00
        mb_split         1  (        0 /        0 )  0.00
             dup         1  (        0 /        0 )  0.00
      mux_retime         1  (        0 /        0 )  0.00
         buf2inv         1  (        0 /        0 )  0.00
             exp         0  (        0 /        0 )  0.00
       gate_deco         0  (        0 /        0 )  0.00
       gcomp_tim         0  (        0 /        0 )  0.00
  inv_pair_2_buf         1  (        0 /        0 )  0.00

 init_drc                      0    -1078     -2156         0
            Worst cost_group: axi_clk, WNS: -1078.2
            Path: u_dma_done_reg/CK --> done

           Trick     Calls     Accepts   Attempts    Time(secs) 
-----------------------------------------------------------
          plc_st         0  (        0 /        0 )  0.00
        plc_star         0  (        0 /        0 )  0.00
        drc_bufs         0  (        0 /        0 )  0.00
        drc_fopt         0  (        0 /        0 )  0.00
        drc_bufb         0  (        0 /        0 )  0.00
      simple_buf         0  (        0 /        0 )  0.00
             dup         0  (        0 /        0 )  0.00
       crit_dnsz         0  (        0 /        0 )  0.00
       crit_upsz         0  (        0 /        0 )  0.00
       crit_slew         0  (        0 /        0 )  0.00


           Trick     Calls     Accepts   Attempts    Time(secs) 
-----------------------------------------------------------
          plc_st         0  (        0 /        0 )  0.00
        plc_star         0  (        0 /        0 )  0.00
        drc_bufs         0  (        0 /        0 )  0.00
        drc_fopt         0  (        0 /        0 )  0.00
        drc_bufb         0  (        0 /        0 )  0.00
      simple_buf         0  (        0 /        0 )  0.00
             dup         0  (        0 /        0 )  0.00
       crit_dnsz         0  (        0 /        0 )  0.00
       crit_upsz         0  (        0 /        0 )  0.00


           Trick     Calls     Accepts   Attempts    Time(secs) 
-----------------------------------------------------------
          plc_st         0  (        0 /        0 )  0.00
        plc_star         0  (        0 /        0 )  0.00
        drc_bufs         0  (        0 /        0 )  0.00
        drc_fopt         0  (        0 /        0 )  0.00
        drc_bufb         0  (        0 /        0 )  0.00
             dup         0  (        0 /        0 )  0.00
       crit_dnsz         0  (        0 /        0 )  0.00
       crit_upsz         0  (        0 /        0 )  0.00

==================================
Stage : incr_opt 
==================================
  =================
   Message Summary
  =================
----------------------------------------------------------------------------------------------------------
|   Id    |Sev  |Count |                                  Message Text                                   |
----------------------------------------------------------------------------------------------------------
| CFM-1   |Info |    1 |Wrote dofile.                                                                    |
| CFM-5   |Info |    1 |Wrote formal verification information.                                           |
| CFM-212 |Info |    1 |Forcing flat compare.                                                            |
| CPI-506 |Info |    1 |Command 'commit_power_intent' cannot proceed as there is no power intent loaded. |
| PA-7    |Info |    4 |Resetting power analysis results.                                                |
|         |     |      |All computed switching activities are removed.                                   |
| SYNTH-5 |Info |    1 |Done mapping.                                                                    |
| SYNTH-7 |Info |    1 |Incrementally optimizing.                                                        |
----------------------------------------------------------------------------------------------------------
Info    : Done incrementally optimizing. [SYNTH-8]
        : Done incrementally optimizing 'dma'.
      flow.cputime  flow.realtime  timing.setup.tns  timing.setup.wns  snapshot
UM:*                                                                   syn_opt
@genus:root: 14> report_timing
============================================================
  Generated by:           Genus(TM) Synthesis Solution 20.11-s111_1
  Generated on:           Jun 06 2026  12:51:57 pm
  Module:                 dma
  Operating conditions:   fast (balanced_tree)
  Wireload mode:          enclosed
  Area mode:              timing library
============================================================


Path 1: VIOLATED (-1078 ps) Late External Delay Assertion at pin irq
          Group: axi_clk
     Startpoint: (R) u_dma_done_reg/CK
          Clock: (R) dma_clk
       Endpoint: (F) irq
          Clock: (R) axi_clk

                     Capture       Launch     
        Clock Edge:+   50000        49000     
       Src Latency:+       0            0     
       Net Latency:+       0 (I)        0 (I) 
           Arrival:=   50000        49000     
                                              
      Output Delay:-    2000                  
     Required Time:=   48000                  
      Launch Clock:-   49000                  
         Data Path:-      78                  
             Slack:=   -1078                  

Exceptions/Constraints:
  output_delay             2000            ou_del_42_1 

#------------------------------------------------------------------------------------------
#   Timing Point    Flags   Arc   Edge   Cell     Fanout Load Trans Delay Arrival Instance 
#                                                        (fF)  (ps)  (ps)   (ps)  Location 
#------------------------------------------------------------------------------------------
  u_dma_done_reg/CK -       -     R     (arrival)     77    -     0     0   49000    (-,-) 
  u_dma_done_reg/Q  -       CK->Q F     DFFRHQX1       3  0.6    11    78   49078    (-,-) 
  irq               <<<     -     F     (port)         -    -     -     0   49078    (-,-) 
#------------------------------------------------------------------------------------------

@genus:root: 15> set_false_path -from [get_clocks dma_clk] -to [get_ports irq]
exception:dma/dis_1
@genus:root: 16> set_false_path -from [get_clocks dma_clk] -to [get_ports done]
exception:dma/dis_2
@genus:root: 17> syn_opt
Info    : Incrementally optimizing. [SYNTH-7]
        : Incrementally optimizing 'dma' using 'high' effort.
 
Incremental optimization status
===============================
                                   Group   
                                  Tot Wrst     Total DRC Total
                           Total  Weighted      Neg       Max 
Operation                   Area   Slacks      Slack      Cap 
 init_iopt                     0        0         0         0
IOPT-REDREM: Performing redundancy removal: Detected 0 redundant wires. CPU time 0.008 seconds.

-------------------------------------------------------------------------------
 const_prop                    0        0         0         0
-------------------------------------------------------------------------------
 hi_fo_buf                     0        0         0         0

           Trick     Calls     Accepts   Attempts    Time(secs) 
-----------------------------------------------------------
       hi_fo_buf         0  (        0 /        0 )  0.00

 
Incremental optimization status
===============================
                                   Group   
                                  Tot Wrst     Total DRC Total
                           Total  Weighted      Neg       Max 
Operation                   Area   Slacks      Slack      Cap 
 init_delay                    0        0         0         0

           Trick     Calls     Accepts   Attempts    Time(secs) 
-----------------------------------------------------------
        crit_msz         0  (        0 /        0 )  0.00
       crit_upsz         0  (        0 /        0 )  0.00
       crit_slew         0  (        0 /        0 )  0.00
        setup_dn         0  (        0 /        0 )  0.00
    plc_bal_star         0  (        0 /        0 )  0.00
     drc_buftimb         0  (        0 /        0 )  0.00
          plc_st         0  (        0 /        0 )  0.00
    plc_st_fence         0  (        0 /        0 )  0.00
        plc_star         0  (        0 /        0 )  0.00
      plc_laf_st         0  (        0 /        0 )  0.00
 plc_laf_st_fence         0  (        0 /        0 )  0.00
     drc_buftims         0  (        0 /        0 )  0.00
   plc_laf_lo_st         0  (        0 /        0 )  0.00
       plc_lo_st         0  (        0 /        0 )  0.00
            fopt         0  (        0 /        0 )  0.00
       crit_swap         0  (        0 /        0 )  0.00
       mux2_swap         0  (        0 /        0 )  0.00
       crit_dnsz         0  (        0 /        0 )  0.00
       load_swap         0  (        0 /        0 )  0.00
            fopt         0  (        0 /        0 )  0.00
        setup_dn         0  (        0 /        0 )  0.00
       load_isol         0  (        0 /        0 )  0.00
       load_isol         0  (        0 /        0 )  0.00
        move_for         0  (        0 /        0 )  0.00
        move_for         0  (        0 /        0 )  0.00
          rem_bi         0  (        0 /        0 )  0.00
         offload         0  (        0 /        0 )  0.00
          rem_bi         0  (        0 /        0 )  0.00
         offload         0  (        0 /        0 )  0.00
           phase         0  (        0 /        0 )  0.00
        in_phase         0  (        0 /        0 )  0.00
       merge_bit         0  (        0 /        0 )  0.00
     merge_idrvr         0  (        0 /        0 )  0.00
     merge_iload         0  (        0 /        0 )  0.00
    merge_idload         0  (        0 /        0 )  0.00
      merge_drvr         0  (        0 /        0 )  0.00
      merge_load         0  (        0 /        0 )  0.00
          decomp         0  (        0 /        0 )  0.00
        p_decomp         0  (        0 /        0 )  0.00
        levelize         0  (        0 /        0 )  0.00
        mb_split         0  (        0 /        0 )  0.00
             dup         0  (        0 /        0 )  0.00
      mux_retime         0  (        0 /        0 )  0.00
         buf2inv         0  (        0 /        0 )  0.00
             exp         0  (        0 /        0 )  0.00
       gate_deco         0  (        0 /        0 )  0.00
       gcomp_tim         0  (        0 /        0 )  0.00
  inv_pair_2_buf         0  (        0 /        0 )  0.00


           Trick     Calls     Accepts   Attempts    Time(secs) 
-----------------------------------------------------------
         crr_220         0  (        0 /        0 )  0.00
        crr_glob         0  (        0 /        0 )  0.00
         crr_200         0  (        0 /        0 )  0.00
        crr_glob         0  (        0 /        0 )  0.00
         crr_300         0  (        0 /        0 )  0.00
        crr_glob         0  (        0 /        0 )  0.00
         crr_400         0  (        0 /        0 )  0.00
        crr_glob         0  (        0 /        0 )  0.00
         crr_111         0  (        0 /        0 )  0.00
        crr_glob         0  (        0 /        0 )  0.00
         crr_210         0  (        0 /        0 )  0.00
        crr_glob         0  (        0 /        0 )  0.00
         crr_110         0  (        0 /        0 )  0.00
        crr_glob         0  (        0 /        0 )  0.00
         crr_101         0  (        0 /        0 )  0.00
        crr_glob         0  (        0 /        0 )  0.00
         crr_201         0  (        0 /        0 )  0.00
        crr_glob         0  (        0 /        0 )  0.00
         crr_211         0  (        0 /        0 )  0.00
        crr_glob         0  (        0 /        0 )  0.00
        crit_msz         0  (        0 /        0 )  0.00
       crit_upsz         0  (        0 /        0 )  0.00
       crit_slew         0  (        0 /        0 )  0.00
        setup_dn         0  (        0 /        0 )  0.00
    plc_bal_star         0  (        0 /        0 )  0.00
     drc_buftimb         0  (        0 /        0 )  0.00
          plc_st         0  (        0 /        0 )  0.00
    plc_st_fence         0  (        0 /        0 )  0.00
        plc_star         0  (        0 /        0 )  0.00
      plc_laf_st         0  (        0 /        0 )  0.00
 plc_laf_st_fence         0  (        0 /        0 )  0.00
     drc_buftims         0  (        0 /        0 )  0.00
       plc_lo_st         0  (        0 /        0 )  0.00
            fopt         0  (        0 /        0 )  0.00
       crit_swap         0  (        0 /        0 )  0.00
       mux2_swap         0  (        0 /        0 )  0.00
       crit_dnsz         0  (        0 /        0 )  0.00
       load_swap         0  (        0 /        0 )  0.00
            fopt         0  (        0 /        0 )  0.00
        setup_dn         0  (        0 /        0 )  0.00
       load_isol         0  (        0 /        0 )  0.00
       load_isol         0  (        0 /        0 )  0.00
        move_for         0  (        0 /        0 )  0.00
        move_for         0  (        0 /        0 )  0.00
          rem_bi         0  (        0 /        0 )  0.00
         offload         0  (        0 /        0 )  0.00
          rem_bi         0  (        0 /        0 )  0.00
         offload         0  (        0 /        0 )  0.00
       merge_bit         0  (        0 /        0 )  0.00
     merge_idrvr         0  (        0 /        0 )  0.00
     merge_iload         0  (        0 /        0 )  0.00
    merge_idload         0  (        0 /        0 )  0.00
      merge_drvr         0  (        0 /        0 )  0.00
      merge_load         0  (        0 /        0 )  0.00
           phase         0  (        0 /        0 )  0.00
          decomp         0  (        0 /        0 )  0.00
        p_decomp         0  (        0 /        0 )  0.00
        levelize         0  (        0 /        0 )  0.00
        mb_split         0  (        0 /        0 )  0.00
        in_phase         0  (        0 /        0 )  0.00
             dup         0  (        0 /        0 )  0.00
      mux_retime         0  (        0 /        0 )  0.00
         buf2inv         0  (        0 /        0 )  0.00
             exp         0  (        0 /        0 )  0.00
       gate_deco         0  (        0 /        0 )  0.00
       gcomp_tim         0  (        0 /        0 )  0.00
  inv_pair_2_buf         0  (        0 /        0 )  0.00
 init_drc                      0        0         0         0

           Trick     Calls     Accepts   Attempts    Time(secs) 
-----------------------------------------------------------
          plc_st         0  (        0 /        0 )  0.00
        plc_star         0  (        0 /        0 )  0.00
        drc_bufs         0  (        0 /        0 )  0.00
        drc_fopt         0  (        0 /        0 )  0.00
        drc_bufb         0  (        0 /        0 )  0.00
      simple_buf         0  (        0 /        0 )  0.00
             dup         0  (        0 /        0 )  0.00
       crit_dnsz         0  (        0 /        0 )  0.00
       crit_upsz         0  (        0 /        0 )  0.00
       crit_slew         0  (        0 /        0 )  0.00


           Trick     Calls     Accepts   Attempts    Time(secs) 
-----------------------------------------------------------
          plc_st         0  (        0 /        0 )  0.00
        plc_star         0  (        0 /        0 )  0.00
      drc_buf_sp         0  (        0 /        0 )  0.00
        drc_bufs         0  (        0 /        0 )  0.00
        drc_fopt         0  (        0 /        0 )  0.00
        drc_bufb         0  (        0 /        0 )  0.00
      simple_buf         0  (        0 /        0 )  0.00
             dup         0  (        0 /        0 )  0.00
       crit_dnsz         0  (        0 /        0 )  0.00
       crit_upsz         0  (        0 /        0 )  0.00


           Trick     Calls     Accepts   Attempts    Time(secs) 
-----------------------------------------------------------
          plc_st         0  (        0 /        0 )  0.00
        plc_star         0  (        0 /        0 )  0.00
      drc_buf_sp         0  (        0 /        0 )  0.00
        drc_bufs         0  (        0 /        0 )  0.00
        drc_fopt         0  (        0 /        0 )  0.00
        drc_bufb         0  (        0 /        0 )  0.00
             dup         0  (        0 /        0 )  0.00
       crit_dnsz         0  (        0 /        0 )  0.00
       crit_upsz         0  (        0 /        0 )  0.00

 init_tns                      0        0         0         0

           Trick     Calls     Accepts   Attempts    Time(secs) 
-----------------------------------------------------------
            fopt         0  (        0 /        0 )  0.00
    plc_bal_star         0  (        0 /        0 )  0.00
     drc_buftimb         0  (        0 /        0 )  0.00
     drc_buftims         0  (        0 /        0 )  0.00
        crit_msz         0  (        0 /        0 )  0.00
       crit_upsz         0  (        0 /        0 )  0.00
   plc_laf_lo_st         0  (        0 /        0 )  0.00
       plc_lo_st         0  (        0 /        0 )  0.00
       crit_swap         0  (        0 /        0 )  0.00
       mux2_swap         0  (        0 /        0 )  0.00
       crit_dnsz         0  (        0 /        0 )  0.00
       load_swap         0  (        0 /        0 )  0.00
            fopt         0  (        0 /        0 )  0.00
        setup_dn         0  (        0 /        0 )  0.00
       load_isol         0  (        0 /        0 )  0.00
       load_isol         0  (        0 /        0 )  0.00
        move_for         0  (        0 /        0 )  0.00
        move_for         0  (        0 /        0 )  0.00
          rem_bi         0  (        0 /        0 )  0.00
         offload         0  (        0 /        0 )  0.00
          rem_bi         0  (        0 /        0 )  0.00
         offload         0  (        0 /        0 )  0.00
       merge_bit         0  (        0 /        0 )  0.00
     merge_idrvr         0  (        0 /        0 )  0.00
     merge_iload         0  (        0 /        0 )  0.00
    merge_idload         0  (        0 /        0 )  0.00
      merge_drvr         0  (        0 /        0 )  0.00
      merge_load         0  (        0 /        0 )  0.00
           phase         0  (        0 /        0 )  0.00
          decomp         0  (        0 /        0 )  0.00
        p_decomp         0  (        0 /        0 )  0.00
        levelize         0  (        0 /        0 )  0.00
        mb_split         0  (        0 /        0 )  0.00
             dup         0  (        0 /        0 )  0.00
      mux_retime         0  (        0 /        0 )  0.00
       crr_local         0  (        0 /        0 )  0.00
         buf2inv         0  (        0 /        0 )  0.00

 init_area                     0        0         0         0

           Trick     Calls     Accepts   Attempts    Time(secs) 
-----------------------------------------------------------
           undup         0  (        0 /        0 )  0.00
         rem_buf         0  (        0 /        0 )  0.00
         rem_inv         0  (        0 /        0 )  0.00
        merge_bi         0  (        0 /        0 )  0.00
      rem_inv_qb         0  (        0 /        0 )  0.00
    seq_res_area         7  (        0 /        0 )  1.31
        io_phase         0  (        0 /        0 )  0.00
       gate_comp         0  (        0 /        0 )  0.01
       gcomp_mog         0  (        0 /        0 )  0.01
       glob_area        17  (        0 /       17 )  0.00
       area_down         0  (        0 /        0 )  0.00
      size_n_buf         0  (        0 /        0 )  0.00
  gate_deco_area         0  (        0 /        0 )  0.00
         rem_buf         0  (        0 /        0 )  0.00
         rem_inv         0  (        0 /        0 )  0.00
        merge_bi         0  (        0 /        0 )  0.00
      rem_inv_qb         0  (        0 /        0 )  0.00

 
Incremental optimization status
===============================
                                   Group   
                                  Tot Wrst     Total DRC Total
                           Total  Weighted      Neg       Max 
Operation                   Area   Slacks      Slack      Cap 
 init_delay                    0        0         0         0

           Trick     Calls     Accepts   Attempts    Time(secs) 
-----------------------------------------------------------
        crit_msz         0  (        0 /        0 )  0.00
       crit_upsz         0  (        0 /        0 )  0.00
       crit_slew         0  (        0 /        0 )  0.00
        setup_dn         0  (        0 /        0 )  0.00
    plc_bal_star         0  (        0 /        0 )  0.00
     drc_buftimb         0  (        0 /        0 )  0.00
          plc_st         0  (        0 /        0 )  0.00
    plc_st_fence         0  (        0 /        0 )  0.00
        plc_star         0  (        0 /        0 )  0.00
      plc_laf_st         0  (        0 /        0 )  0.00
 plc_laf_st_fence         0  (        0 /        0 )  0.00
     drc_buftims         0  (        0 /        0 )  0.00
   plc_laf_lo_st         0  (        0 /        0 )  0.00
       plc_lo_st         0  (        0 /        0 )  0.00
            fopt         0  (        0 /        0 )  0.00
       crit_swap         0  (        0 /        0 )  0.00
       mux2_swap         0  (        0 /        0 )  0.00
       crit_dnsz         0  (        0 /        0 )  0.00
       load_swap         0  (        0 /        0 )  0.00
            fopt         0  (        0 /        0 )  0.00
        setup_dn         0  (        0 /        0 )  0.00
       load_isol         0  (        0 /        0 )  0.00
       load_isol         0  (        0 /        0 )  0.00
        move_for         0  (        0 /        0 )  0.00
        move_for         0  (        0 /        0 )  0.00
          rem_bi         0  (        0 /        0 )  0.00
         offload         0  (        0 /        0 )  0.00
          rem_bi         0  (        0 /        0 )  0.00
         offload         0  (        0 /        0 )  0.00
           phase         0  (        0 /        0 )  0.00
        in_phase         0  (        0 /        0 )  0.00
       merge_bit         0  (        0 /        0 )  0.00
     merge_idrvr         0  (        0 /        0 )  0.00
     merge_iload         0  (        0 /        0 )  0.00
    merge_idload         0  (        0 /        0 )  0.00
      merge_drvr         0  (        0 /        0 )  0.00
      merge_load         0  (        0 /        0 )  0.00
          decomp         0  (        0 /        0 )  0.00
        p_decomp         0  (        0 /        0 )  0.00
        levelize         0  (        0 /        0 )  0.00
        mb_split         0  (        0 /        0 )  0.00
             dup         0  (        0 /        0 )  0.00
      mux_retime         0  (        0 /        0 )  0.00
         buf2inv         0  (        0 /        0 )  0.00
             exp         0  (        0 /        0 )  0.00
       gate_deco         0  (        0 /        0 )  0.00
       gcomp_tim         0  (        0 /        0 )  0.00
  inv_pair_2_buf         0  (        0 /        0 )  0.00

 init_drc                      0        0         0         0

           Trick     Calls     Accepts   Attempts    Time(secs) 
-----------------------------------------------------------
          plc_st         0  (        0 /        0 )  0.00
        plc_star         0  (        0 /        0 )  0.00
        drc_bufs         0  (        0 /        0 )  0.00
        drc_fopt         0  (        0 /        0 )  0.00
        drc_bufb         0  (        0 /        0 )  0.00
      simple_buf         0  (        0 /        0 )  0.00
             dup         0  (        0 /        0 )  0.00
       crit_dnsz         0  (        0 /        0 )  0.00
       crit_upsz         0  (        0 /        0 )  0.00
       crit_slew         0  (        0 /        0 )  0.00


           Trick     Calls     Accepts   Attempts    Time(secs) 
-----------------------------------------------------------
          plc_st         0  (        0 /        0 )  0.00
        plc_star         0  (        0 /        0 )  0.00
        drc_bufs         0  (        0 /        0 )  0.00
        drc_fopt         0  (        0 /        0 )  0.00
        drc_bufb         0  (        0 /        0 )  0.00
      simple_buf         0  (        0 /        0 )  0.00
             dup         0  (        0 /        0 )  0.00
       crit_dnsz         0  (        0 /        0 )  0.00
       crit_upsz         0  (        0 /        0 )  0.00


           Trick     Calls     Accepts   Attempts    Time(secs) 
-----------------------------------------------------------
          plc_st         0  (        0 /        0 )  0.00
        plc_star         0  (        0 /        0 )  0.00
        drc_bufs         0  (        0 /        0 )  0.00
        drc_fopt         0  (        0 /        0 )  0.00
        drc_bufb         0  (        0 /        0 )  0.00
             dup         0  (        0 /        0 )  0.00
       crit_dnsz         0  (        0 /        0 )  0.00
       crit_upsz         0  (        0 /        0 )  0.00

==================================
Stage : incr_opt 
==================================
  =================
   Message Summary
  =================
------------------------------------------------------------------------
|   Id    |Sev  |Count |                 Message Text                  |
------------------------------------------------------------------------
| PA-7    |Info |    2 |Resetting power analysis results.              |
|         |     |      |All computed switching activities are removed. |
| SYNTH-7 |Info |    1 |Incrementally optimizing.                      |
| SYNTH-8 |Info |    1 |Done incrementally optimizing.                 |
------------------------------------------------------------------------
Info    : Done incrementally optimizing. [SYNTH-8]
        : Done incrementally optimizing 'dma'.
      flow.cputime  flow.realtime  timing.setup.tns  timing.setup.wns  snapshot
UM:*                                                                   syn_opt
@genus:root: 18> report_timing
============================================================
  Generated by:           Genus(TM) Synthesis Solution 20.11-s111_1
  Generated on:           Jun 06 2026  12:54:52 pm
  Module:                 dma
  Operating conditions:   fast (balanced_tree)
  Wireload mode:          enclosed
  Area mode:              timing library
============================================================


Path 1: MET (880 ps) Setup Check with Pin u_fifo_rgray_s1_reg[3]/CK->D
          Group: axi_clk
     Startpoint: (R) u_fifo_rgray_reg[3]/CK
          Clock: (R) dma_clk
       Endpoint: (R) u_fifo_rgray_s1_reg[3]/D
          Clock: (R) axi_clk

                     Capture       Launch     
        Clock Edge:+   50000        49000     
       Src Latency:+       0            0     
       Net Latency:+       0 (I)        0 (I) 
           Arrival:=   50000        49000     
                                              
             Setup:-      28                  
     Required Time:=   49972                  
      Launch Clock:-   49000                  
         Data Path:-      92                  
             Slack:=     880                  

#-------------------------------------------------------------------------------------------------
#      Timing Point        Flags   Arc   Edge   Cell     Fanout Load Trans Delay Arrival Instance 
#                                                               (fF)  (ps)  (ps)   (ps)  Location 
#-------------------------------------------------------------------------------------------------
  u_fifo_rgray_reg[3]/CK   -       -     R     (arrival)     77    -     0     0   49000    (-,-) 
  u_fifo_rgray_reg[3]/Q    -       CK->Q R     SDFFRX4        2  4.2    21    92   49092    (-,-) 
  u_fifo_rgray_s1_reg[3]/D <<<     -     R     DFFRHQX2       2    -     -     0   49092    (-,-) 
#-------------------------------------------------------------------------------------------------

@genus:root: 19> report_area
============================================================
  Generated by:           Genus(TM) Synthesis Solution 20.11-s111_1
  Generated on:           Jun 06 2026  12:55:47 pm
  Module:                 dma
  Operating conditions:   fast (balanced_tree)
  Wireload mode:          enclosed
  Area mode:              timing library
============================================================

Instance Module  Cell Count  Cell Area  Net Area   Total Area   Wireload  
--------------------------------------------------------------------------
dma                     398      0.000     0.000        0.000 <none> (D)  
  (D) = wireload is default in technology library
@genus:root: 20> report_power
Warning: Library 'fast' found in multiple domains.
Info: Use -domain to uniquify.
Info: Selecting library 'fast' in domain '-1'
Info    : Joules engine is used. [RPT-16]
        : Joules engine is being used for the command report_power.
Info   : ACTP-0001 [ACTPInfo] Activity propagation started for stim#0 netlist
       : dma
Info   : ACTP-0009 [ACTPInfo] Activity Propagation Progress Report :   0%   1%   2%   3%   4%   5%   6%   7%   8%   9%  10%  11%  12%  13%  14%  15%  16%  17%  18%  19%  20%  21%  22%  23%  24%  25%  26%  27%  28%  29%  30%  31%  32%  33%  34%  35%  36%  37%  38%  39%  40%  41%  42%  43%  44%  45%  46%  47%  48%  49%  50%  51%  52%  53%  54%  55%  56%  57%  58%  59%  60%  61%  62%  63%  64%  65%  66%  67%  68%  69%  70%  71%  72%  73%  74%  75%  76%  77%  78%  79%  80%  81%  82%  83%  84%  85%  86%  87%  88%  89%  90%  91%  92%  93%  94%  95%  96%  97%  98%  99% 100%
Info   : ACTP-0001 Activity propagation ended for stim#0
Info   : PWRA-0001 [PwrInfo] compute_power effective options 
       : -mode : vectorless
       : -skip_propagation : 1
       : -frequency_scaling_factor : 1.0
       : -use_clock_freq : stim
       : -stim :/stim#0
       : -fromGenus : 1
Info   : ACTP-0001 Timing initialization started
Info   : ACTP-0001 Timing initialization ended
Info   : PWRA-0002 [PwrInfo] Skipping activity propagation due to -skip_ap
       : option....
Warning: PWRA-0302 [PwrWarn] Frequency scaling is not applicable for vectorless
       : flow. Ignoring frequency scaling.
Warning: PWRA-0304 [PwrWarn] -stim option is not applicable with vectorless mode
       : of power analysis, ignored this option.
Info   : PWRA-0002 Started 'vectorless' power computation.
Info   : PWRA-0009 [PwrInfo] Power Computation Progress Report :   0%   1%   2%   3%   4%   5%   6%   7%   8%   9%  10%  11%  12%  13%  14%  15%  16%  17%  18%  19%  20%  21%  22%  23%  24%  25%  26%  27%  28%  29%  30%  31%  32%  33%  34%  35%  36%  37%  38%  39%  40%  41%  42%  43%  44%  45%  46%  47%  48%  49%  50%  51%  52%  53%  54%  55%  56%  57%  58%  59%  60%  61%  62%  63%  64%  65%  66%  67%  68%  69%  70%  71%  72%  73%  74%  75%  76%  77%  78%  79%  80%  81%  82%  83%  84%  85%  86%  87%  88%  89%  90%  91%  92%  93%  94%  95%  96%  97%  98%  99% 100%
Info   : PWRA-0002 Finished power computation.
Info   : PWRA-0007 [PwrInfo] Completed successfully.
       : Info=6, Warn=2, Error=0, Fatal=0
Instance: /dma
Power Unit: W
PDB Frames: /stim#0/frame#0
  -------------------------------------------------------------------------
    Category         Leakage     Internal    Switching        Total    Row%
  -------------------------------------------------------------------------
      memory     0.00000e+00  0.00000e+00  0.00000e+00  0.00000e+00   0.00%
    register     3.45985e-07  4.29198e-04  2.02617e-05  4.49806e-04  83.90%
       latch     0.00000e+00  0.00000e+00  0.00000e+00  0.00000e+00   0.00%
       logic     1.34942e-07  4.48244e-05  1.41585e-05  5.91178e-05  11.03%
        bbox     0.00000e+00  0.00000e+00  0.00000e+00  0.00000e+00   0.00%
       clock     0.00000e+00  0.00000e+00  2.71864e-05  2.71864e-05   5.07%
         pad     0.00000e+00  0.00000e+00  0.00000e+00  0.00000e+00   0.00%
          pm     0.00000e+00  0.00000e+00  0.00000e+00  0.00000e+00   0.00%
  -------------------------------------------------------------------------
    Subtotal     4.80927e-07  4.74022e-04  6.16066e-05  5.36110e-04 100.00%
  Percentage           0.09%       88.42%       11.49%      100.00% 100.00%
  -------------------------------------------------------------------------
@genus:root: 21> write_hdl > /home/vlsi/vvr/project/dma_netlist.v
@genus:root: 22> write_sdc > /home/vlsi/vvr/project/dma.sdc
Finished SDC export (command execution time mm:ss (real) = 00:01).
@genus:root: 23> write_do_lec > /home/vlsi/vvr/project/dma.lec
Error   : Something is wrong with the command-line options. [WDO-101] [write_do_lec]
        : Error: '-revised_design' is a required option.
        : Check options and rerun command.
Fail to parse 'write_do_lec > /home/vlsi/vvr/project/dma.lec'
@genus:root: 24> ls -la /home/vlsi/vvr/project/
total 552
drwxrwxr-x. 7 vlsi vlsi   4096 Jun  6 12:59 .
drwxrwxr-x. 4 vlsi vlsi    213 Jun  6 12:27 ..
-rw-rw-r--. 1 vlsi vlsi  12078 Jun  6 12:50 .rs_vlsi.tstamp
drwxrwxr-x. 2 vlsi vlsi    188 Jun  6 12:00 .simvision
-rw-rw-r--. 1 vlsi vlsi      0 Jun  6 12:59 dma.lec
-rw-rw-r--. 1 vlsi vlsi   4483 Jun  6 12:59 dma.sdc
-rw-rw-r--. 1 vlsi vlsi  20262 Jun  6 11:30 dma.v
-rw-rw-r--. 1 vlsi vlsi  48042 Jun  6 12:58 dma_netlist.v
drwxrwxr-x. 2 vlsi vlsi     42 Jun  6 11:50 dma_tb.shm
-rw-rw-r--. 1 vlsi vlsi  16394 Jun  6 11:17 dma_tb.v
drwxr-xr-x. 3 vlsi vlsi     17 Jun  6 12:44 fv
-rw-rw-r--. 1 vlsi vlsi   1142 Jun  6 13:01 genus.cmd
-rw-rw-r--. 1 vlsi vlsi 198356 Jun  6 13:01 genus.log
-rw-rw-r--. 1 vlsi vlsi   3146 Jun  6 12:00 simvision18348.diag
-rw-rw-r--. 1 vlsi vlsi 226458 Jun  6 11:57 waveform.ps
drwxrwxr-x. 2 vlsi vlsi     40 Jun  6 11:50 waves.shm
drwxrwxr-x. 4 vlsi vlsi    114 Jun  6 11:49 xcelium.d
-rw-rw-r--. 1 vlsi vlsi    183 Jun  6 11:49 xrun.history
-rw-rw-r--. 1 vlsi vlsi    579 Jun  6 12:01 xrun.key
-rw-rw-r--. 1 vlsi vlsi   3459 Jun  6 12:01 xrun.log
